Galaxy,T,V_flat,logM_star,logM_halo,n_pts_total,n_pts_used,n_excluded,is_clean,M_central_estimate,burk_rho0,burk_a_kpc,burk_chi2,burk_chi2_red,burk_bic,nfw_rho_s,nfw_r_s_kpc,nfw_chi2,nfw_chi2_red,nfw_bic,fw_best_n_shells,fw_naive_best_n_shells,large_shell_pref_used,fw_best_chi2,fw_best_chi2_red,fw_best_bic,fw_n0_chi2,fw_n0_chi2_red,fw_n0_bic,fw_n0_M_sh1,fw_n0_r_sh1_kpc,fw_n0_sigma_sh1_kpc,fw_n0_M_BH_impl1,fw_n0_Hill_ratio1,fw_n0_central_ratio1,fw_n0_M_sh2,fw_n0_r_sh2_kpc,fw_n0_sigma_sh2_kpc,fw_n0_M_BH_impl2,fw_n0_Hill_ratio2,fw_n0_central_ratio2,fw_n0_M_sh3,fw_n0_r_sh3_kpc,fw_n0_sigma_sh3_kpc,fw_n0_M_BH_impl3,fw_n0_Hill_ratio3,fw_n0_central_ratio3,fw_n0_M_sh4,fw_n0_r_sh4_kpc,fw_n0_sigma_sh4_kpc,fw_n0_M_BH_impl4,fw_n0_Hill_ratio4,fw_n0_central_ratio4,fw_n0_M_sh5,fw_n0_r_sh5_kpc,fw_n0_sigma_sh5_kpc,fw_n0_M_BH_impl5,fw_n0_Hill_ratio5,fw_n0_central_ratio5,fw_n1_chi2,fw_n1_chi2_red,fw_n1_bic,fw_n1_M_sh1,fw_n1_r_sh1_kpc,fw_n1_sigma_sh1_kpc,fw_n1_M_BH_impl1,fw_n1_Hill_ratio1,fw_n1_central_ratio1,fw_n1_M_sh2,fw_n1_r_sh2_kpc,fw_n1_sigma_sh2_kpc,fw_n1_M_BH_impl2,fw_n1_Hill_ratio2,fw_n1_central_ratio2,fw_n1_M_sh3,fw_n1_r_sh3_kpc,fw_n1_sigma_sh3_kpc,fw_n1_M_BH_impl3,fw_n1_Hill_ratio3,fw_n1_central_ratio3,fw_n1_M_sh4,fw_n1_r_sh4_kpc,fw_n1_sigma_sh4_kpc,fw_n1_M_BH_impl4,fw_n1_Hill_ratio4,fw_n1_central_ratio4,fw_n1_M_sh5,fw_n1_r_sh5_kpc,fw_n1_sigma_sh5_kpc,fw_n1_M_BH_impl5,fw_n1_Hill_ratio5,fw_n1_central_ratio5,fw_n2_chi2,fw_n2_chi2_red,fw_n2_bic,fw_n2_M_sh1,fw_n2_r_sh1_kpc,fw_n2_sigma_sh1_kpc,fw_n2_M_BH_impl1,fw_n2_Hill_ratio1,fw_n2_central_ratio1,fw_n2_M_sh2,fw_n2_r_sh2_kpc,fw_n2_sigma_sh2_kpc,fw_n2_M_BH_impl2,fw_n2_Hill_ratio2,fw_n2_central_ratio2,fw_n2_M_sh3,fw_n2_r_sh3_kpc,fw_n2_sigma_sh3_kpc,fw_n2_M_BH_impl3,fw_n2_Hill_ratio3,fw_n2_central_ratio3,fw_n2_M_sh4,fw_n2_r_sh4_kpc,fw_n2_sigma_sh4_kpc,fw_n2_M_BH_impl4,fw_n2_Hill_ratio4,fw_n2_central_ratio4,fw_n2_M_sh5,fw_n2_r_sh5_kpc,fw_n2_sigma_sh5_kpc,fw_n2_M_BH_impl5,fw_n2_Hill_ratio5,fw_n2_central_ratio5,fw_n3_chi2,fw_n3_chi2_red,fw_n3_bic,fw_n3_M_sh1,fw_n3_r_sh1_kpc,fw_n3_sigma_sh1_kpc,fw_n3_M_BH_impl1,fw_n3_Hill_ratio1,fw_n3_central_ratio1,fw_n3_M_sh2,fw_n3_r_sh2_kpc,fw_n3_sigma_sh2_kpc,fw_n3_M_BH_impl2,fw_n3_Hill_ratio2,fw_n3_central_ratio2,fw_n3_M_sh3,fw_n3_r_sh3_kpc,fw_n3_sigma_sh3_kpc,fw_n3_M_BH_impl3,fw_n3_Hill_ratio3,fw_n3_central_ratio3,fw_n3_M_sh4,fw_n3_r_sh4_kpc,fw_n3_sigma_sh4_kpc,fw_n3_M_BH_impl4,fw_n3_Hill_ratio4,fw_n3_central_ratio4,fw_n3_M_sh5,fw_n3_r_sh5_kpc,fw_n3_sigma_sh5_kpc,fw_n3_M_BH_impl5,fw_n3_Hill_ratio5,fw_n3_central_ratio5,fw_n4_chi2,fw_n4_chi2_red,fw_n4_bic,fw_n4_M_sh1,fw_n4_r_sh1_kpc,fw_n4_sigma_sh1_kpc,fw_n4_M_BH_impl1,fw_n4_Hill_ratio1,fw_n4_central_ratio1,fw_n4_M_sh2,fw_n4_r_sh2_kpc,fw_n4_sigma_sh2_kpc,fw_n4_M_BH_impl2,fw_n4_Hill_ratio2,fw_n4_central_ratio2,fw_n4_M_sh3,fw_n4_r_sh3_kpc,fw_n4_sigma_sh3_kpc,fw_n4_M_BH_impl3,fw_n4_Hill_ratio3,fw_n4_central_ratio3,fw_n4_M_sh4,fw_n4_r_sh4_kpc,fw_n4_sigma_sh4_kpc,fw_n4_M_BH_impl4,fw_n4_Hill_ratio4,fw_n4_central_ratio4,fw_n4_M_sh5,fw_n4_r_sh5_kpc,fw_n4_sigma_sh5_kpc,fw_n4_M_BH_impl5,fw_n4_Hill_ratio5,fw_n4_central_ratio5,fw_n5_chi2,fw_n5_chi2_red,fw_n5_bic,fw_n5_M_sh1,fw_n5_r_sh1_kpc,fw_n5_sigma_sh1_kpc,fw_n5_M_BH_impl1,fw_n5_Hill_ratio1,fw_n5_central_ratio1,fw_n5_M_sh2,fw_n5_r_sh2_kpc,fw_n5_sigma_sh2_kpc,fw_n5_M_BH_impl2,fw_n5_Hill_ratio2,fw_n5_central_ratio2,fw_n5_M_sh3,fw_n5_r_sh3_kpc,fw_n5_sigma_sh3_kpc,fw_n5_M_BH_impl3,fw_n5_Hill_ratio3,fw_n5_central_ratio3,fw_n5_M_sh4,fw_n5_r_sh4_kpc,fw_n5_sigma_sh4_kpc,fw_n5_M_BH_impl4,fw_n5_Hill_ratio4,fw_n5_central_ratio4,fw_n5_M_sh5,fw_n5_r_sh5_kpc,fw_n5_sigma_sh5_kpc,fw_n5_M_BH_impl5,fw_n5_Hill_ratio5,fw_n5_central_ratio5,ratio_fw_over_burk,ratio_fw_over_nfw
ESO079-G014,4,175.0,10.412737668240323,12.152458642707415,15,15,0,True,38244540.104020566,32069384.1192912,8.029104411232685,13.316413213502155,1.0243394779617043,18.732513615706576,1030414.7672734717,68.21747054741157,49.49539665231032,3.807338204023871,54.91149705451474,0,0,False,13.316413213502155,1.0243394779617043,18.732513615706576,13.316413213502155,1.0243394779617043,18.732513615706576,,,,,,,,,,,,,,,,,,,,,,,,,,,,,,,12.832582099425203,1.2832582099425203,26.372833104936255,346947006.69395584,79.99999999999999,63.99999995146544,0.2316032665883343,2.657584869570292e-12,6.055851788474934e-09,,,,,,,,,,,,,,,,,,,,,,,,,2.7475413430227866,0.39250590614611236,24.411942951840466,5158400059.759443,4.2966137212059,0.7999291535297032,29109.87500123698,0.0013003209729308268,0.0007611511322155165,8611117589.135748,6.749514555820206,0.6500577482987835,270463.65395788866,0.034189252522276004,0.007071954669143881,,,,,,,,,,,,,,,,,,,2.1636124775378645,0.5409031193844661,31.952164689662176,4012164725.9547505,5.771668689653753,2.5017455170056793,9756.579460153207,1.8787642488296308e-05,0.0002551103878780208,9119011097.717838,6.036833914176243,1.5441638643029552,347034.5284976152,0.0029616685739476587,0.009074093388330018,5965040312.572298,6.435487281131294,1.6039984327476227,54766.90721274191,0.00044224192877982725,0.0014320189774483492,,,,,,,,,,,,,0.8923715483041118,0.8923715483041118,38.80507436373505,6891615455.284015,6.784192104346299,0.7955042108112755,102635.24133656637,0.007111588819831721,0.002683657354942975,3148718154.3605294,5.783507783261893,0.36268650878662395,3400.0239669613243,0.0021527913441463965,8.890220558839684e-05,2716021400.4711604,3.679072096831144,0.3217368603117095,1787.3490176804873,0.0010639999824751908,4.673474992297233e-05,1873340829.0558107,9.40185351941162,5.079073806211572,355.2082743303566,1.2650898391947378e-07,9.28781659719878e-06,,,,,,,5.224957658869374,5.224957658869374,51.26181107760694,2355981.0026599774,1.9865601171890135,0.6350132821612781,8.581184928937263e-11,4.215725383656253e-18,2.2437673209293322e-18,2470537050.1083436,3.958294017821172,1.0064565394513292,1183.7022282067285,2.462199130732647e-05,3.095088148497015e-05,6864111957.564797,6.101731533348277,1.5134326235703786,100865.34061040815,0.0009234751532686419,0.0026373788346275447,2635201775.397665,7.882062974795131,1.985913474336999,1567.2574889084083,7.929966198852935e-06,4.097990156622764e-05,297667430.6416229,10.033787365226557,2.5772884803522556,0.11894090449395528,3.460287848511668e-10,3.1100100607943063e-09,1.0,0.2690434689723934
ESO116-G012,7,109.1,9.331629717629932,11.53681874841356,15,15,0,True,4782235.193617191,66532905.7684749,3.638672747809424,10.1336856149725,0.7795142780748077,15.54978601717692,2793553.801857206,24.04646081360211,30.398477754910918,2.338344442685455,35.814578157115335,0,0,False,10.1336856149725,0.7795142780748077,15.54978601717692,10.1336856149725,0.7795142780748077,15.54978601717692,,,,,,,,,,,,,,,,,,,,,,,,,,,,,,,4.972848532070405,0.49728485320704047,18.513099537581454,3050361885.6167297,4.42522520923257,1.6189992482677258,2961.6139094899977,1.782515817266527e-05,0.0006192949090924759,,,,,,,,,,,,,,,,,,,,,,,,,3.155007696148019,0.4507153851640027,24.8194093049657,1741635470.2800987,2.158709910007733,0.8149408930603919,258.68073445424494,5.520694505405988e-06,5.4092014294801714e-05,2849095188.8783636,3.985996302080157,0.2866000248547365,2200.7731209998024,0.002076635551570337,0.0004601975921086348,,,,,,,,,,,,,,,,,,,2.266410140273889,0.5666025350684722,32.0549623523982,2960470164.9432707,2.2255186438124475,0.7945880512387505,2600.273295530073,6.191517940622189e-05,0.000543735970786346,2633037785.662591,3.7278627724120934,0.0893375636356395,1561.6666942679067,0.04492314794175459,0.00032655581146495054,2623630869.0184917,5.249047488198628,0.08785894363051354,1537.5416337438892,0.07437692746663203,0.00032151108665588697,,,,,,,,,,,,,3.421630871028641,3.421630871028641,41.33433368645958,1189792409.7696588,2.3024217488206262,0.9230474849106935,49.305991221397775,7.775249616171383e-07,1.0310239715354457e-05,1904299651.1219234,4.088571990257321,0.05587964208044668,381.4595587968337,0.050087937598603374,7.976595532272535e-05,556309046.2644396,11.939969312572268,0.1245010273965261,1.8060307122360963,0.00013821873502234928,3.7765409669658034e-07,569010788.4323198,11.893321838066393,0.24137699002168356,1.9923891957388487,2.0760576858179762e-05,4.1662300474014197e-07,,,,,,,13.621934460828218,13.621934460828218,59.65878787956579,2646271304.091267,2.347647743377149,0.7880790666484839,1596.0977967057647,4.132133847759462e-05,0.00033375560424883806,2871607788.369961,5.033308516763787,0.9999842053152429,2277.4260455996664,7.01217292884076e-05,0.0004762262735716821,2711584436.7383175,5.608988980806372,2.1588358293158905,1774.6823365140986,6.4626028599149795e-06,0.0003710989243863941,15994999.999972528,8.213340194241011,3.7246357929934275,3.5639488568461657e-07,4.896832095835621e-16,7.452475071913941e-14,3257976313.944097,10.161238843437275,2.737258951523959,3943.877920559537,2.0685904973267195e-05,0.000824693424912141,1.0,0.3333616142451537
ESO563-G021,4,314.6,11.191977493867602,12.91662065151034,30,27,3,False,505056993.431859,83788777.79692943,8.723264440653686,168.07098530143324,6.722839412057329,174.6626590334419,6681813.205197668,33.054111454744955,360.9576612535834,14.438306450143337,367.54933498559205,4,4,False,45.80114937318012,3.5231653363984705,91.94286549724072,168.07098530143324,6.722839412057329,174.6626590334419,,,,,,,,,,,,,,,,,,,,,,,,,,,,,,,104.51387072350201,4.750630487431909,120.99305505352365,11981898037.83864,5.312325484299709,0.5966192453915563,1138115.7805396845,0.046569811274891564,0.0022534402955321836,,,,,,,,,,,,,,,,,,,,,,,,,90.66943429798151,4.772075489367448,117.03612922601614,3059540491.7069273,8.450385856205092,1.503918533619416,3000.57504431482,1.1347726555445713e-05,5.941062262945676e-06,16519367758.219385,5.630658892223245,0.3606669678229034,4601202.89316107,0.8823124554335543,0.009110264688933273,,,,,,,,,,,,,,,,,,,74.65679965425139,4.666049978390712,110.91100518029901,7858722232.372882,6.456585012391349,0.7028278626185552,181710.8809896385,0.005194446074054937,0.0003597829222300522,9459771614.637014,4.847935087635487,0.257160933694381,407081.00101670757,0.19749755770984567,0.0008060100272062263,3665739118.942451,6.5020837995494345,0.6969919386690566,6587.228982112276,0.0001941269302606482,1.3042545827060224e-05,,,,,,,,,,,,,45.80114937318012,3.5231653363984705,91.94286549724072,7528825303.215696,6.6095815185496685,0.7552360550251492,150786.8285859899,0.003537885050967497,0.00029855408507739763,7512774377.7356825,4.692764413575191,0.1166770328743024,149393.4328207216,0.7582197088396359,0.0002957951969055892,7507166216.356753,6.12432464477657,0.5503243182323642,148908.92825566872,0.008519330172304081,0.00029483589019099315,7507386720.644762,4.999885785414467,0.2807769366028126,148927.9553455312,0.056536412686849495,0.000294873563344934,,,,,,,46.47600460206105,4.647600460206105,102.50523132413466,5497895993.361734,7.266537074108779,1.6273173810406987,38410.9334298211,9.879168585879369e-05,7.605267114275373e-05,10628442065.059172,5.77193784700207,1.038085447613171,675682.7033144466,0.005518727287020109,0.0013378345654085236,14655199769.52033,5.374862948086235,0.5747051578639312,2733153.864538892,0.12597488171820534,0.00541157512930794,8772414530.803705,7.925966789829953,1.2203107827538038,293202.9147585577,0.0019487363782303172,0.0005805343131004795,3202386710.3089128,5.40097666669191,1.0803594006560842,3659.4087350919517,2.5462052755083133e-05,7.2455362121139894e-06,0.27251074473703074,0.12688787159722717
F568-V1,7,112.3,9.281601443825656,11.574483765432907,15,15,0,True,5430914.381310255,114107756.41358398,2.992960829210267,0.6970514203787336,0.05361934002913335,6.113151822583154,17230663.69470997,8.012874819928658,2.8239208057212775,0.2172246773631752,8.240021207925697,0,0,False,0.6970514203787336,0.05361934002913335,6.113151822583154,0.6970514203787336,0.05361934002913335,6.113151822583154,,,,,,,,,,,,,,,,,,,,,,,,,,,,,,,0.5253064479183132,0.05253064479183132,14.065557453429363,1063493651.36897,5.062270454191733,0.05152606513231081,30.26194393375089,0.006422055875491786,5.572163692709502e-06,,,,,,,,,,,,,,,,,,,,,,,,,0.28297624434505253,0.040425177763578936,21.947377853162735,5809347333.14975,2.5527449569968748,0.8885347868567824,48815.07295037238,0.0008835781021441741,0.008988370930383793,4364776372.285426,5.053578805909927,0.09916156652066979,14074.5555659029,0.41795707780243857,0.0025915627788827876,,,,,,,,,,,,,,,,,,,0.09524080478606671,0.023810201196516678,29.883793016910378,2106577643.9709725,4.915503082540088,0.48654302363918395,591.7823369486516,0.00014270122636105565,0.00010896550661619508,5563319750.7315645,12.356327292459321,0.4402767208979574,40439.24085199973,0.06821963295277879,0.007446120121349329,5526765117.577238,13.936785533936142,0.29622595096932985,39296.04877554294,0.2823275421940882,0.007235622957116557,,,,,,,,,,,,,0.11547614928230085,0.11547614928230085,38.02817896471324,4030654780.8781533,2.175450555172262,0.7083607854406262,9953.684561689528,0.0003076458492022216,0.0018327824492950513,3266468615.7298985,5.057180756864416,0.5642514852689049,3988.7923735317145,0.0006436048001851527,0.0007344605518471429,2674599769.030438,3.9642494578101117,0.7182082108377102,1671.7671687935797,9.293536917202428e-05,0.00030782425415262234,355134819.93530387,11.999999999986825,0.1200037308017938,0.25633662518654293,2.006588476947603e-05,4.7199533483475665e-08,,,,,,,0.27867473504911267,0.27867473504911267,46.31552815378669,2740154358.7876716,1.9847665644941928,0.5754694619708144,1857.4681382125366,9.92491219470813e-05,0.00034201756974935155,3279920754.9874263,4.411185859686473,1.1154509659406582,4060.743678113584,6.944822441007112e-05,0.0007477090215393699,2372269869.19772,4.205259929853707,1.0231905603450928,992.1190841442241,2.059296059484027e-05,0.0001826799346273006,1302893868.2504632,10.115603645660638,4.002901830193189,73.19043440340633,1.1089564903733582e-07,1.3476631974770426e-05,831779262.8599867,11.328452741086462,4.119884355570425,10.390469838563952,1.7924224200588004e-08,1.9132081835650594e-06,1.0,0.24683816166746034
F571-8,5,139.7,9.70603466071435,11.85893371499108,13,9,4,False,14192738.974418007,29068745.066364277,8.157272934566318,9.30872579407842,1.3298179705826314,13.70317494875086,746931.0931876488,86.0053730647367,23.35994305488855,3.337134722126936,27.75439220956099,0,0,False,9.30872579407842,1.3298179705826314,13.70317494875086,9.30872579407842,1.3298179705826314,13.70317494875086,,,,,,,,,,,,,,,,,,,,,,,,,,,,,,,5.439398531551889,1.3598496328879723,16.42552141823299,3886535212.1522665,4.967398602067693,0.5198712950078908,8495.664226875399,0.0016640207581582332,0.0005985922972435823,,,,,,,,,,,,,,,,,,,,,,,,,3.7797209544806174,3.7797209544806174,21.357517573170373,3001290995.9582767,4.599443095891118,0.27387022946465717,2759.880374176639,0.0032887502959964357,0.00019445720654422252,3001007586.5632033,6.412978975771625,0.47428108387514284,2758.7468860879503,0.0010115402268040222,0.00019437734260177055,,,,,,,,,,,,,,,,,,,3.284692397951761,3.284692397951761,27.454162748650177,2139915138.2434158,4.728529468588325,0.15335787191848907,633.6143391074395,0.0044968451386636875,4.464355613454955e-05,640581083.4118949,8.113776417827548,0.21856696224621713,3.3357798192098587,1.6952107007411825e-05,2.3503425415083752e-07,3727341506.6182256,6.560667840074801,0.9622199389736426,7082.497942350382,0.0003201662398907738,0.0004990226308759976,,,,,,,,,,,,,0.3679940254133139,0.3679940254133139,31.129138108120387,4125507205.6382775,7.291251608223435,0.19505811342889678,11013.528309872567,0.06852141228765753,0.0007759973835722708,4150464310.5096407,7.360452204786763,0.2459598689446387,11306.30180996253,0.03551064056455952,0.0007966257838139492,3417597223.336096,5.4912996568694865,0.4847352448539679,4856.079857344313,0.0013537135846919423,0.0003421524108980834,4522970912.110278,4.665741373379113,0.11309749522453921,16432.116568844198,0.28455226893125474,0.001157783328395076,,,,,,,5.663338429812618,5.663338429812618,43.016156244528354,683888589.5389936,7.081766651062722,3.659345687864512,4.433904207308754,4.022807356636722e-09,3.1240652105986983e-07,3981686741.3273644,6.313836777850213,1.4771994751978825,9438.257830323924,0.00011229068952983858,0.0006650060884890581,946679417.587419,7.3501991235954955,1.4023164921931015,18.242433295928866,3.0860370438879584e-07,1.2853356444313049e-06,3965948925.420611,8.797930021661436,2.6137646705368076,9277.05131157324,3.075665253280137e-05,0.0006536477087540926,5758379387.155287,10.393492600770971,2.9450495226616815,46979.262519944255,0.00013740929747233993,0.0033100913505577033,1.0,0.3984909454704504
F571-V1,7,83.6,8.965906915495191,11.189963328965584,7,7,0,True,1482209.6940727152,17634953.418500338,5.440086177585878,0.15692468117917271,0.03138493623583454,4.0487449792898,1150215.4932787295,26.16328361134044,1.5938606361636232,0.31877212723272463,5.485680934274249,0,0,False,0.15692468117917271,0.03138493623583454,4.0487449792898,0.15692468117917271,0.03138493623583454,4.0487449792898,,,,,,,,,,,,,,,,,,,,,,,,,,,,,,,0.016575007263161304,0.008287503631580652,9.746125752539728,1055307761.4144862,3.9546181646901095,0.26711611455912104,29.261677882521358,9.151394536681676e-05,1.974192855406181e-05,,,,,,,,,,,,,,,,,,,,,,,,,0.0007119910198252515,0.0007119910198252515,15.567993183462331,1193406125.12718,3.9769367688795203,0.29298581999669165,49.96074915714323,0.00011907688729706412,3.37069372551899e-05,567682957.3117644,9.49339316071958,0.1947500803537427,1.9722432333827318,4.6496944165841616e-05,1.3306101297742398e-06,,,,,,,,,,,,,,,,,,,0.15856195608704507,0.15856195608704507,21.56357359569549,1805189484.046238,5.590993693656999,1.444930015816279,302.32506706404916,8.68902738308402e-06,0.0002039691605533498,1751924225.1699352,8.979223179223084,3.8369744715590057,265.39432575789425,7.534010277461944e-07,0.00017905315747103348,2599864221.3534565,10.521210582088916,1.564560165470044,1477.8671754613536,7.95838635999709e-05,0.0009970702400417923,,,,,,,,,,,,,0.014025117311312443,0.014025117311312443,27.256767204085698,1299834078.5738955,3.8695700915964544,1.0513960188626734,72.44567236581221,3.6379867062509873e-06,4.8876803771773285e-05,3814035122.8247414,5.7845905110400535,2.0449201119866904,7827.505710526296,8.264373026284159e-05,0.005280970527873426,1882088682.091007,10.009089922226744,1.5591344353524337,362.4802606139117,1.8122851303355382e-05,0.0002445539670017358,2635304070.7766137,10.956815134888352,1.9746866740031168,1567.5221560275465,4.502935094267187e-05,0.0010575576197457024,,,,,,,35.95757711527669,35.95757711527669,69.03804964921702,2999999999.787531,2.9147822446315526,0.7157161149857346,2754.719973195776,0.00036274441343513045,0.001858522437285202,2999999999.862251,4.177172602760517,1.0110776576959792,2754.719973494227,0.00016790830692324597,0.0018585224374865572,2999999999.9030356,6.114513010800569,1.5041083066751537,2754.7199736571533,7.801709009566454e-05,0.0018585224375964784,2999999999.9371467,8.058943559221822,1.9454696208534936,2754.719973793399,5.142111342000358e-05,0.001858522437688399,2999999999.9618807,10.020253690812554,2.376569060409277,2754.7199738921913,3.896124706227001e-05,0.0018585224377550512,1.0,0.0984557103793503
F574-1,7,97.8,9.514348489301938,11.394361061011338,14,14,0,True,2955922.1350647374,53940499.73553294,3.5408736135661827,1.1309324298443786,0.09424436915369822,6.409047089074895,3600211.893340865,15.908198076629645,19.724679151936023,1.6437232626613352,25.00279381116654,0,0,False,1.1309324298443786,0.09424436915369822,6.409047089074895,1.1309324298443786,0.09424436915369822,6.409047089074895,,,,,,,,,,,,,,,,,,,,,,,,,,,,,,,0.0853811420482248,0.009486793560913868,13.280667790124518,1604620135.413009,2.8210861743080837,0.8246686049892602,181.12117775997245,7.325302754363718e-06,6.127400164280908e-05,,,,,,,,,,,,,,,,,,,,,,,,,0.015756587059757996,0.002626097843292999,21.128215223981826,1705328435.1027973,3.0082255193309795,0.8109957693556282,236.02877176037688,1.0727520760555545e-05,7.984945508559806e-05,2338533000.839062,8.412177439753819,1.7401056864037043,932.1895665886536,1.762797440747743e-05,0.000315363370208748,,,,,,,,,,,,,,,,,,,0.003981276849162479,0.0013270922830541595,29.033611902617007,1715438819.1161022,3.0334100208344505,0.8213476740192968,242.17664937297081,1.0689630041994803e-05,8.19293060869707e-05,412365020.5948192,6.962976363281858,0.12038939829981904,0.49099368996129894,2.0433848985314852e-05,1.6610508245019984e-07,1588518575.0392883,8.951432243749114,1.3511141613595032,173.347065560638,7.825290129877932e-06,5.864398913093884e-05,,,,,,,,,,,,,0.0022900216773605315,0.0022900216773605315,36.94909263629098,1696125509.0723913,3.036541648397771,0.8180798800994896,230.53784985205291,1.0309574197524327e-05,7.799185476413232e-05,627985429.903725,6.994907095388808,0.1349043330552463,3.059712489455444,9.117563965071745e-05,1.0351126821506864e-06,769329930.3751934,8.652469550584819,0.6195331573785208,7.399288060915917,3.2601548371777085e-06,2.5032080423031393e-06,603830497.6496739,10.483143347852057,1.1202305603316682,2.5797667563670137,2.688467762978224e-07,8.727451666484829e-07,,,,,,,9.850924400078572e-05,9.850924400078572e-05,44.86407311270339,1483955623.401592,2.05196715312031,0.6454725115275269,128.9083279823504,8.21618638015012e-06,4.361019069249846e-05,1506048899.431245,3.263077698769258,0.1275492767348696,137.46747886365887,0.0017529580298269324,4.650578485574628e-05,1076669713.8669481,4.237408199336662,0.14025054809213397,31.92705503598005,0.0004148842707285817,1.0801047381202691e-05,2508354103.0662503,8.10931818054565,1.5957790241547858,1264.5659346043385,2.9063115980431774e-05,0.00042780759330679843,617397436.9505727,6.1377440603232625,0.11385114115566933,2.841560955422273,0.00011447371308986546,9.613111663917494e-07,1.0,0.057335910061349464
F583-1,9,85.8,8.69284691927723,11.22380636019465,25,25,0,True,1661675.035288747,25830814.683669746,4.588203947974259,4.480803244329108,0.19481753236213512,10.918554894065508,1059542.650034284,29.88163738364087,35.957536153230514,1.563371137096979,42.39528780296691,0,0,False,4.480803244329108,0.19481753236213512,10.918554894065508,4.480803244329108,0.19481753236213512,10.918554894065508,,,,,,,,,,,,,,,,,,,,,,,,,,,,,,,2.541919032906362,0.12709595164531812,18.636298157247367,1289389683.9657748,3.4943771404079054,1.0602920030650216,69.94734455779941,3.0382237415814534e-06,4.2094478807431055e-05,,,,,,,,,,,,,,,,,,,,,,,,,1.631938206251726,0.09599636507363095,27.38294480519733,617904753.5662286,2.2067954316499687,0.5282763791748706,2.8517318279856867,7.371036231824476e-07,1.716179016609072e-06,2886764880.916893,4.487451534532764,1.3682136448043851,2330.180950534026,5.880125800212473e-05,0.0014023084544500686,,,,,,,,,,,,,,,,,,,1.3585012713178926,0.09703580509413519,36.7661353448681,1907089424.2992444,2.5675454239164317,0.7786502019430519,383.8964546857652,3.393311685122025e-05,0.0002310298021773289,2907594653.726931,4.7175396011489195,0.7964067461278922,2404.209440367848,0.00032354084733116946,0.0014468589762197828,2541064531.933991,6.9964266179761685,0.07011423926659834,1337.8834164076875,0.41774902411116366,0.0008051414313841487,,,,,,,,,,,,,1.391406693031884,0.12649151754835308,46.45566824118669,1850888313.7022932,2.597986897907078,0.7802051366731219,337.0574478604345,2.983714024680916e-05,0.00020284197613997643,2144983443.2061257,4.631486719478155,0.6762557828559564,640.1682893569902,0.00013808627684634264,0.00038525480359386216,1328312780.1720839,7.782545183445671,2.4855083808959813,79.60796596942843,6.43011750334325e-07,4.7908263817416666e-05,2331200104.196114,7.966315043189747,1.119658227615994,919.5409176307187,8.391230140855746e-05,0.0005533819177050652,,,,,,,1.2173977733003492,0.15217472166254364,55.93828679605976,1567351893.9722214,2.429064138603435,0.6934606957333872,163.52130021092685,1.9768321048374498e-05,9.840750853099986e-05,3113628246.357846,4.622321529851612,0.8713033369576747,3238.250187146891,0.00032592659620595443,0.001948786687154017,1692866290.93861,6.964986443290684,0.08835659990092241,228.61701971111293,0.03546393357576277,0.00013758226780568228,1701568173.684577,10.197175704936795,0.13337939809409732,233.77318259341774,0.018188732635837833,0.00014068525892777545,1260355775.6781538,11.99940762404888,4.243095093504179,63.34979709799435,2.0193532313842527e-07,3.812405900831636e-05,1.0,0.12461374509183498
IC2574,9,66.4,8.70586371228392,10.889848734752588,34,34,0,True,537949.586266365,4475181.534475452,10.817278803042761,41.820531571161084,1.3068916115987839,48.87325262039341,20816.710464507552,499.99999999996106,164.26362895576105,5.133238404867533,171.31635000499338,1,2,True,24.262528997713563,0.8366389309556401,41.894331620794375,41.820531571161084,1.3068916115987839,48.87325262039341,,,,,,,,,,,,,,,,,,,,,,,,,,,,,,,24.262528997713563,0.8366389309556401,41.894331620794375,1569712319.8214018,7.600208682265031,0.7926191589563922,164.59524727394532,7.730257992293957e-05,0.0003059677922913137,,,,,,,,,,,,,,,,,,,,,,,,,12.605196387640182,0.48481524567846856,40.81608058456948,646644891.3056678,6.2641713644695525,0.2500179903488612,3.4753332163482233,4.500858777239536e-05,6.460332538721234e-06,3279169998.931814,8.528254792479663,1.0580720071825052,4056.701980509993,0.0008891966536125564,0.007541044893566147,,,,,,,,,,,,,,,,,,,13.159563780491684,0.5721549469778993,51.949529551269464,1514293923.3365333,6.705406980531504,0.6904828805997143,140.7713518389322,9.038540033734389e-05,0.0002616813088675366,2028923496.0609334,9.111576383889236,0.14340570994864735,502.5805430010357,0.04730401824513243,0.0009342521229344039,2999642913.1172147,10.725377462704506,0.38233089725906505,2753.293930555631,0.01591490650775882,0.00511812630931617,,,,,,,,,,,,,12.620477993177197,0.6310238996588599,61.98952533780346,668740590.4205503,6.2757112178121535,0.27968585692672626,4.022267284955785,3.7244545872121774e-05,7.477033885038001e-06,1035953.7834038301,11.999589977293684,0.12278802356453601,2.406194094785974e-12,4.845306149745551e-16,4.472898866762117e-18,3249496134.033674,8.571944582852101,1.0524098293699387,3899.417236778838,0.000873158947677706,0.007248666671244629,5914360.798302915,7.4157352752931605,0.23123345675287865,4.703260064393344e-09,8.749199332946112e-14,8.742938343044902e-15,,,,,,,20.15476233649989,1.1855742550882287,80.10289125497464,1123162924.256805,6.996024234975297,1.2894009723333169,38.373021877225284,3.919520598919153e-06,7.133200369862341e-05,1164949105.873251,7.732787297371938,1.4604156357957516,44.98163558712122,3.4199425165625317e-06,8.361682346354408e-05,1708653741.4565587,9.499440462233673,2.0053299827611606,238.03738425509036,8.462214545289815e-06,0.00044249013352196624,2061900688.0159912,10.231615947083755,2.223077671697934,539.0942310900699,1.4958081668283564e-05,0.0010021277919956204,2048021535.136473,10.27454465819826,2.1475348728952888,523.4861037221328,1.61948681093239e-05,0.0009731136840449756,0.5801583118671954,0.14770481543572783
IC4202,4,242.6,10.9536364872814,12.578016886240198,32,29,3,False,160961323.12468985,67070145.92413735,6.556600890462001,85.50909575933547,3.167003546642054,92.24368741930842,5943654.825117352,24.41568680676633,128.52205899680047,4.760076259140758,135.25665065677342,1,3,True,51.50571313302413,2.146071380542672,68.3421922829565,85.50909575933547,3.167003546642054,92.24368741930842,,,,,,,,,,,,,,,,,,,,,,,,,,,,,,,51.50571313302413,2.146071380542672,68.3421922829565,10767586061.811138,4.589928155578926,0.7542115200622451,715014.4678585273,0.011343511860234459,0.004442150784910212,,,,,,,,,,,,,,,,,,,,,,,,,47.43467336083767,2.2587939695636985,74.37304000072946,10741446778.755342,5.264722778032846,1.0611513979565943,707494.547491596,0.004965385216663643,0.004395431981778195,4810836463.74669,4.654694289525078,1.1511858672977588,21491.146472652938,9.767587144427571e-05,0.0001335174565880318,,,,,,,,,,,,,,,,,,,29.58232301992627,1.643462389995904,66.62257714977748,8678657258.472797,3.681048397177233,0.4359143898152128,279813.4185941543,0.01708505037662039,0.001738389155619669,12069908148.690258,6.154866717907615,0.5646366899209704,1174930.691074238,0.07056778242094218,0.007299459697930473,2412396768.369365,6.738860151719307,1.2438512940191822,1067.2152202995032,6.873971480130102e-06,6.630258745281171e-06,,,,,,,,,,,,,38.71160256733981,2.5807735044893207,85.85374418715045,7858017884.614304,4.136471145876807,0.8167321545591083,181640.04724676177,0.001976289993684026,0.0011284701425202188,6000286639.438668,5.544622075506526,0.7199764605692157,56188.59715351262,0.0013707077789909044,0.0003490813573269755,3554539936.0130253,5.556768649104978,0.8651093012042809,5761.131406470816,8.130309924258547e-05,3.57920231682484e-05,2593674540.5433702,4.61770617139904,1.2420447002882953,1462.622782025778,5.237220335770437e-06,9.086796465339357e-06,,,,,,,36.01315964637864,3.00109663719822,93.25718875614871,2587616937.5291815,8.872453743723625,2.5143758489983914,1447.8212134661198,1.6407931906693793e-06,8.994839166080629e-06,10778686570.831573,4.061076004529024,0.6726252299125455,718226.489938815,0.013650266798816185,0.004462106026442363,7784143942.910807,6.383403818304779,0.37051008381707196,174328.03435731158,0.03922748544623649,0.0010830430004745123,3620828371.511453,4.387950332333456,0.3937018941362584,6243.304791715198,0.0006560178268612383,3.8787608541704e-05,144833506.69349524,11.026039678831378,3.496971053577523,0.005180603440847143,3.0752679076830665e-12,3.218539298930807e-11,0.6023419225246688,0.40075387474383956
NGC0024,5,106.3,9.28880794748348,11.502944290218425,29,29,0,True,4265288.311073059,384963086.2111849,1.547108646470732,21.14802776145075,0.7832602874611388,27.882619421423698,47513536.95640372,4.259937919065017,25.142473783160327,0.9312027327096417,31.877065443133276,0,1,True,21.14802776145075,0.7832602874611388,27.882619421423698,21.14802776145075,0.7832602874611388,27.882619421423698,,,,,,,,,,,,,,,,,,,,,,,,,,,,,,,6.341508207565871,0.26422950864857797,23.17798735749824,5612370019.672426,9.36047577955012,0.5422838629589133,42013.26058253439,0.026447905351615373,0.00985004002507036,,,,,,,,,,,,,,,,,,,,,,,,,0.6122913892665153,0.029156732822215013,27.55065802915831,1014011238.5830604,0.7396225093891103,0.2120767427942098,24.59722097285941,5.521022495572728e-06,5.766836654160725e-06,3779346644.414389,1.9406903795758614,0.5477749785412614,7522.509845801213,0.00021801381872311442,0.0017636579985160963,,,,,,,,,,,,,,,,,,,0.902142716570924,0.05011903980949578,37.942396846422135,317525262.4670984,0.6623369007140528,0.10840502128820105,0.15751993866930142,2.483993018718317e-07,3.693066615458701e-08,5128621845.286393,8.54878409391029,0.2247346192802077,28385.918326883824,0.2020614458466871,0.0066550995516977155,3075887005.353617,10.123018316125222,0.1578895960105531,3070.9386575505573,0.09475902184814286,0.0007199838401493596,,,,,,,,,,,,,0.4345420567462052,0.028969470449747015,47.57668367655684,534410692.95288914,0.7004049564154997,0.16430803394911847,1.5165504279423503,7.089451299638494e-07,3.5555636977815863e-07,829605834.1751751,2.0926122085365146,0.38803440168027914,10.27288246739639,9.282267475068404e-07,2.408484894380315e-06,3748005415.6577573,10.063454089119606,0.2239788712885728,7254.8913436108205,0.07730459708258869,0.0017009146426928497,4706329893.191082,8.51653459974322,0.4068773195346753,19532.970417872504,0.023221121248495014,0.004579519365001239,,,,,,,0.8567088102611113,0.07139240085509262,58.10073792003117,1283609638.1450915,0.799362307662851,0.24413706898847784,68.59357161808178,1.054115343925941e-05,1.6081813611522322e-05,3570787584.278881,2.0451941637885183,0.4909942883807688,5876.563993643995,0.00025390383551045616,0.0013777647758037655,1309867244.3487217,8.243335146352127,1.7598948477461465,74.90980670577491,1.0184574543940606e-06,1.7562659600595472e-05,2497769606.8330493,9.706636855684096,1.043560500096425,1241.5174807952856,0.00011978826566576594,0.0002910746918495986,1461274154.6422482,8.053672847126482,1.95166404619681,120.55435624473186,1.1375242905836361e-06,2.826405800793402e-05,1.0,0.8411275654034911
NGC0055,9,85.6,9.364363354615731,11.220765790679994,21,21,0,True,1644699.624229924,11695677.523069194,6.798098936105254,9.175799315767469,0.48293680609302464,15.264844191214316,54130.486749820775,345.1443897571137,53.03593713157345,2.791365112188076,59.12498200702029,0,0,False,9.175799315767469,0.48293680609302464,15.264844191214316,9.175799315767469,0.48293680609302464,15.264844191214316,,,,,,,,,,,,,,,,,,,,,,,,,,,,,,,1.7085556602127927,0.10678472876329954,16.931167848829908,4232713109.016849,5.669088980191433,1.8993974591177925,12313.795152025057,0.00014300307275377138,0.007486956870796747,,,,,,,,,,,,,,,,,,,,,,,,,0.619236291092373,0.04763356085325946,24.975415792879758,1208632861.7019055,6.747236550204287,0.06763258807321136,52.793521526819916,0.01678230543153651,3.2099187443749025e-05,962108552.0117694,4.101905975297687,0.667527872460105,19.5715276804154,3.7472244003839e-06,1.1899758102990457e-05,,,,,,,,,,,,,,,,,,,0.43899531294766947,0.043899531294766946,33.92874212790532,1028328542.3662173,3.9840198694367563,0.7164438266106622,26.144101608417756,3.948397236131168e-06,1.5895973479448483e-05,1152824521.374934,6.749414073301684,0.06843536721798073,42.98034968614095,0.013193013587411404,2.613264395087648e-05,1718601700.4121583,5.580823529293378,2.25961013668459,244.12501423658802,1.6533119782261637e-06,0.0001484313674303242,,,,,,,,,,,,,0.41316115520256397,0.05902302217179485,43.03647528333049,951503019.6316435,3.996492061954551,0.7204638617523669,18.65023220243575,2.7771890031906805e-06,1.1339597776808699e-05,770172941.4127973,6.670582393807069,0.08102044704904056,7.434622393259225,0.0013550727722749715,4.5203527037590466e-06,783980856.8690948,7.339224614725965,0.10705549843772379,8.032093280412186,0.0007172191297926492,4.8836232234034505e-06,2148336246.9485855,4.965072584200588,1.9250315411065608,644.532488564698,6.204659991647641e-06,0.0003918846207960186,,,,,,,0.3971933741606309,0.09929834354015772,52.15407481545882,2002516992.5143719,4.257932922600982,1.0062709160935102,474.740752176726,2.7408852008262586e-05,0.0002886489090061096,2026122978.0257542,7.976343803268559,1.2754692754298946,499.56987083486126,2.9486216530657884e-05,0.00030374535475969863,1164064379.42071,6.7379289690480535,0.0802829723238294,44.83322185825108,0.008505742012198772,2.7259215724112996e-05,1781628686.4501445,9.344181416738184,4.109142092047559,285.5320122226,6.323469561704899e-07,0.00017360739190068876,1566892542.177805,11.821826038309677,0.5778911203414311,163.31293304058693,0.0001963549738693412,9.929651021660127e-05,1.0,0.17301097731155043
NGC0100,6,88.1,9.208441356438568,11.258272221884678,21,21,0,True,1866792.406421395,27482929.52217859,4.737039354047202,1.625420802422791,0.08554846328541005,7.7144656778696366,64863.0128755336,462.4421818651055,14.376849257607802,0.7566762767162001,20.465894133054647,0,0,False,1.625420802422791,0.08554846328541005,7.7144656778696366,1.625420802422791,0.08554846328541005,7.7144656778696366,,,,,,,,,,,,,,,,,,,,,,,,,,,,,,,1.2279473003328563,0.07674670627080352,16.45055948894997,675473100.6069869,3.064124786491614,0.8802189646418501,4.2014099117851025,1.8379359702337706e-07,2.2506037079072567e-06,,,,,,,,,,,,,,,,,,,,,,,,,0.450627252353642,0.034663634796434,24.806806754141025,818213670.2903682,3.585115730925999,0.45990223597309554,9.673202527524312,3.463195082511587e-06,5.181723738670897e-06,3629778122.9523363,8.190544075102903,1.1026289287560107,6310.711735722455,0.0005395816368145034,0.0033805107166789733,,,,,,,,,,,,,,,,,,,0.4208205060089964,0.04208205060089964,33.91056732096665,876338824.0800034,3.6094021934551015,0.4910836838955845,13.038373816961192,3.863681206111647e-06,6.984372644816733e-06,1146908466.6408663,7.06323563580553,0.4327148382407919,42.02910100922499,4.658380622417254e-05,2.2514073265272147e-05,2976786846.326301,8.879904613021855,0.8320072359253502,2663.1931200102995,0.0006072181091404585,0.0014266145024210749,,,,,,,,,,,,,0.42469906566717563,0.06067129509531081,43.0480131937951,909625109.1011424,3.617720582742078,0.5064768591671212,15.333864247711896,4.1529578473811995e-06,8.214016831741145e-06,1615488388.771532,7.228009882078615,0.5939629005838956,186.51841142141066,8.300614806042068e-05,9.991384729219188e-05,479560010.480822,10.718451071135373,0.1338371036116721,0.9468188168815816,7.184164609283884e-05,5.071902015589484e-07,3310229783.32219,9.288354926277341,0.854087329268274,4226.519889932439,0.0009615699661417529,0.002264054575856453,,,,,,,0.4578856108368712,0.1144714027092178,52.21476705213506,1652526188.7939973,3.791736942010158,0.8277401446098088,205.84737158074208,1.3479012736061362e-05,0.00011026794991915974,1507466169.3057282,6.841339999302295,0.49618150769394676,138.03109995213072,9.632101720592154e-05,7.394025145877557e-05,1503638766.5901108,9.063377117266219,0.8209719104036501,136.5130866161154,3.353817165617455e-05,7.312708480414722e-05,1368226600.3269448,8.39767870876611,0.8776687383804175,90.5497860040251,1.6008196888680405e-05,4.850554656883745e-05,1099949520.220825,8.540094441096777,0.857840895399676,35.04059585390349,6.824041060503558e-06,1.877048338817471e-05,1.0,0.11305820721203337
NGC0247,7,104.9,9.564192460626195,11.485670961229207,26,26,0,True,4023594.2298951056,50929873.87860606,3.156103749381639,92.97273037068663,3.8738637654452766,99.4889234467296,1965438.4624311414,22.15703508263592,39.938907953081866,1.6641211647117444,46.45510102912483,1,1,False,1.3654872179088144,0.0650232008528007,17.655969908016225,92.97273037068663,3.8738637654452766,99.4889234467296,,,,,,,,,,,,,,,,,,,,,,,,,,,,,,,1.3654872179088144,0.0650232008528007,17.655969908016225,1917098007.43585,2.0444978744587994,0.7561128167943824,392.73786395538076,1.8107671336977828e-05,9.760871537128618e-05,,,,,,,,,,,,,,,,,,,,,,,,,47.85710857810196,2.658728254338998,73.92188088227381,4570470314.545436,8.996591819450801,3.5568401966325838,17196.09685112815,4.856662477084211e-05,0.004273814870138247,3938810405.4170856,8.869201722225089,3.554706885627569,9004.053835754534,2.4884956758003113e-05,0.002237813586880819,,,,,,,,,,,,,,,,,,,0.3962950310175097,0.026419668734500645,36.23535694925381,2258204608.6231375,2.1461381676697204,0.7736463286779824,800.7008856045558,3.5721878694716644e-05,0.00019900140020466972,5224226269.375603,8.84832780462919,1.7619077978168507,30760.657001309788,0.0006954645205107696,0.0076450693692618485,3889226669.388271,5.711483277433542,1.9663236290794466,8521.286355964574,6.951740218695563e-05,0.0021178294502591337,,,,,,,,,,,,,0.4050006179587498,0.03375005149656248,46.018352150259496,2180663790.359903,2.1390134272520656,0.799272656787146,687.7979834985782,2.775752664903927e-05,0.00017094118944407298,1360227226.146914,6.610808065874898,1.053570237493804,88.26933723395967,5.858233772103139e-06,2.1937932154818913e-05,1327313148.5566995,9.093249373108101,0.8636354741610436,79.34768767547625,1.593298938438435e-05,1.9720598833233944e-05,1948459584.5438266,11.998097088099174,2.6451881026011295,421.4611992445417,4.881208113293678e-06,0.00010474744101010631,,,,,,,0.4287340419477341,0.04763711577197046,55.81637518831293,2252136218.771139,2.144870302888754,0.7996140262494206,791.3830587622282,3.1962710973875025e-05,0.00019668560335490376,1817281836.7279131,6.52649486939074,1.711522458790079,311.23393515119756,4.724048176713671e-06,7.735221728839972e-05,1616288052.5490777,8.548755010110963,1.6246277938116231,186.92036381718805,5.093177200710658e-06,4.64560671720769e-05,667039442.0656271,9.917545160812054,1.6131212684999028,3.9779478761546763,1.4186252210489735e-07,9.886553287602215e-07,2092136189.5728517,11.312312121266253,2.3075030371392358,574.3363328426448,8.879656060922513e-06,0.00014274211066696397,0.014686964795640108,0.03418939795532009
NGC0289,4,163.0,10.556694395304326,12.059907309860408,28,28,0,True,27978697.190716844,20135544.19215617,9.854168204897986,67.52396364455613,2.5970755247906205,74.18837266490654,5045026.22038749,19.461023215557262,50.76743679384838,1.9525937228403225,57.43184581419879,0,0,False,67.52396364455613,2.5970755247906205,74.18837266490654,67.52396364455613,2.5970755247906205,74.18837266490654,,,,,,,,,,,,,,,,,,,,,,,,,,,,,,,58.649793409110316,2.5499910177874052,75.31081595998634,8278685782.837978,0.22374460607673363,0.17899385675539012,227893.57791819464,0.001598487785870623,0.008145253382055555,,,,,,,,,,,,,,,,,,,,,,,,,62.10162540272828,3.105081270136414,88.75926148412991,6070700986.071741,2.6108453286515982,2.0883816173675007,59113.81160906622,2.0807498033003668e-05,0.0021128150180159144,1007366350.1258671,11.742548643351371,9.392333154174922,23.903712822312208,1.722098600033912e-09,8.543540344059805e-07,,,,,,,,,,,,,,,,,,,60.23489845207083,3.543229320710049,96.88914806399808,1692834731.2290995,0.6205752931672499,0.24905564515346215,228.5984803572384,4.546253911220939e-06,8.170447637321939e-06,1358348758.3348,1.9008926231564363,1.520714098104984,87.74029938220941,5.5526521287184775e-08,3.1359680110952804e-06,1474259929.4495072,1.3624075733588894,1.0899241220923153,125.28444909447244,1.392352913043329e-07,4.477851425335166e-06,,,,,,,,,,,,,62.69207920981729,4.478005657844092,109.34294235227014,1681605889.8307028,0.5381437473606585,0.11638437063803654,222.07535046187698,3.261092806324497e-05,7.937301331370076e-06,1642414906.0405767,5.567992759467612,2.6520402875812272,200.42436618168827,1.385527025364899e-07,7.163463145388622e-06,1622969012.2061944,8.057681421724388,2.875115450140229,190.30468976531793,2.2518044478577095e-07,6.801770949808908e-06,1595134276.0754948,10.18222975257973,4.764525744084966,176.50947587240645,7.382825515671893e-08,6.308709611074071e-06,,,,,,,63.02464067100196,5.729512788272905,119.67211734398043,1648606911.748559,0.5945298392063951,0.12280692363881796,203.7320972127597,3.103885987020069e-05,7.281686342434727e-06,1626374596.151198,4.65584191682717,2.896924584239738,192.04788639766724,7.454930388959103e-08,6.864075374509844e-06,1604367366.6367803,7.63753917621292,3.2416047899297395,180.99709967360633,1.343515211757875e-07,6.469103920023125e-06,1592735349.787278,8.937319649537379,3.382723461406125,175.3576605642648,1.5684648417760868e-07,6.267542029170942e-06,1570836820.9169211,10.636326986357492,5.413496326390687,165.1087792191768,5.154567215428969e-08,5.901231858428306e-06,1.0,1.3300644647227529
NGC0300,7,93.3,9.164650215934296,11.332989427888034,25,25,0,True,2402598.829192271,45866159.05511878,3.7878764309626924,13.417073404253959,0.5833510175762591,19.85482505399036,2447105.803157016,20.195605011673123,14.887566099099676,0.6472854825695511,21.325317748836078,0,0,False,13.417073404253959,0.5833510175762591,19.85482505399036,13.417073404253959,0.5833510175762591,19.85482505399036,,,,,,,,,,,,,,,,,,,,,,,,,,,,,,,5.569972802157796,0.2784986401078898,21.6643519264988,3429671968.676787,9.017186639291705,0.24750871901519175,4931.155977411627,0.03813080511460252,0.0020524258638174027,,,,,,,,,,,,,,,,,,,,,,,,,5.005481541731504,0.2944400906900885,30.756488140677106,81502986.13645409,1.14326227140387,0.026346598930571733,0.0004248198642233162,2.7167595347570397e-07,1.7681681147165807e-10,3080475351.7819242,9.016883910178885,0.22436501252425167,3090.915703636274,0.03208422555328178,0.001286488474930044,,,,,,,,,,,,,,,,,,,4.7892752617514365,0.3420910901251026,40.19690933530164,3013998875.9898987,3.356491747889902,1.3147129464648233,2811.074944050724,3.3793302010720556e-05,0.0011700142819913795,2380363226.60584,7.410277656162287,0.9050883666165304,1006.9271728797767,0.00010974515978143743,0.00041909916905199493,3900156273.969323,9.075282665873326,0.2792656723185406,8625.946078359248,0.047031094873217286,0.0035902565062263026,,,,,,,,,,,,,5.070538335602122,0.4609580305092838,50.13479988375693,2488396365.348552,3.178190451988556,1.247023712889739,1221.3779597261635,1.617590940786929e-05,0.0005083570111189883,2259419836.6309385,8.228830340974243,2.868152656271281,802.5769403217589,3.327798235950446e-06,0.0003340453389763688,2343687648.9122667,9.05789059209399,0.3162594198113275,941.1608022762515,0.0035197992901344543,0.0003917261553784491,2257666023.1895013,8.122526984507473,1.0427676507042003,799.8705046470504,6.7291727195218e-05,0.00033291887722927037,,,,,,,4.599289281589167,0.5749111601986459,59.32017830434857,2687412908.325585,3.330110981846137,1.1015862069231666,1706.8864666920151,3.456909137339452e-05,0.0007104334048418116,1972837459.7622364,4.997456930699558,2.2336331844372417,444.8844020950328,1.8084306075121736e-06,0.0001851679925460541,2465999070.2819986,6.92540656353149,0.7572016895152429,1174.2732076449959,0.00019666713732064276,0.0004887512610833055,4562183156.798438,9.005649063080817,0.3778183449654334,17060.875669551806,0.03699538092994462,0.007101008900136482,1265735983.82451,10.46452679936228,1.2068173810815845,64.53459695529239,5.846801381194278e-06,2.686032981086079e-05,1.0,0.901226789855553
NGC0801,5,220.1,11.193917297086106,12.45120462430858,13,11,2,False,104889065.43541616,13721604.653364351,12.671138210535645,129.66085174574317,14.406761305082576,134.4566422913399,4752044.780835701,21.416934012070584,68.00864667908131,7.556516297675701,72.80443722467805,1,2,True,21.78248693997472,3.6304144899957866,33.77196330396657,129.66085174574317,14.406761305082576,134.4566422913399,,,,,,,,,,,,,,,,,,,,,,,,,,,,,,,21.78248693997472,3.6304144899957866,33.77196330396657,9011078318.961367,0.21646280143146335,0.16935443438064124,329517.83447761845,0.0015178851092166685,0.003141584235780173,,,,,,,,,,,,,,,,,,,,,,,,,12.78629929359214,4.2620997645307135,31.969461475979106,3171520777.443232,2.0933975819818733,0.08209624758253899,3508.438676734201,0.012215488696585048,3.34490412529652e-05,9122892909.693068,1.854707385433287,0.1844436046074289,347677.5986447146,0.0885720244525761,0.0033147172891800796,,,,,,,,,,,,,,,,,,,14.052807628108402,14.052807628108402,40.42965562889048,10831871147.621496,1.880141054682349,0.688172166988751,733770.3524909822,0.0036957544690633874,0.00699568014496983,2584706623.3765044,20.134844613543045,0.280881082358923,1440.751108404344,0.006619603496103459,1.3735951430432607e-05,7981316022.251787,29.999380104428866,21.62105253112772,194367.70470792058,4.254956321523736e-06,0.0018530788114190942,,,,,,,,,,,,,12.80802882731962,12.80802882731962,46.3785626464968,8040566385.423235,2.0379962833068332,0.16099629352252873,200722.8859369718,0.08973400611058051,0.0019136683609843378,1343069730.2589974,0.4217426853287648,0.06784489322823316,83.52735732597425,2.269083781579577e-05,7.963399900574474e-07,1161344322.8867662,0.20454053414650541,0.010059898420807765,44.379290574186264,0.0008708854909017264,4.231069310223965e-07,1624210357.8922684,0.21788564404823285,0.17428016469060634,190.938672789666,8.176886768833481e-07,1.8203868248519532e-06,,,,,,,2.893451305822191,2.893451305822191,43.65767094339449,9649883596.856945,1.7239711502077217,0.5309719025987878,443885.5675604774,0.004109615549927678,0.00423195273709244,5455307311.089394,4.647786781118245,0.6710654866385419,37133.30538129859,0.0007943897644285705,0.00035402456135108626,5491746599.53343,4.197296021030232,1.2247989097103027,38224.395904109224,0.0001107768611452029,0.00036442688992824817,4999544350.100899,4.2749699111363055,1.0479848409297285,25406.64679236758,0.00012172767637412112,0.00024222397908589752,4913637214.3185835,4.520235135163797,0.9764856399417711,23561.527051623834,0.00015518095200750347,0.00022463282472596235,0.16799586495613045,0.32028996316838587
NGC0891,3,216.1,10.83991777567868,12.427308797298258,18,14,4,False,96757135.57450627,17976546.83793766,12.00881272493963,32.86502009804569,2.738751674837141,38.14313475727621,110664.81640523423,499.9999999131606,48.029779531362706,4.002481627613559,53.307894190593224,2,2,False,7.701314054197019,1.2835523423661699,28.813772691119087,32.86502009804569,2.738751674837141,38.14313475727621,,,,,,,,,,,,,,,,,,,,,,,,,,,,,,,27.1581726225295,3.017574735836611,40.35345927060579,5024982024.160864,9.786616565247517,1.6774743347661594,25973.778304777534,0.00013653284913566995,0.0002684430264554168,,,,,,,,,,,,,,,,,,,,,,,,,7.701314054197019,1.2835523423661699,28.813772691119087,6281204963.347504,8.49475690360253,0.9627511449002514,68562.540046416,0.0013790166574001006,0.0007086044831662109,9011620944.84238,8.929498325545234,0.9567692618641547,329604.159306519,0.007521582931719707,0.003406510097156738,,,,,,,,,,,,,,,,,,,9.332842068728109,3.110947356242703,38.36247269449595,5388748665.313748,8.831821068037902,0.11496130815961257,35202.417397223035,0.45131195885996006,0.00036382244253309857,5257145862.209949,8.856979036009188,0.11244018540388734,31612.77476346889,0.43605921163672634,0.0003267229292781821,5775734486.183869,8.790902864047778,0.09982919073977008,47598.29629361357,0.9221062426096999,0.0004919357731188855,,,,,,,,,,,,,4.797083860423699,4.797083860423699,41.743886475037314,756135123.7577143,0.8285617418980952,0.4351193100371328,6.862896404615549,1.3908806943912878e-08,7.092909855036879e-08,9067934491.439163,9.98568833549939,1.6498446706779033,338658.0684705114,0.001955787743519955,0.0035000836523290135,8677270277.993393,9.393954455447453,0.4504070409789812,279618.94557865703,0.06893552611275139,0.0028899051622228006,5147153332.537386,7.6626476965926225,0.2130531274720329,28834.79784477745,0.04289309634330714,0.00029801210705099557,,,,,,,9.554594590948101,9.554594590948101,54.41856919440749,931398033.2116832,7.986977157274903,0.4596049823802546,16.995683185348245,2.765622369189343e-06,1.7565302118995652e-07,1406469807.0816512,9.533701384660851,0.20406457143425888,102.08626127533589,0.0002803014716956801,1.0550773404895395e-06,3141376344.5087867,8.593109373977022,0.8849795473762146,3365.6725860691936,8.926440453449449e-05,3.4784748081732036e-05,4542422939.212357,9.614716539762162,0.11491732026840117,16741.752697653745,0.26265471859080936,0.00017302861022339824,2695712323.8753624,8.09493979118336,0.7842206731311907,1729.9355233327071,5.826032167122172e-05,1.787915188953272e-05,0.23433163987795572,0.1603445639213934
NGC1003,6,109.8,9.532754378992498,11.545151516990751,36,36,0,True,4918722.5396309,10372132.666291377,9.336391396690544,188.5226658220105,5.544784288882662,195.68970369892273,1209813.3754235003,29.669309647096796,87.29792700572105,2.5675860884035604,94.46496488263327,2,2,False,24.89299769946057,0.8890356321235917,53.56114920710945,188.5226658220105,5.544784288882662,195.68970369892273,,,,,,,,,,,,,,,,,,,,,,,,,,,,,,,162.22003424197982,5.232904330386446,180.13762893426036,3665544616.988652,11.999992720616648,9.599994176493318,6585.708729236225,1.379179079042979e-06,0.0013389063270339324,,,,,,,,,,,,,,,,,,,,,,,,,24.89299769946057,0.8890356321235917,53.56114920710945,5325213007.78968,6.285974843019527,0.6963389470856096,33432.271204678174,0.0071056403885219385,0.006796941875722659,4144605154.467596,3.721030751745798,1.4913628967221235,11237.03563405486,0.00011949216541914484,0.0022845435056595173,,,,,,,,,,,,,,,,,,,24.422683948432766,0.9769073579373106,63.841392271449976,3565486739.780949,6.6321000738899984,0.4839783983239407,5838.709817664499,0.004000348886657139,0.001187037847860114,3754024461.3673754,5.162791686921131,0.7813694776149179,7305.709127763429,0.0008068893517891441,0.0014852858783759833,2151297786.8859644,2.6667329597876783,0.980581857590677,648.4064218145214,1.6862144797980052e-05,0.0001318241508013944,,,,,,,,,,,,,24.336588750630447,1.1062085795741112,74.50585388901598,2673438024.1056542,5.445055018052605,0.1272773584798283,1668.61070327918,0.04580398595762012,0.00033923659849380164,3182961574.93107,6.999728300776981,0.07061514447518429,3563.826654973446,0.8513008422349078,0.0007245431362023674,1869652012.0680144,4.34725974185161,0.6525678027963532,352.1757096510596,5.3841549513623856e-05,7.159901921962989e-05,1778024162.1885824,2.4387546824768775,0.8660392617418861,283.0276166769038,9.925391634779877e-06,5.754087863190228e-05,,,,,,,29.242503401099153,1.5390791263736396,90.16232535485302,5124427092.648413,5.867030980232847,0.8928500705592347,28285.062063469777,0.002547750368908595,0.005750489448342065,819712211.8693242,2.430134056626538,0.6438773367502615,9.750505068332442,8.296145590748651e-07,1.982324676736923e-06,893053390.3234876,4.041563409312074,1.4510512813576206,14.155225502918372,1.80551727996197e-07,2.8778255713485675e-06,914237996.6879517,5.820923428760729,4.390171200618957,15.67500946414048,1.1721712265589447e-08,3.186804975853899e-06,940390765.1611228,4.094558427932212,1.4848949006745384,17.721127363203486,2.1423362774879047e-07,3.6027906067930546e-06,0.13204246603940314,0.2851499291366817
NGC1090,4,164.4,10.556573850030665,12.071049936260628,24,22,2,False,29051596.709765334,28768147.072879247,7.163803192076718,37.75573203586798,1.8877866017933989,43.93781694258461,4250289.085934852,19.10514443192363,40.64444017196916,2.032222008598458,46.82652507868579,0,3,True,37.75573203586798,1.8877866017933989,43.93781694258461,37.75573203586798,1.8877866017933989,43.93781694258461,,,,,,,,,,,,,,,,,,,,,,,,,,,,,,,35.839915777232356,2.1082303398371973,51.29512804402394,2450168785.096744,2.7063027736303074,0.07280364282689161,1141.8330561938683,0.024840314559513323,3.930362477495274e-05,,,,,,,,,,,,,,,,,,,,,,,,,31.824125445984098,2.2731518175702927,56.55246507285062,2428782843.75681,2.0688503695546383,0.059396080010924106,1099.109056074536,0.03182968957973378,3.783299992268873e-05,1007112.428006104,0.8217326853372464,0.09050733737528519,2.1280856614103588e-12,3.662889200559531e-18,7.325193457249904e-20,,,,,,,,,,,,,,,,,,,9.130833795989782,0.8300757996354347,43.13230078293126,8214704800.039127,5.107607074964924,0.5673625773637961,220330.709149132,0.021618019392571613,0.0075841170229060265,6126116162.019873,3.7167353652062163,0.30999494745713324,61497.25624994424,0.02480328954729561,0.0021168287879086765,1786323470.0730186,4.291612371235755,0.408948396923264,288.81946151966827,6.0901690379742664e-05,9.941603706159985e-06,,,,,,,,,,,,,24.480684022406376,3.060085502800797,67.7552783694228,6039187163.746964,3.654676861795,0.6142306364379287,57790.49685566264,0.0029388240188316104,0.0019892365102341203,3651594645.421552,26.271104242124874,7.200714322563321,6477.376522564795,5.9319973207409824e-06,0.00022296111939305234,3504318196.7473354,24.942540260151123,4.66399595046163,5415.3355511379095,1.6268202082880348e-05,0.00018640405913791346,3710304911.2675514,7.268033875755576,0.7757281819115064,6942.753807431663,0.00041517822035719927,0.0002389801110345836,,,,,,,14.547497570792931,2.909499514158586,67.0952192778843,562123677.3016058,4.22155777810127,0.7601451701620698,1.8895947437226799,6.077063836993327e-08,6.50427156414269e-08,5381722652.162929,4.318981060559363,0.5464489477799558,35003.19679627646,0.003118434781270976,0.0012048630974045764,3471358932.1519084,4.291547479022803,0.6091091798309921,5197.241736805043,0.0003316558418570839,0.0001788969394256411,1074984778.1786947,3.450028746563997,0.3545479196948177,31.71027941414331,7.867492780347104e-06,1.0915158891588322e-06,1151431700.9441981,10.25832258893203,6.30825684244848,42.75491944053728,8.358293599596705e-09,1.471689142172545e-06,1.0,0.9289273483930675
NGC2403,6,131.2,9.70074697141346,11.77714600176746,73,73,0,True,10767401.382423267,81962139.25436457,3.705781476857178,1351.0329186893694,19.028632657596752,1359.6138375716662,6810494.727896956,14.055840390492559,347.4067486277227,4.893052797573559,355.9876675100195,3,3,False,48.450809301217156,0.7814646661486638,95.64586315384946,1351.0329186893694,19.028632657596752,1359.6138375716662,,,,,,,,,,,,,,,,,,,,,,,,,,,,,,,172.17745950280232,2.5320214632765046,193.62975670854428,762374380.3212235,0.803068398196099,0.3130971392764562,7.112660443874171,5.706561103205938e-07,6.605735396364898e-07,,,,,,,,,,,,,,,,,,,,,,,,,151.9180846712062,2.3372013026339418,186.24176020039334,678803986.9122488,0.7596345035051767,0.292311411832602,4.292280273316775,3.9494241464334215e-07,3.9863659957206617e-07,3731744773.2044744,11.999999999999998,0.12000000000000001,7118.96584716495,0.4459020342447865,0.0006611591408476671,,,,,,,,,,,,,,,,,,,48.450809301217156,0.7814646661486638,95.64586315384946,1471868698.1506023,1.0561385114192423,0.4183424686150991,124.40288490045472,5.708496523676245e-06,1.1553659093969536e-05,6833116874.338391,3.9552946625572587,0.8583242715577486,98899.02114205206,0.002270396590033483,0.009185040812493075,2096895812.3177006,5.982278043977403,0.5796471897805129,580.0418216813474,8.527718485362408e-05,5.387017731392545e-05,,,,,,,,,,,,,156.6459634487797,2.655016329640334,216.71239562485715,704477321.4798608,0.7856407815553468,0.3087071200686843,5.04453945784855,4.1094604008367033e-07,4.6850110613348814e-07,295299913.3014849,11.975759188572502,4.5674591419725035,0.11488026789294033,1.299500619881625e-10,1.0669265852805595e-08,385229175.0990461,9.984788545330378,3.5807711806484597,0.3651559593012771,5.955050795290975e-10,3.3913099951614936e-08,3231262134.2350454,11.9682783773947,0.22848945753707753,3805.1259128346096,0.03433729615551879,0.00035339315194900294,,,,,,,46.089463984307805,0.8230261425769251,119.02727448383044,1455552315.3286612,1.0519142386157654,0.41674868960815437,118.5143706225027,5.477932617556403e-06,1.1006775582450735e-05,6805094072.922747,3.975128328073217,0.8640290534712404,97146.79551285286,0.002202991688279852,0.009022306502981818,2154364414.4069257,6.076511719891657,0.6409188490933644,652.4366899121608,7.29986061594897e-05,6.059370007114252e-05,2099876006.3907318,11.999999970589897,0.48528614291839833,583.6364173886951,0.0005527324877701944,5.420401791108342e-05,12307715.951178059,11.999999196509,0.31375965617803386,1.1399136946368642e-07,3.994357133243546e-13,1.0586711260691575e-14,0.03586204942231834,0.1394642144765487
NGC2683,3,154.0,10.604307070617006,11.985906659157925,11,11,0,True,21791804.811994694,112155433.73828346,3.9724783829448747,6.225590795522508,0.691732310613612,11.021381341119248,36882453.05596119,6.7807749702310725,7.637813479119028,0.8486459421243365,12.43360402471577,0,0,False,6.225590795522508,0.691732310613612,11.021381341119248,6.225590795522508,0.691732310613612,11.021381341119248,,,,,,,,,,,,,,,,,,,,,,,,,,,,,,,5.867365260085392,0.9778942100142319,17.856841624077244,3439562475.6932297,7.26944140021462,0.19377371262350312,4993.31460880371,0.010653869128167487,0.00022913726751330293,,,,,,,,,,,,,,,,,,,,,,,,,5.723998567061767,1.9079995223539223,24.90716074944873,4492025581.968043,7.141350190664873,0.18729329009730253,15948.640213677241,0.036197156108949385,0.0007318641274218258,1688859199.1592412,0.2617788772021896,0.06192583874883894,226.27234641449877,3.1682777741923116e-05,1.0383368810735375e-05,,,,,,,,,,,,,,,,,,,5.4480670531800355,5.4480670531800355,31.824915053962112,7323914484.55457,2.6145202262048186,0.8520369728945029,133731.34165554508,0.000561080708673154,0.00613677218611725,7453553144.757789,7.1823962737267095,0.20381397862450532,144337.96663777737,0.2575261576673381,0.006623497589255688,7369613792.924054,5.618471612626479,0.47704416100840213,137399.3162818069,0.011340351955313056,0.006305091178413055,,,,,,,,,,,,,6.368082093142529,6.368082093142529,39.93861591231971,6139036830.700185,2.5141354882988747,0.6598254041937119,62063.46795496329,0.0005243496364380141,0.0028480187157698005,6805831066.887621,4.839732347972903,1.193379161002875,97192.5702982222,0.0004019092837661159,0.004460051433864039,6250014250.305656,6.806701996259484,0.24255548119242754,67093.79893451296,0.06296318213944929,0.0030788546205031647,4050675695.509888,8.931943491557039,2.4242693125313597,10170.551719331233,1.7825777991954008e-05,0.0004667145198424839,,,,,,,15.609913467937057,15.609913467937057,56.37413310550936,2999999999.9639926,1.999523875932686,0.49956824034807845,2754.719973900619,3.604890536075385e-05,0.0001264108226769891,2999999999.9631643,4.001081172290267,1.0059660053017625,2754.719973897329,1.4009585918898054e-05,0.00012641082267683812,2999999999.9645696,6.006195135819011,1.5107026809940427,2754.719973902918,8.145909944440451e-06,0.00012641082267709458,2999999999.9673576,8.007179249206526,2.0281917407020025,2754.719973914095,6.4097640240044825e-06,0.0001264108226776075,2999999999.9715843,10.004573563441499,2.5269515984183006,2754.719973930951,5.417500323644339e-06,0.000126410822678381,1.0,0.8151011821043564
NGC2841,3,284.8,10.97340728300738,12.78696445154299,50,50,0,True,325970247.6773059,169084788.14057884,6.0484655032770345,335.6955832061903,6.993657983462298,343.5196292170466,43548934.63877465,11.470170812281529,160.33037749467712,3.3402161978057734,168.1544235055334,3,3,False,190.76454223523064,4.891398518852068,233.79679529494024,335.6955832061903,6.993657983462298,343.5196292170466,,,,,,,,,,,,,,,,,,,,,,,,,,,,,,,336.67152481625186,7.4815894403611525,356.2316398433926,85124930.03146566,4.467215497398932,2.563403566361433,0.0005132712522489516,9.889455394621348e-14,1.5745953991392008e-12,,,,,,,,,,,,,,,,,,,,,,,,,243.76384704620423,5.80390112014772,275.0600310896294,15041613528.389858,2.6703120185569964,0.6029223341677952,3060770.400755879,0.018828633557179092,0.009389723211137624,4489038547.574981,29.99924081368278,23.982896085599464,15902.558652996111,1.5255818374298557e-07,4.878530714477612e-05,,,,,,,,,,,,,,,,,,,190.76454223523064,4.891398518852068,233.79679529494024,11231120874.16016,0.6378895801092532,0.1119433318841402,858895.8232548534,0.058842417422083695,0.0026348902372989483,11230941639.588575,1.1945102818505902,0.1181019299813508,858836.199843638,0.16782525375874652,0.002634707326706217,11230826822.881687,0.9106146882231867,0.17720866184658585,858798.0070806647,0.029628090771370144,0.002634590160298407,,,,,,,,,,,,,189.79055355457197,5.271959820960332,244.558875630566,8859127729.354641,0.7921304834973607,0.05494161845215397,306020.6197937875,0.2705755243999827,0.0009387992369681925,8858832365.23991,1.380495427907851,0.12775958493882866,305976.24028810917,0.061880353210041726,0.0009386630910898661,8858489832.723732,0.652050217381531,0.10440630939639436,305924.7797699492,0.026968763080049547,0.0009385052223318225,8858212794.159325,0.7793948617656228,0.11044630983927224,305883.1636391217,0.032260831037442705,0.0009383775538371545,,,,,,,181.3259942992643,5.494727099977706,247.8303853915428,7493650219.225498,1.491286351669868,0.18803037439664505,147746.21605740185,0.010805617312047985,0.00045325061753385287,7493610005.773961,4.496385787715349,1.5730716648301024,147742.76716494202,0.00012454220260062744,0.0004532400371435123,7493468822.527532,2.326198716684544,0.09982892307022129,147730.65912465233,0.15871743047567052,0.00045320289252563395,7493511519.8526125,1.408448796426855,0.08490738845799065,147734.32081656373,0.10563057640889434,0.00045321412573460774,7493510145.251024,1.4191458722930625,0.3934259906377238,147734.20293062826,0.0010767194311726573,0.0004532137640883032,0.5682664645547618,1.18982157477652
NGC2903,4,184.6,10.612057660349793,12.222039586718214,34,29,5,False,48375057.47893993,45333489.948091865,6.765686911744841,52.29307241829588,1.9367804599368843,59.02766407826883,6827965.317793906,18.39379531873576,158.1115085693904,5.855981798866311,164.84610022936334,2,2,False,19.80445051019947,0.9430690719142605,46.74281715009126,52.29307241829588,1.9367804599368843,59.02766407826883,,,,,,,,,,,,,,,,,,,,,,,,,,,,,,,36.82870733733271,1.534529472388863,53.665186487265075,3577367610.0818477,8.196341246962689,1.2118488890578725,5923.815609040621,7.0983929197507e-05,0.00012245599111938117,,,,,,,,,,,,,,,,,,,,,,,,,19.80445051019947,0.9430690719142605,46.74281715009126,6069098170.76429,5.299217109580543,0.838578287969096,59045.94896233135,0.0007764613592303437,0.001220586641949459,9726184554.449013,8.066849504304162,1.3445968546335771,459356.5372385158,0.003891109714262784,0.009495731089074087,,,,,,,,,,,,,,,,,,,22.55263242539333,1.2529240236329628,59.59288655524455,347039923.5312867,8.636537816177878,6.291651644074926,0.2318732021030388,2.230327755830887e-11,4.793238792615073e-09,7926582462.053244,7.0627048934286485,1.4762622572674862,188635.7581604528,0.0008933321063319142,0.003899442563816598,1949918541.1151936,7.632919004865208,1.4464021744971354,422.83569210008835,2.548398319536102e-06,8.74077911502575e-06,,,,,,,,,,,,,15.235755643478742,1.0157170428985827,62.37789726328938,1221483016.0431154,0.23870848108799736,0.1562686842676543,55.279019661910866,3.947208551306883e-07,1.142717394929744e-06,5418614988.838967,4.767320573214699,0.41940593257538394,36059.03323924649,0.0029802700531326716,0.0007454054861835521,9152907163.244713,6.743730903855224,0.7605133283948476,352680.8669187496,0.010999707069247598,0.007290551893861607,7789022107.249083,9.056755926059127,0.7878305334111317,174803.7614851921,0.009480617076561079,0.003613510155751089,,,,,,,18.376530308217834,1.5313775256848194,75.62055941798789,1347026059.771745,0.5424394911041223,0.17755021434431792,84.60296626998283,2.112700647888115e-06,1.748896449514602e-06,3886465887.18657,5.007987235107237,0.39360627833953105,8495.005051952061,0.0009490791670203498,0.00017560713091969678,3870916870.7817693,6.7340139896998235,0.14510933270542062,8348.14963472882,0.03736046414459413,0.00017257136362810907,3864574811.3587646,7.5346697520152714,1.1592327137435485,8288.815583117075,9.413837650532355e-05,0.00017134482138291224,3784961587.7454815,8.728300190599024,0.1450831687280738,7571.247131748142,0.06074562862144049,0.00015651138264888436,0.37872034658400466,0.1252562238472849
NGC2976,5,85.4,9.226728756856993,11.21771810871555,27,24,3,False,1627858.5302729614,83707766.50453162,3.3148266973941665,5.710983298814634,0.25959014994611973,12.067090959510526,89780.11788829906,499.99999999913337,32.67114146552415,1.4850518847965524,39.02724912622004,0,0,False,5.710983298814634,0.25959014994611973,12.067090959510526,5.710983298814634,0.25959014994611973,12.067090959510526,,,,,,,,,,,,,,,,,,,,,,,,,,,,,,,5.698711780548604,0.2999321989762423,21.588980932288333,10436529.85932935,79.99999999999999,63.99999661829295,5.563128888220221e-08,2.031037510654537e-18,3.4174523060596604e-14,,,,,,,,,,,,,,,,,,,,,,,,,5.45959718374198,0.34122482398387377,30.884027826525546,469047534.84370255,11.956147485477242,0.8166023363309847,0.859791864487542,2.0416247274006027e-07,5.281735780463496e-07,1258917810.7410958,1.7080957611182273,0.561865401176721,63.035992270705144,1.9606761446893785e-06,3.872326194103316e-05,,,,,,,,,,,,,,,,,,,5.700041750131407,0.43846475001010826,40.65863388395881,436210913.31437,11.987903174254127,0.6522821990671017,0.6270178309540865,2.937271186316471e-07,3.85179559091629e-07,1096264595.654817,11.995161802623132,0.7892637083306203,34.53281169206612,9.142693606386307e-06,2.1213644214080208e-05,9352409.722818125,11.999999999999998,9.59999981646276,3.45236998780108e-08,5.083591782887971e-18,2.1208046790295607e-14,,,,,,,,,,,,,5.706090275446229,0.570609027544623,50.19884390031747,1305657466.450602,7.984785288231368,0.7352014480009003,73.86815746071115,1.0921545108693286e-05,4.537750430212436e-05,1472011890.6973345,8.827505955917193,0.934464111648941,124.4555401678323,1.0822191702965962e-05,7.645353564413452e-05,1791208393.256324,9.610409565280777,1.085394755113418,292.2709174521821,1.9104756519431462e-05,0.0001795431924930072,1986888624.8771558,11.999999999999998,3.4712616731188732,458.8331915171032,1.4290906502336565e-06,0.0002818630630268378,,,,,,,5.797015365657218,0.8281450522367455,59.8239304815723,1818044523.1240578,5.852969949337359,1.2143375530436118,311.8025329907231,5.908199300124643e-06,0.00019154154196583632,1722288666.1335716,7.757114008471608,1.2963864886672836,246.41143325606413,6.299501698389273e-06,0.00015137152809878727,1934731668.1696465,8.53900898868842,1.5424242767908147,408.69584317441513,7.419758603920435e-06,0.000251063489593217,2185541556.619815,9.485713822747798,1.905427812343002,694.5155100925367,8.180720045286768e-06,0.00042664365310422856,2465236724.414038,10.648463668445578,2.4015559737426355,1172.6948963532977,8.663145982536174e-06,0.0007203911608686652,1.0,0.17480207432731065
NGC2998,5,209.9,10.877665000130216,12.389381812395737,13,13,0,True,85124928.15531185,26182816.225747526,9.835266954168961,61.11987531371212,5.556352301246556,66.2497740286352,8510254.259274911,17.210709298745957,27.01491581855203,2.4559014380501845,32.144814533475106,2,2,False,3.6420854763845467,0.7284170952769093,24.16168033607684,61.11987531371212,5.556352301246556,66.2497740286352,,,,,,,,,,,,,,,,,,,,,,,,,,,,,,,61.260286560611604,7.6575358200764505,74.08503334791929,280110596.7232866,66.84578366690931,0.6855654262918239,0.09130267324322494,4.260030421221743e-07,1.0725726907709302e-09,,,,,,,,,,,,,,,,,,,,,,,,,3.6420854763845467,0.7284170952769093,24.16168033607684,10811497208.519882,2.1680149210906614,0.339637363416204,727785.5126793076,0.09789351720897466,0.00854961676268849,2537794481.30564,0.4274416480347682,0.12290515664358899,1330.4101560809947,0.0010753743302734302,1.5628913702618805e-05,,,,,,,,,,,,,,,,,,,3.269790858404229,1.6348954292021145,31.48423379048113,5505122498.796736,2.2075426637523607,0.29037922937595156,38631.03950233562,0.008433465942000992,0.00045381582504072887,7641600087.784307,2.855842365018212,0.737893071026704,160861.35776463704,0.002537667803789143,0.0018897091750978375,3595358945.6366115,0.7715480894536942,0.42679409403359747,6054.507331028574,0.00017091679724274127,7.112496259593928e-05,,,,,,,,,,,,,7.354260662271855,7.354260662271855,43.26355166673337,7604117000.727663,1.6043659858091421,0.8118971327172476,157457.09647451318,0.0012011707956263138,0.0018497178192882593,1284854141.0575507,2.0923371753295794,0.49649526692063606,68.88333324101153,2.8844260662995415e-06,8.092028355704775e-07,732885076.5120374,0.7078831647534385,0.270772169541878,5.99109313513056,6.222393929923616e-07,7.038000812405634e-08,638841792.6013365,11.646958617267265,8.006082010834115,3.2965596646459123,2.546139086484382e-10,3.872613740867169e-08,,,,,,,7.198443190830469,7.198443190830469,50.80258226767659,8516779535.7372,1.4574419086310917,0.7497577314595827,257808.96363474109,0.0022939599239439287,0.0030285953741348752,1441453623.368164,1.948905417430593,0.3983498283900448,113.60120357412367,8.700883354051815e-06,1.3345233415863373e-06,353649833.4952909,2.6612105464508495,1.178406068062411,0.2517065644863135,9.49881596013738e-10,2.9569078052796788e-09,193183032.9042208,2.5296539100357425,1.363428031312217,0.018136983722325545,4.260000600899265e-11,2.1306313103999707e-10,134023574.3683536,11.078108577812419,8.282549455158133,0.0036969042606313845,2.370708031356077e-13,4.342916159513604e-11,0.05958921639958667,0.13481757636584626
NGC3109,9,66.2,7.986771734266245,10.885918464967634,25,25,0,True,530856.5522760485,21153866.804470573,4.6819461467899,3.427055384509307,0.14900240802214376,9.864807034245707,42370.925165592525,499.99999999989745,152.51148891155012,6.630934300502179,158.94924056128653,0,0,False,3.427055384509307,0.14900240802214376,9.864807034245707,3.427055384509307,0.14900240802214376,9.864807034245707,,,,,,,,,,,,,,,,,,,,,,,,,,,,,,,3.103025366252633,0.15515126831263165,19.197404490593637,5786560.017232651,79.99999999999999,63.9999898709555,4.276899146819624e-09,3.7917136852128095e-19,8.056600466703125e-15,,,,,,,,,,,,,,,,,,,,,,,,,1.4909458833924936,0.08770269902308786,27.2419524823381,150322074.65249535,1.8024452257050076,0.28433136336150505,0.006090444785536017,1.0064580204463094e-08,1.1472863543688448e-08,2410866553.80049,5.088193594247933,1.4440226667814753,1064.2736216377868,3.055908449545887e-05,0.00200482336909041,,,,,,,,,,,,,,,,,,,3.1034190601593643,0.22167279001138315,38.51105313370957,3333170768.649068,14.509347255166317,0.14510985757313705,4355.423654731114,0.6624139075752845,0.00820452085607162,2685204344.7010818,25.46625291073502,2.789989704189777,1700.7929001815587,0.00011943073431385802,0.003203865324614354,5708296.891888765,29.999999999999996,23.99999999327063,4.0309137472462384e-09,6.438116919276664e-19,7.593225947694698e-15,,,,,,,,,,,,,2.3093412594827725,0.20994011449843386,47.37360280763758,359276865.9132544,2.219197652353929,0.7262960942036932,0.26959836439286666,2.9673525798671034e-08,5.078553956562525e-07,2569804504.194742,11.067746310514273,0.6976759232068244,1404.9645750893055,0.0011515358412492102,0.002646599291400883,464880255.8367448,11.258972419478262,0.5817069591429546,0.8270538568207834,1.2063651870791354e-06,1.557961097540924e-06,464606514.21310127,11.630851566733226,0.5919136685606693,0.8249374730531908,1.2120396550474488e-06,1.5539743637264527e-06,,,,,,,3.102414162906694,0.38780177036333674,57.823303185666106,1283530521.9263368,2.4160950192411628,0.7616017225769743,68.57518252164405,6.907404949283279e-06,0.00012917836697621575,2049054355.7071002,4.765182841394807,0.7696609000079261,524.6354519100934,9.254899912679471e-05,0.000988281014260289,1676845229.5530217,6.732541828155613,1.2641497100163646,219.35344608490163,1.3473408425539789e-05,0.00041320662831498137,1418376989.1050687,9.775446805936276,2.0916843957803715,105.89947195379303,2.5874049360057227e-06,0.00019948792475057308,1365571704.96076,10.988612048068749,2.2014572034382685,89.78796245581351,2.312265285306806e-06,0.00016913790000490237,1.0,0.022470801439076152
NGC3198,5,150.1,10.281930588086734,11.952486573378346,43,40,3,False,19466015.931973737,34345557.705943584,6.696269232646883,67.92943217247998,1.7876166361178942,75.30719108070785,5793936.957600827,16.183444641012805,50.94794384593011,1.3407353643665818,58.32570275415799,1,1,False,34.922694792991194,0.9977912797997485,53.367092063560875,67.92943217247998,1.7876166361178942,75.30719108070785,,,,,,,,,,,,,,,,,,,,,,,,,,,,,,,34.922694792991194,0.9977912797997485,53.367092063560875,2938067138.3785176,2.702470540593025,0.6671187083410454,2515.755688594022,0.00011186837061834426,0.00012923834529806325,,,,,,,,,,,,,,,,,,,,,,,,,57.16605306986715,1.7864391584333483,86.67708870277863,3361046609.3434553,11.998658820450055,9.597294736083514,4516.107047374896,3.8581429583346835e-07,0.00023199955569526702,2010731431.7144105,11.999994040711767,9.598708302903287,483.2703945989464,4.1275895364781265e-08,2.482636386858981e-05,,,,,,,,,,,,,,,,,,,26.930851975016918,0.9286500681040316,67.50852597027021,4002047795.1121254,2.7540152075901396,0.7569529296950319,9650.012562069034,0.00030089196686297864,0.0004957363949455363,2886058051.4974685,8.163137809222825,0.9902448861804731,2327.7000806310803,9.371923126750282e-05,0.00011957763153824078,2321539238.526781,5.656166229143937,1.0692292995223454,903.0789594603904,1.6872630709469474e-05,4.639259325669439e-05,,,,,,,,,,,,,19.20998782681112,0.7388456856465815,70.85430018440623,2922986819.241558,2.3706228145002335,0.5353078393008979,2460.0663914367183,0.00018108116254829038,0.00012637749809892826,4097444425.1097155,4.359331186746468,1.0545272705091033,10691.333142347725,0.0001659718295394891,0.0005492306787228488,5461995790.558746,7.853215350718649,1.7663352190504094,37331.75618696433,0.0002473723478461637,0.001917791309604621,4620551309.9051075,8.54166742647231,1.781878144280726,18030.92547453986,0.00013491953558503373,0.0009262771353702285,,,,,,,21.175531318069943,0.9206752746986931,83.88648203800686,2578256082.0211945,2.3654854097706557,0.49352587384570584,1425.175413399838,0.00013353372833596044,7.321351314928949e-05,2842866517.80386,4.246853853847358,1.0020324138582974,2179.92041360185,3.8652891045553783e-05,0.00011198595651107224,2651209879.694163,6.081072078939436,2.1392512262713903,1609.0957071316914,4.046111492399055e-06,8.266178928214505e-05,4642175387.877907,7.867778311311504,1.537872150392569,18400.88534921864,0.00018535142765381917,0.0009452825587692253,1790686304.2915676,9.553867581547879,1.0526099613060274,291.9005257706326,1.2858754345975072e-05,1.499539129068388e-05,0.5141025572585208,0.6854583748973204
NGC3521,4,213.7,10.627550187767522,12.412758063140744,41,41,0,True,92117453.99681506,71836502.73786022,5.665716212311973,30.90745341635111,0.7924988055474643,38.33459754975973,4274734.438841937,27.957256516728155,12.745925998350037,0.32681861534230866,20.173070131758653,1,1,False,2.2144384370203176,0.061512178806119935,20.782298770541857,30.90745341635111,0.7924988055474643,38.33459754975973,,,,,,,,,,,,,,,,,,,,,,,,,,,,,,,2.2144384370203176,0.061512178806119935,20.782298770541857,2793545364.806406,1.092071706255865,0.47245665591610786,2020.1211622766682,9.555297644075359e-06,2.1929841464642668e-05,,,,,,,,,,,,,,,,,,,,,,,,,1.3578871919927626,0.04114809672705341,31.066463725627226,3137000951.573607,1.1600410939417145,0.5163867080543767,3345.3281837383106,1.3495829545162924e-05,3.63158993067044e-05,6736658207.0070715,5.807352618512228,0.715510437658214,92968.0310860795,0.0022848868252924024,0.0010092336148293227,,,,,,,,,,,,,,,,,,,1.6244242404277516,0.05414747468092505,42.47371697417514,2782589017.0811443,1.129662600742963,0.4662765784436063,1985.8820020732962,1.038040396635501e-05,2.155815120706612e-05,2149439421.894312,7.897219838527262,4.147003357686922,645.9734413061528,1.5697863713231552e-07,7.012497776246478e-06,3290293189.5370407,5.160180354690547,0.302688089067674,4116.901759089149,0.0010250334913799355,4.469187521434852e-05,,,,,,,,,,,,,1.0085695514428654,0.037354427831217236,52.99857848530318,3706101183.2607813,1.2707549602576078,0.5874562219374032,6908.601362885996,2.221189449876197e-05,7.499774541233913e-05,3490987881.0436726,6.452000645192316,0.3645057092486675,5326.295829550233,0.0012418460259714386,5.7820701706914185e-05,5401036897.894586,5.007224243256365,0.4152741369865147,35552.94470620636,0.0032021051433540385,0.00038595231591437166,3864084591.8696995,8.395447032496264,0.3426438591069078,8284.242824132201,0.004080136426665214,8.993130470604005e-05,,,,,,,1.0209839392843028,0.04254099747017928,64.15170907325754,3612880532.4427385,1.2887627525030099,0.5825668565410932,6183.910054094219,2.089045737731731e-05,6.713070960806219e-05,1912837989.1386967,7.409563964625714,2.6908730050465075,388.95568110747524,3.0179819373229167e-07,4.222388529332599e-06,8884768815.633726,7.175255072760472,0.8191260552871928,309892.2201425186,0.007964654936755208,0.0033640988400877106,3881776685.9768686,4.761238524436823,0.33756187699641027,8450.509238018061,0.001261140645664685,9.173624401636455e-05,1691033624.9283886,10.659831628044515,5.5400849280266735,227.5423601149571,4.410375863559452e-08,2.4701329687512242e-06,0.07164739220633438,0.17373696013196507
NGC3726,5,168.0,10.545517407601492,12.099272341826122,12,12,0,True,31956769.356237844,9191219.288853958,12.75952305283469,24.244369982813396,2.4244369982813394,29.214183282389396,219466.8177252358,141.01767770992316,20.425550339385236,2.0425550339385237,25.395363638961236,0,0,False,24.244369982813396,2.4244369982813394,29.214183282389396,24.244369982813396,2.4244369982813394,29.214183282389396,,,,,,,,,,,,,,,,,,,,,,,,,,,,,,,22.798386850674152,3.2569124072391644,35.22292009961416,3211833794.87929,4.073798372720086,0.04621332297106045,3706.600892124968,0.6217805896974169,0.00011598797271418969,,,,,,,,,,,,,,,,,,,,,,,,,18.108908695135465,4.527227173783866,37.98816189343947,2999993666.6512265,6.359578069650901,0.8882312914240099,2754.6946765604657,0.00010614837491411972,8.620066208359573e-05,2999851470.5283055,7.313316556468615,0.7093908313520692,2754.126745443929,0.00024840898630883813,8.618289022717916e-05,,,,,,,,,,,,,,,,,,,5.113528985313395,5.113528985313395,32.4475021329814,8650508375.727566,6.640524753174892,1.7944292950342926,275886.9098060622,0.001357801811673767,0.008633128922721034,4631145294.420107,7.089488633006122,0.23665366117598216,18211.451775377674,0.04237046919957684,0.0005698777486661951,3760118113.803453,7.537830400564387,0.07714034352629548,7357.435607162336,0.5381506542390244,0.0002302308949050944,,,,,,,,,,,,,22.566513740563146,22.566513740563146,57.35520683759515,562978384.1274774,2.7652919643983798,0.08140952828355497,1.9021246899161237,3.277559379934293e-05,5.952180799980759e-08,180751075.04467052,6.8421807280902565,0.5051945795611769,0.013580065578867645,3.1036425382766358e-09,4.249511403197228e-10,1236551806.895284,5.701754224367454,0.06839193050062482,58.307386599821236,0.0043114691876678215,1.8245707489965612e-06,1057975572.6998494,7.71079171509608,0.18127005262301463,29.584827148727634,0.00017206833990085415,9.257765332575079e-07,,,,,,,41.02373736179899,41.02373736179899,83.267150408195,1145272054.1628075,6.9702793469466435,4.078302582713721,41.76886620277699,1.8548755576291886e-08,1.3070428283021626e-06,935525870.7806988,7.77173598495623,1.7454844663407734,17.325777710730524,1.1409327692522171e-07,5.421629926852601e-07,9384804.573796619,8.628570898038117,0.9270998289651646,3.504691259476837e-08,1.776881034466325e-15,1.0966976105776894e-15,2379061048.4553843,9.455586070663228,1.2173748818856562,1004.5332148641703,2.6599605028587178e-05,3.143412914071957e-05,1113338679.127412,11.032860734325164,2.8712380355686564,36.93420400661383,9.94865841473499e-08,1.1557552515678314e-06,1.0,1.1869628763962645
NGC3769,3,118.6,9.970323626438503,11.645598563733266,12,11,1,False,6905174.536166029,22870875.745616954,6.533191146732119,5.641988816489667,0.6268876462766297,10.43777936208641,4042920.3899125285,15.798957285473184,8.22452980003603,0.9138366444484478,13.020320345632772,0,0,False,5.641988816489667,0.6268876462766297,10.43777936208641,5.641988816489667,0.6268876462766297,10.43777936208641,,,,,,,,,,,,,,,,,,,,,,,,,,,,,,,3.591026446198988,0.5985044076998313,15.580502810190842,4124964326.2979145,5.877180870039995,0.07485475752517366,11007.225329301587,0.8312524363332361,0.0015940546139204682,,,,,,,,,,,,,,,,,,,,,,,,,1.5389793668953256,0.5129931222984419,20.72214154928229,4580238631.668714,5.120174487571927,0.2124908658677576,17356.54420431343,0.04449519476002185,0.002513556190854856,4701211706.316286,5.616388420943946,0.17815614865389823,19440.73447901405,0.10016713088435276,0.0028153864000385075,,,,,,,,,,,,,,,,,,,0.5807508943752481,0.5807508943752481,26.957598895157325,4965051108.417486,7.120269288077587,0.20963748979107463,24652.910352730065,0.1212750373129765,0.003570208142257638,5062967663.800568,5.678105674546435,0.4331817502897656,26838.75824357731,0.009815020675677,0.0038867602988177383,3994794599.225238,4.184569287230853,0.7275943350275637,9574.164280604804,0.00042320805907439805,0.0013865202436896956,,,,,,,,,,,,,3.4811822717703516,3.4811822717703516,37.05171609094754,147221602.5795312,3.392299665143107,0.2621317432954247,0.0055625791427375984,3.59925997060198e-09,8.055667693268935e-10,1919743942.6736712,5.332249236039812,0.6955604151732582,395.10122923213174,3.1102117944246805e-05,5.721813795766912e-05,1490034893.7996879,5.53568006023274,0.6877515696279787,131.22135232943106,1.1444162682221023e-05,1.9003336069516543e-05,1912222.4492663993,10.718568996604514,5.542814426605173,3.461721251178193e-11,2.0164636738575438e-20,5.013227736746318e-18,,,,,,,1.8707686306970381,1.8707686306970381,42.63498826826934,1901195556.6068056,5.6911360827228545,0.7805129579027454,378.7621203831215,2.3779158051195873e-05,5.485192566811239e-05,6046913.298739853,6.081277357761017,1.0350745104262413,5.179308455671896e-09,1.5757926983891366e-16,7.500619178480044e-16,4303699831.422594,5.463309250410902,0.6495926574103937,13237.701478274694,0.0013374690224449792,0.0019170697871490274,3481638441.119772,10.994455230582911,7.36020272970873,5264.522174102369,1.3767116898325703e-06,0.000762402477523095,889972919.8257594,6.311450314228407,0.9169968998892463,13.944053667768866,6.537717927398437e-07,2.0193629566836475e-06,1.0,0.6859953035205673
NGC3877,5,168.4,10.559517619720909,12.102370758139427,13,11,2,False,32292912.22524284,612510084.2649623,1.217018928306068,7.097287602598875,0.788587511399875,11.893078148195617,374814434.4476771,1.5525812284933724,7.767402942627307,0.863044771403034,12.563193488224048,0,0,False,7.097287602598875,0.788587511399875,11.893078148195617,7.097287602598875,0.788587511399875,11.893078148195617,,,,,,,,,,,,,,,,,,,,,,,,,,,,,,,3.7214406175506323,0.6202401029251053,15.710916981542486,7856507078.727581,2.8353556958290533,0.9056709038906454,181488.18260964897,0.001408635023375041,0.005620062425580268,,,,,,,,,,,,,,,,,,,,,,,,,1.3964242307712285,0.46547474359040947,20.579586413158193,8238511070.881582,3.475253751442182,0.16161082431026932,223121.78410998924,0.4259284752212963,0.0069093113236030354,4242509461.222346,0.2301987762166977,0.17954104084875389,12438.249521629674,0.00018501893225311637,0.00038516964449885997,,,,,,,,,,,,,,,,,,,21.783793986200862,21.783793986200862,48.16064198698294,5891170425.613718,11.902522676398394,9.239955526914532,51877.24469760653,4.464988752018591e-06,0.0016064591615572827,5776243410.115419,18.457378369272302,3.6219550461623813,47616.54324924714,0.00017356841979696464,0.0014745199478177155,5815121311.842142,24.222935255420236,4.799272320640019,49026.47734387515,0.00013720744761323936,0.0015181807389161998,,,,,,,,,,,,,18.82937240742509,18.82937240742509,52.399906226602276,3000000003.0290394,2.3274481963337648,0.5533986145651743,2754.7199861434956,6.665332170809557e-05,8.5304167271423e-05,2999999999.8888636,4.648918913324886,1.4942314945041224,2754.719973600546,1.0536375558234809e-05,8.530416688301115e-05,2999999999.8901424,7.301606465626136,2.543383862413253,2754.719973605639,3.932928417100017e-06,8.530416688316886e-05,2999999999.943806,9.645538983148546,2.3677562636957012,2754.7199738199897,8.338582001133865e-06,8.530416688980656e-05,,,,,,,1.3725681876276967,1.3725681876276967,42.1367878252,7889591389.93682,3.218414639393637,0.5842021589112987,184836.23935769853,0.0065765069951181305,0.005723740183866573,7509924307.405343,11.319702863495056,9.033316970627196,149147.055899693,1.2329248502559007e-05,0.004618569389449713,7502046820.824022,10.458118583881632,1.1355784254735317,148467.70686275227,0.005036654800101257,0.004597532295235284,7500878260.670679,12.682074686732365,0.6877090293745936,148367.13436198686,0.03545647928608246,0.004594417912114185,7501046151.204164,22.136816224602683,17.470394054098378,148381.58068561956,7.104623826430737e-06,0.004594865264881008,1.0,0.913727233545352
NGC3893,5,174.0,10.466311426704682,12.144992241496334,10,10,0,True,37292261.512982,69404693.34306891,5.128264918629717,2.826822144970502,0.3533527681213128,7.431992330958594,7212881.801746195,17.464296469052815,8.86992749182735,1.1087409364784186,13.475097677815441,0,0,False,2.826822144970502,0.3533527681213128,7.431992330958594,2.826822144970502,0.3533527681213128,7.431992330958594,,,,,,,,,,,,,,,,,,,,,,,,,,,,,,,1.22265814803568,0.24453162960713598,12.735583613005911,8234060261.555322,3.8218004366650082,0.6445996945355931,222597.908135089,0.00494682469438657,0.005969010703671036,,,,,,,,,,,,,,,,,,,,,,,,,1.1688702565068008,0.5844351282534004,19.589551000459167,1774316253.603401,7.794620443458606,2.1046162470649725,280.46907648573256,6.590607556814424e-07,7.520838509300301e-06,7345103279.651032,3.710601258111237,0.44918350699249043,135422.521083922,0.008482370462327462,0.0036313839812793162,,,,,,,,,,,,,,,,,,,0.8091173807682203,0.8091173807682203,26.137553403702725,7799384271.357934,3.832598773468217,0.6109915634779808,175817.61508621628,0.004608896579366466,0.004714587100731649,7531448934.045041,10.435792123369856,0.8846585392083606,151015.53674747454,0.008692597917653151,0.004049514044486247,7499823726.357209,29.64491704975644,1.4013695121489746,148276.42057580093,0.021374426350321347,0.003976064056189879,,,,,,,,,,,,,0.43174386815218785,0.43174386815218785,32.66793517006883,5902412327.420099,3.595700568052683,0.6336439222562593,52309.25327394078,0.001109625004366566,0.001402683858572941,5721471099.235222,4.895937357421535,0.9461168032461674,45683.41190823333,0.0004770816960828468,0.0012250104996268526,3157111911.2317157,9.18452572273324,1.5937409385331798,3439.627392041094,2.595520686363128e-05,9.223434708682678e-05,8814595112.554344,10.776147476062368,0.7513775546543311,299385.1826525065,0.030123219448523066,0.008028077957897136,,,,,,,0.5957712999477056,0.5957712999477056,39.739717880846484,642315714.6299201,3.6008933774891796,0.2621247941235262,3.3752518287700792,1.0137343986981768e-06,9.050810253476053e-08,6096606135.175243,3.6386564686514378,0.41206412379879875,60218.98120032846,0.004734462236711668,0.0016147849113244397,1756503868.357174,4.998265764517008,0.7113590735860335,268.4254136338154,6.8173190715467845e-06,7.197885103867258e-06,2569106580.2708235,7.227721329607509,1.6434767777054933,1403.3055037379659,5.9676063341057814e-06,3.762993840557119e-05,8904712731.374146,10.826020929865749,0.3838510275146834,312929.58486245474,0.23851590560265018,0.008391274011459969,1.0,0.31869732278816304
NGC3917,6,135.9,10.040720983601194,11.823002866846018,17,16,1,False,12570936.662438303,52879380.324358836,4.610238390512981,8.922137725539281,0.6372955518242344,14.467315170018843,3842167.2576087667,20.121441380168374,29.24475184947035,2.0889108463907395,34.78992929394991,0,0,False,8.922137725539281,0.6372955518242344,14.467315170018843,8.922137725539281,0.6372955518242344,14.467315170018843,,,,,,,,,,,,,,,,,,,,,,,,,,,,,,,1.7673748622921306,0.16067044202655734,15.630318473491037,2468584884.6106324,2.663404217064023,0.0725253296193284,1179.6388976981584,0.04809013910055603,9.383858413851491e-05,,,,,,,,,,,,,,,,,,,,,,,,,0.9806460137170386,0.12258075171462983,23.161355791635287,2813762316.843705,2.6865115975922285,0.1152071832138234,2084.491984518044,0.02130402822633652,0.0001658183507316891,1755047486.4135072,6.473455962662706,0.49012312667080676,267.45861531557205,7.690959981634735e-05,2.1275949636651405e-05,,,,,,,,,,,,,,,,,,,0.7564094076283769,0.1512818815256754,31.254885352265973,3079198414.1747556,2.687284534216438,0.11147316044926506,3085.3460677220123,0.034814826261197064,0.0002454348590380669,2234703552.160002,6.339736617687337,0.5853648072140668,765.0796474333664,0.00012558442780369927,6.08609897557919e-05,4054815945.086101,11.9186416227896,5.384428053899186,10215.849435373622,6.288794440337117e-06,0.0008126561854295526,,,,,,,,,,,,,0.26632328437558433,0.13316164218779217,39.08256539573252,4028543660.8842144,2.8654113322495247,0.38860982142307976,9931.026151981241,0.002747301243915045,0.0007899989013272925,3292618078.3164206,4.4979359015361915,1.874210996267766,4129.570729681623,1.4256527330173909e-05,0.00032850143474357754,5527321734.082418,6.435322375516837,1.0368583202909107,39313.26732157563,0.0011846145045169229,0.0031273140878231337,993436741.1816753,8.307174140323799,6.644451622795974,22.498830699946534,3.790997303521555e-09,1.7897497461086231e-06,,,,,,,5.000233766033191,5.000233766033191,52.13424204410947,2999999999.9714293,2.3948399317769242,0.5846189685656198,2754.719973930365,0.00020052871599467612,0.00021913402699429797,2999999999.996725,4.013220513427676,0.9808720856576542,2754.719974031366,6.023319381709368e-05,0.00021913402700233242,2999999999.9983172,6.00106131294703,1.4872949829684605,2754.719974037766,2.5692627682356457e-05,0.00021913402700284154,2999999999.9982567,7.999865893222259,1.995279458920281,2754.7199740374954,1.605088271203695e-05,0.00021913402700282002,2999999999.9985423,10.000526189674943,2.5036101327565636,2754.7199740386222,1.1971394836327544e-05,0.00021913402700290965,1.0,0.30508508916278837
NGC3949,4,163.0,10.279518656438448,12.059907309860408,7,7,0,True,27978697.190716844,25643235.577854026,11.56892908843688,2.090015449898758,0.4180030899797516,5.9818357480093844,105934.10008516321,499.99999999999994,2.7630083471573554,0.552601669431471,6.6548286452679815,0,0,False,2.090015449898758,0.4180030899797516,5.9818357480093844,2.090015449898758,0.4180030899797516,5.9818357480093844,,,,,,,,,,,,,,,,,,,,,,,,,,,,,,,1.0496191473970415,0.5248095736985208,10.779169892673607,5242455128.337816,79.99999999999999,63.99999999999969,31230.291670830964,2.0121330133732322e-07,0.0011162167937252268,,,,,,,,,,,,,,,,,,,,,,,,,0.8609173910665353,0.8609173910665353,16.42819858350904,3634645535.0345035,5.4243901167378645,4.339512093364456,6347.60618592248,1.1355123358410081e-06,0.00022687282909043298,4219543200.5869284,5.247556712318292,0.10119902038227138,12147.996377742644,0.16085489475826587,0.0004341873495729913,,,,,,,,,,,,,,,,,,,0.8391729589612071,0.8391729589612071,22.244184598569653,679478346.5154753,1.1969177382944838,0.016697002449207937,4.310860334200964,0.0012684909194857325,1.5407652131963028e-07,6291434857.239936,5.7123816534932095,0.8575839253337882,69049.60733811384,0.0017656392809618981,0.002467935045990064,1243313144.633192,8.080293139920208,2.372338749816272,59.70700466778355,1.2568610966774225e-07,2.134016614883482e-06,,,,,,,,,,,,,0.5318370891208436,0.5318370891208436,27.77457917589523,3950009077.409589,5.291001901262355,0.109473473078823,9115.945235204055,0.096865650194365,0.0003258173592953666,3835450755.626777,4.314308891600252,0.10890876192377359,8020.498986275006,0.05933539931722838,0.0002866644909018908,1161701.1094704308,0.35265088492355723,0.06389277540247881,3.960597034407829e-12,1.8828827037907782e-18,1.415575931720627e-19,5207914994.5420265,5.296900680908188,0.09359103376780334,30345.053537426586,0.5171343456740218,0.0010845770741424975,,,,,,,1.6937361931698796,1.6937361931698796,34.77420872711021,790532590.7931563,6.916191910820537,1.109319025693221,8.32819794116386,1.3820128900395741e-07,2.976621064374328e-07,5843172516.874955,10.311492205245884,2.97718437792473,50063.577816912606,7.395578913772991e-05,0.0017893462828399095,7549247052.275369,15.34937054607766,5.897165390051349,152574.1030867578,5.130849044551588e-05,0.005453224002773829,7708273238.68968,20.14740636108151,8.671693719952252,167056.50408314748,2.7293707030998382e-05,0.005970846424492409,7712213937.29884,24.814606041136248,11.395368938861381,167428.3308462092,1.7304770460784977e-05,0.005984136062695616,1.0,0.7564274831268651
NGC3953,4,220.8,10.849115239736914,12.455341703820018,8,8,0,True,106364801.13919717,152752492.0114446,3.404674631221639,1.1034639097795353,0.18391065162992257,5.262346993139207,34727263.077784255,7.17419011209797,1.602683882893161,0.26711398048219354,5.761566966252833,0,0,False,1.1034639097795353,0.18391065162992257,5.262346993139207,1.1034639097795353,0.18391065162992257,5.262346993139207,,,,,,,,,,,,,,,,,,,,,,,,,,,,,,,0.9167298440072746,0.30557661466909153,11.313937552406454,7474463752.649476,3.56823028086554,0.911010958578676,146107.72365575354,0.0009428396339087281,0.0013736473165078898,,,,,,,,,,,,,,,,,,,,,,,,,0.6886167470049961,0.6886167470049961,17.324149080443682,10274401135.327726,3.9545177966044758,1.5327760005168756,583097.0594427711,0.0009187015149460253,0.005482049072603308,2090908814.8284044,11.999911894305454,0.3384397348053322,572.8720802476731,0.0005390565330133405,5.385917842294168e-06,,,,,,,,,,,,,,,,,,,0.5484300664199709,0.5484300664199709,23.422287024898164,7500373164.6632595,4.490320697476204,2.62987755159206,148323.67935747912,5.58978330269141e-05,0.001394480859916913,7500051472.725424,4.417817748986225,1.086213001226133,148296.00829388492,0.0007740645454432573,0.0013942207074670628,7500008764.435872,3.539003076012205,2.6175267321842495,148292.3349421925,3.9862578282988395e-05,0.0013941861720601135,,,,,,,,,,,,,0.6496234388291491,0.6496234388291491,29.76180502234685,5459123157.560604,2.3540720183383534,0.6407474455635327,37246.42380557899,0.0003508599774001262,0.00035017621813475164,7267051100.356385,5.130248712046822,0.3868863394892364,129273.12017765768,0.01872545265712931,0.0012153749999351845,364428321.89886385,4.25170847629574,0.8771858238781516,0.2868221766919723,2.684550728781259e-09,2.6965892251950408e-09,137159966.56361514,11.997727520544649,0.6658880692996704,0.00408826521767333,5.048812072322406e-10,3.843626062275161e-11,,,,,,,0.22535920151175717,0.22535920151175717,35.575865410068964,6590068870.008326,2.299927263036591,0.6490751158684718,84483.38308924502,0.0007368324519778303,0.0007942795190176077,9310279621.072454,4.114343191540596,0.5761136013070338,379828.7655089629,0.011950750690097807,0.0035710005701217805,7178671254.307949,5.6068891976292905,0.23388545793864246,122572.11623285082,0.09254333559918736,0.0011523747980541374,992210511.4657903,9.6464041840158,7.717019334151217,22.37827635776461,1.1474647590819823e-09,2.1039174725178748e-07,1910808901.0228808,10.503433915545006,8.395372765224044,387.164083811875,1.8070755118546097e-08,3.6399643459606743e-06,1.0,0.6885100184495304
NGC3972,4,132.7,9.855912689188244,11.79195726524184,10,10,0,True,11319678.420967551,68902651.00749058,3.895629850285015,6.28987082667114,0.7862338533338925,10.895041012659231,1157783.4616487585,57.61533996874065,9.161337757777721,1.1451672197222151,13.766507943765813,0,0,False,6.28987082667114,0.7862338533338925,10.895041012659231,6.28987082667114,0.7862338533338925,10.895041012659231,,,,,,,,,,,,,,,,,,,,,,,,,,,,,,,1.4507234168336052,0.29014468336672106,12.963648881803836,2255014622.5462165,1.849811005769344,0.4487278086630087,795.7922885289362,8.082225758388056e-05,7.030166926428602e-05,,,,,,,,,,,,,,,,,,,,,,,,,0.601149010497573,0.3005745052487865,19.02182975444994,1398540187.5338926,1.7409506650507671,0.017998250657074995,99.60612262742124,0.1501635363522554,8.799377413665732e-06,4589958331.377985,7.035952709099999,0.3348797247504687,17517.334851400603,0.017673871783735123,0.0015475117048336878,,,,,,,,,,,,,,,,,,,0.9813662861981013,0.9813662861981013,26.309802309132607,1817303269.717472,1.8434736461799484,0.40142690023518146,311.24990295717146,4.404561742745687e-05,2.749635558379823e-05,212184386.86967078,5.976155581430076,1.0968264284421851,0.02727742654330926,5.912644330929384e-10,2.4097351116249925e-09,6963760401.907366,7.359248182555154,0.9144079262135322,107391.67540111038,0.0058070886258247915,0.00948716663206507,,,,,,,,,,,,,1.2357927009382133,1.2357927009382133,33.47198400285485,2891844442.14198,2.0744736101300143,0.5808093833304636,2348.06943630142,0.00011957396685150721,0.00020743252140026063,592241019.9813641,3.826430626736995,0.6180982170141269,2.371201204205105,1.737312831226429e-07,2.0947602184642505e-07,6661363391.186498,7.218091649351073,1.0903151859022835,88531.86191286531,0.0027192706670622836,0.00782105803897016,6165126277.344059,9.566363386558592,2.6058058750868076,63218.99647270632,0.00024763041048092674,0.0055848756582700405,,,,,,,2.3993799220994055e-25,2.3993799220994055e-25,39.14394658089878,2132816186.5710974,1.711783654844994,0.4157135913504187,624.5215258345416,7.541778112318566e-05,5.517131340743164e-05,3702001795.677508,3.5115200382153873,0.6620266137446517,6875.421360462129,0.00037153094013684637,0.0006073866327975112,5270170569.840049,7.683131589493292,1.155752269864215,31954.889550468182,0.0009315476174955315,0.0028229502961212953,5213912643.26536,6.738544482991628,0.6856292352592949,30497.3647954355,0.003312352304029695,0.0026941900344929354,2105152452.8148794,9.688964450559013,2.9294410405151194,590.0427155613374,1.6660487104910903e-06,5.2125395582651495e-05,1.0,0.68656685224068
NGC3992,4,241.0,11.054865745013934,12.56939562437314,9,9,0,True,156342486.9214993,83956408.44547503,6.802959881289417,4.969325277036119,0.7099036110051599,9.363774431708558,28426574.279345635,11.506678831043951,2.906146931077791,0.41516384729682726,7.300596085750231,0,0,False,4.969325277036119,0.7099036110051599,9.363774431708558,4.969325277036119,0.7099036110051599,9.363774431708558,,,,,,,,,,,,,,,,,,,,,,,,,,,,,,,4.1037371737793595,1.0259342934448399,15.089860060460458,12113156100.43521,38.587772067942645,1.7484023774130308,1193354.0618372494,0.07392805513713524,0.007632947929480239,,,,,,,,,,,,,,,,,,,,,,,,,4.778503790817437,4.778503790817437,22.35630040950719,2248383343.78705,0.5320930483454678,0.006184180447138888,785.6625697550669,0.5018048328554746,5.02526590964076e-06,2189375692.4568,7.611106729480812,2.783788991842423,699.8311515235007,4.543253914217278e-07,4.476269792707666e-06,,,,,,,,,,,,,,,,,,,2.8075207508145095,2.8075207508145095,26.976991101512922,10719420209.401274,3.160523124166907,0.33814649288091747,701205.2148770955,0.06913609767868058,0.004485058595934807,10719281851.31244,2.807080549600296,0.6546903049931916,701165.8455253913,0.007912527916594447,0.004484806781137182,10719213451.161762,1.7833374990547037,0.18219543018492812,701146.3831100559,0.17203544713488766,0.004484682295364193,,,,,,,,,,,,,2.737064236248035,2.737064236248035,33.49820831895511,9089859405.699808,2.2156566659309855,0.18354572422321405,342234.4087291793,0.11917249694371145,0.002189004508422702,9089827297.907852,1.8512953034394117,0.49580124212732524,342229.15020791726,0.004448233402862688,0.0021889708737955088,9089797443.709763,2.959645837707626,0.7554722225161377,342224.2608295778,0.0027320105259262856,0.002188939600285437,9089773845.032133,4.120728512932695,0.6975930359472602,342220.3959886377,0.005728687713585141,0.002188914879935798,,,,,,,2.733828206823952,2.733828206823952,40.086646021539686,7510525771.327482,3.6276157894208643,0.4124736655578326,149199.0239261428,0.009996811106545654,0.0009543088821470309,7510503558.506844,2.0062750946981014,0.6433862481531193,149197.10443347975,0.0010195568449776178,0.0009542966046612312,7510471021.166575,3.209597318268996,0.9806373974096833,149194.2927949066,0.0006176097236693316,0.0009542786208192922,7510444339.145099,3.691163564710725,0.5897112766520941,149191.98716053687,0.0035109144519977925,0.0009542638734885115,7510417097.881383,2.127530536534014,0.20471979614964744,149189.6332294963,0.03496887950710215,0.0009542488172418896,1.0,1.7099360062958568
NGC4010,7,125.8,9.93432166751343,11.722386419976283,12,12,0,True,8949460.375365213,24253346.67138931,6.878653595167901,14.599958639254494,1.4599958639254493,19.569771938830495,80494.80010164353,499.99999999999994,22.44154821067867,2.244154821067867,27.411361510254668,0,0,False,14.599958639254494,1.4599958639254493,19.569771938830495,14.599958639254494,1.4599958639254493,19.569771938830495,,,,,,,,,,,,,,,,,,,,,,,,,,,,,,,9.908905375891345,1.4155579108416207,22.333438624831345,2698208641.8930817,5.065594226184035,0.4785701182321687,1736.9149402767646,0.0004809239016486634,0.00019408041015052643,,,,,,,,,,,,,,,,,,,,,,,,,13.279599355004956,3.319899838751239,33.15885255330896,2691052522.310014,65.908581781806,5.327480709715872,1716.9650603468654,4.125848061665132e-05,0.00019185123888285823,867604214.8599867,79.99999999999999,63.9999997002935,12.48243149528557,2.700402905310242e-10,1.3947691784462684e-06,,,,,,,,,,,,,,,,,,,6.1070083742942805,6.1070083742942805,33.440981521962286,2531863083.148019,7.353002143546557,2.3996809470770613,1316.9368236730872,4.654706688823385e-06,0.0001471526514937327,3046664181.902515,5.890496389856208,0.6180543190412109,2946.0285593266917,0.00045836831455532825,0.00032918504979764985,2958331461.3362107,5.891710507290467,0.5176928540058218,2592.111745903068,0.0006864496816187008,0.00028963888739462555,,,,,,,,,,,,,3.9978417380298454,3.9978417380298454,38.78653483506185,2150309303.988926,5.258759013195422,0.05797153204088189,647.1114183272527,0.10572867804378486,7.230731141159394e-05,2105656537.4279182,6.159590161726849,0.07061315730569442,590.657562173883,0.06522871630350362,6.599923765233491e-05,18594309.104200125,5.823602146897845,0.25863496495759536,6.861249324678654e-07,1.4357924886933307e-12,7.666662610815412e-14,5746184842.666177,5.477658535425035,2.1473974591944955,46548.021490546795,0.00015749931705205498,0.005201209853800515,,,,,,,1.9683024199197838,1.9683024199197838,44.211715466315795,2065180965.145806,4.656432969789277,2.4684173359984154,542.8349400771951,9.83859078476207e-07,6.065560573589812e-05,6615903317.963729,5.993693076730071,0.6809148900909624,85933.55972994334,0.010222489584637548,0.009602093995129459,2388801394.013132,4.644460801514156,0.8957605014534157,1022.5467921217895,3.86548486857569e-05,0.0001142579272082716,82170566.13398044,7.588785461784405,2.7289648968702886,0.00044016531212402764,1.1031613118587073e-12,4.9183447231707e-11,1886439661.1173403,10.573933192431161,4.003250809302709,366.1395942178208,5.09180338010764e-07,4.0911918580664057e-05,1.0,0.650577157252778
NGC4013,3,172.9,10.597113543892805,12.136729476470302,36,36,0,True,36266028.54290237,15899311.532572253,11.009718553621694,61.435581109203156,1.806928856153034,68.60261898611537,1216259.659962957,47.12437922073555,33.7929863649517,0.9939113636750501,40.96002424186392,2,2,False,24.529548348550765,0.8760552981625274,53.19769985619965,61.435581109203156,1.806928856153034,68.60261898611537,,,,,,,,,,,,,,,,,,,,,,,,,,,,,,,57.66998148440733,1.8603219833679785,75.58757617668788,3143484059.2341,1.7063327809438853,0.02884015329123646,3375.506831556365,0.2005069681677886,9.30762746067762e-05,,,,,,,,,,,,,,,,,,,,,,,,,24.529548348550765,0.8760552981625274,53.19769985619965,6398783169.081093,2.5653714048978316,0.4214744409024183,74323.07387205816,0.0031006970566461196,0.0020493855229870195,5878403847.348828,0.2021715140016873,0.017670002280618578,51389.98276936482,0.1915955619611843,0.0014170281344308476,,,,,,,,,,,,,,,,,,,40.67231747962833,1.6268926991851334,80.09102580264553,2559427570.2274885,1.2300557767285007,0.12155612151852448,1380.4521924562523,0.0005765476444517169,3.806460888936847e-05,2541524798.594004,0.761305196158764,0.2974372669861701,1338.9378836970345,1.4757237539547419e-05,3.691989273413502e-05,2510819589.0940256,8.657082819062987,0.5294033582434156,1269.9816945814343,0.00022212726942546175,3.501849376970125e-05,,,,,,,,,,,,,38.57532358020955,1.753423799100434,88.74458871859508,2533985830.489276,1.1624312353462731,0.13367087208958245,1321.7465698466742,0.0003713184838518729,3.644585919528135e-05,2529875996.212049,2.4033934472131335,1.8711575094663084,1312.4466834365503,5.527326975079777e-07,3.6189423991765134e-05,2508433632.412924,7.2574051506130175,1.9847396661254741,1264.7403530326026,3.060316412051918e-06,3.4873968941386195e-05,2459185100.74145,9.529267724425274,1.5674953541411485,1160.2238864514613,9.563786214465332e-06,3.199203036745331e-05,,,,,,,24.915002625148613,1.3113159276394006,85.83482457890248,2651916560.857383,1.9999999999048983,0.50000000145707,1610.9622777977377,2.4988799637705256e-05,4.442069734467849e-05,2585308781.6978164,2.0224295462948323,0.26291560177132517,1442.211761643084,0.00015721770570859074,3.976756815092011e-05,2168764779.9624023,1.3283638468954224,0.6090391333862736,671.6208428980934,2.594617804129698e-06,1.8519282917995065e-05,1529970625.4591963,1.4767121143410482,0.24241098675717332,147.22157285167194,1.1103503487598305e-05,4.0594897971116466e-06,2335986012.2231927,2.5521061410323345,0.3775562429110832,927.7811293541978,5.331842436876982e-05,2.558265039296049e-05,0.39927266749457335,0.72587690485951
NGC4051,4,157.0,10.677917052328027,12.011043453876235,7,7,0,True,23722502.398550097,73617867.01300985,2.895883171321672,3.097312746515507,0.6194625493031014,6.989133044626133,15836713.824624129,6.290350944328881,3.962339605523139,0.7924679211046277,7.854159903633765,0,0,False,3.097312746515507,0.6194625493031014,6.989133044626133,3.097312746515507,0.6194625493031014,6.989133044626133,,,,,,,,,,,,,,,,,,,,,,,,,,,,,,,1.2522175971938074,0.6261087985969037,10.981768342470373,4771861780.921739,4.444016015309719,0.10762471969027103,20743.984157090246,0.25649693488002817,0.0008744433369035344,,,,,,,,,,,,,,,,,,,,,,,,,1.0511423878487893,1.0511423878487893,16.618423580291296,8253136756.027308,3.8301557037395058,0.5801826365346394,224849.96824478306,0.014208353926205135,0.00947834104797164,5267598469.148232,23.0100923636184,0.34557959204586103,31887.10435772425,0.24274799926021617,0.0013441711933254211,,,,,,,,,,,,,,,,,,,1.383094754112873,1.383094754112873,22.788106393721318,3510113702.240852,3.8060451376024185,0.23680396513665386,5454.4021288286895,0.0050217543804501625,0.0002299252430115492,682467007.1879014,4.211575932971763,0.08168736853547709,4.393951157147166,0.00011461417372240019,1.8522291971253932e-07,6106581068.030797,11.99996858962423,4.949968236319058,60648.74971938811,4.025782032389844e-05,0.0025565915728643757,,,,,,,,,,,,,0.5025981184809328,0.5025981184809328,27.745340205255317,6445858866.29656,5.3044189672729996,1.7867553399475768,76731.1039366927,0.00026955994483449715,0.0032345282402156043,7532931879.819813,24.229956340980614,4.478686162233366,151144.9267898543,0.0005893287122300818,0.006371373654032898,7247013545.0009985,3.9556192885384633,0.7834318029773932,127729.7222224507,0.0034391201080176295,0.0053843275079722384,7765875530.379867,11.533354950189274,0.6572680350532563,172555.3189970091,0.04415260004963795,0.007273908801777825,,,,,,,1.81363546197409,1.81363546197409,34.89410799591441,2483411006.505842,3.3723786713274446,0.8228084213501872,1210.7693455921337,2.151766613117278e-05,5.1038854386042134e-05,2502952904.741199,4.756682740680347,0.4793448654498159,1252.7636674674136,0.00019432775821198937,5.280908592273898e-05,1986532079.9342902,5.068234912227206,0.6905408541639517,458.47513275893255,2.6202011901003025e-05,1.9326592323875337e-05,2763831210.202064,8.626626442364746,5.297104111618625,1928.30220470656,4.619422434462067e-07,8.128578394935336e-05,3797405963.130659,10.484834793063426,1.963891478953714,7680.130011672896,5.79231502106127e-05,0.0003237487294823627,1.0,0.7816878548719388
NGC4085,5,131.5,10.03590979845661,11.780121755125863,7,5,2,False,10876153.818072325,27930684.413429018,6.09585682973553,1.2638826025043806,0.4212942008347935,4.482758427372581,84418.47204956152,499.99999999993867,1.3648096593427346,0.45493655311424486,4.583685484210935,0,0,False,1.2638826025043806,0.4212942008347935,4.482758427372581,1.2638826025043806,0.4212942008347935,4.482758427372581,,,,,,,,,,,,,,,,,,,,,,,,,,,,,,,0.5639063109693174,0.5639063109693174,8.611095873139819,1850560623.7528577,2.757055449414399,0.12598787298632572,336.7979419212228,0.0012760237944088116,3.0966640188701965e-05,,,,,,,,,,,,,,,,,,,,,,,,,1.2732114525458726,1.2732114525458726,14.148714752018675,6213203029.681636,12.846956621494275,4.6867996385969155,65391.699142912985,6.245254139133597e-05,0.006012391902204903,3996794300.350294,21.965828901197288,4.621105850866001,9595.02959342822,2.7100636621661476e-05,0.0008822079711197788,,,,,,,,,,,,,,,,,,,1.4077432444870666,1.4077432444870666,19.111560281262168,2999999999.898339,3.242672295205148,0.833519088407175,2754.7199736384046,4.523607729821855e-05,0.00025328071115186265,2999999999.9854784,6.071236771045854,1.36644230485485,2754.719973986432,2.9116110256140708e-05,0.00025328071118386173,2999999999.9980993,9.003022873931627,2.1575032974896637,2754.7199740368646,1.4349806571620112e-05,0.00025328071118849876,,,,,,,,,,,,,1.278526178938782,1.278526178938782,23.81065695301619,1773014718.332608,3.754431978849993,1.6560619254895963,279.5752246817625,7.138132089918379e-07,2.570533934682013e-05,1374894638.4453151,8.127673171422718,1.8526070323367103,92.48514248634862,6.40114500567999e-07,8.503478714384398e-06,15994999.999999776,9.562763877138435,1.3586096152643745,3.5639488568725793e-07,8.246852603168633e-15,3.276846683568005e-14,4561028252.367107,10.786878583934673,1.4815991361469543,17042.096354276528,0.00037552090911873587,0.0015669230721947482,,,,,,,1.1413204945537734,1.1413204945537734,28.50176500593348,2999999999.4242134,2.990728219521235,1.0918841388159557,2754.7199717445815,1.7984997105417492e-05,0.00025328071097773647,2999999999.760916,5.1633410686928265,1.1430770974693696,2754.719973089502,3.527747115169457e-05,0.00025328071110139423,2999999999.9416757,6.255098430380388,1.0215212120928074,2754.719973811517,7.40594333287952e-05,0.00025328071116777933,2999999999.984667,8.036508264459874,1.5711948506436377,2754.7199739831867,3.067138161608795e-05,0.0002532807111835634,2999999999.9946012,10.004903770127552,2.210510468586278,2754.719974022893,1.6008672087191933e-05,0.00025328071118721414,1.0,0.9260504524220919
NGC4088,4,171.7,10.729513057900906,12.127655382131284,12,9,3,False,35171535.37040465,1960409.2286907334,199.99999999999997,1.6934401544791517,0.24192002206845026,6.087889309151591,42239.39480811368,499.99999999999994,9.753805775972925,1.3934008251389893,14.148254930645365,0,0,False,1.6934401544791517,0.24192002206845026,6.087889309151591,1.6934401544791517,0.24192002206845026,6.087889309151591,,,,,,,,,,,,,,,,,,,,,,,,,,,,,,,1.6580492616620819,0.41451231541552047,12.64417214834318,460676025.4826108,1.2755262640105975,0.09697401064604474,0.795006920222771,1.1226185248132502e-06,2.2603702450014036e-08,,,,,,,,,,,,,,,,,,,,,,,,,1.655054031299478,1.655054031299478,19.232850649989235,356808932.7513128,0.20268698008217362,0.0029614234991128382,0.2616347194736285,0.0003286862256170255,7.438819963878601e-09,2084084.355908941,11.999999999999998,9.599999999999998,5.0336327564374924e-11,3.3087296753499136e-21,1.4311666247795026e-18,,,,,,,,,,,,,,,,,,,4.369720814651098,4.369720814651098,28.539191165349514,2905222939.694627,3.929531193901826,3.120913601675311,2395.6902834524267,8.707840397233018e-07,6.811446410350052e-05,2915408203.2373347,11.999789927685942,2.5526395909526247,2432.440724082687,8.50454211027739e-06,6.915935566831928e-05,2958554565.4655128,11.999993963915873,0.757209712791314,2592.962215148985,0.00034732868387102995,7.372331596677613e-05,,,,,,,,,,,,,1.6936487551986994,1.6936487551986994,32.45479283790577,1000109.8278290107,11.999999999999998,9.599999999999998,2.0644647566739462e-12,1.357023075508498e-22,5.869703255579525e-20,1000019.2423027853,11.999999999999998,9.599999999999998,2.0636514731805355e-12,1.3564884844170683e-22,5.867390921230611e-20,1000213.9068511231,11.999999999999998,9.599999999999998,2.0653994904611925e-12,1.3576374988425124e-22,5.87236089840746e-20,1000289.7040130841,11.999999999999998,9.599999999999998,2.066080429925647e-12,1.3580850969733608e-22,5.874296951119643e-20,,,,,,,3.899898209550228,3.899898209550228,41.252716024265965,2765681918.990382,11.999985301484767,9.101869589162053,1933.925333309344,1.49155817054953e-07,5.4985524883757554e-05,2293587755.1326156,11.999971352242465,8.214597024404961,856.7257530278318,8.988231901804259e-08,2.435849740437348e-05,2224010830.8742504,11.999979300896698,1.2144331235414412,749.2823558830426,2.4328568049613978e-05,2.1303657858324028e-05,1858981928.203233,11.999999999569045,4.799442878084424,343.51600803171783,1.8070407955298077e-07,9.76687552630335e-06,2706596393.7382445,11.99993552849237,1.340938250164618,1760.5250946139959,4.2462380996649094e-05,5.005539496849497e-05,1.0,0.17361840017879934
NGC4100,4,158.2,10.472712578972017,12.020963934133508,24,24,0,True,24530733.6453581,128980625.71041389,3.7370849069448067,13.496874279724352,0.613494285442016,19.852981940420243,35015928.3905007,7.107611921964144,18.875852659335138,0.8579933026970518,25.23196032003103,0,0,False,13.496874279724352,0.613494285442016,19.852981940420243,13.496874279724352,0.613494285442016,19.852981940420243,,,,,,,,,,,,,,,,,,,,,,,,,,,,,,,12.358167322915618,0.650429859100822,28.248436474655346,3301644706.3343816,3.396463550406228,0.11159114320627284,4179.044194019293,0.022035544920523616,0.0001703595275394499,,,,,,,,,,,,,,,,,,,,,,,,,12.35816733537903,0.7723854584611893,37.7825979781626,3302008160.145773,3.3961139888652725,0.11198636821983349,4181.045738243066,0.021810838304394658,0.00017044112086856547,2098885277.1610842,29.132876293718432,0.946763646954324,582.439539770453,0.00030685984551170485,2.3743258077430834e-05,,,,,,,,,,,,,,,,,,,4.04905966616811,0.31146612816677766,39.007651799995514,7586485528.066184,3.304100439586583,0.5809225363285686,155875.10412739677,0.0056387988126462,0.0063542781223297285,7573366681.798857,9.989794819185551,1.066664456976119,154705.9736499022,0.004465828337708462,0.006306618297132621,7552179883.689859,9.664040035269801,0.930647047417211,152832.11285273745,0.006118149922462034,0.0062302300070694195,,,,,,,,,,,,,11.220229557301682,1.1220229557301682,55.71298318217292,2599214951.699761,1.9224460607613982,0.041260671703307376,1476.2623883446402,0.07471204365152558,6.01801156739554e-05,2487073895.506089,6.100962772344497,3.4029986267687553,1218.5568567421958,3.961965750376132e-07,4.9674700902098e-05,2591420985.163047,8.34434809722264,0.7791299350905352,1457.1027414950663,7.002912509942312e-05,5.939906904377443e-05,2870208485.634538,9.91129173310481,0.47666133446810477,2272.602508577494,0.0007208115598758974,9.264307139902984e-05,,,,,,,16.501588390715277,2.3573697701021823,70.52850350663036,4031949560.6231885,3.0617555088274733,1.1181509539482117,9967.600967965385,4.625703658350761e-05,0.00040633114003304723,3305343573.149098,3.2078072191912135,0.9545425235559726,4199.448390219428,3.307308694419829e-05,0.00017119130845946309,3910849220.368056,3.308127180134443,1.164302327836332,8729.294890467872,3.927989887501636e-05,0.0003558513584089116,2923681633.3981113,7.484209354782488,2.0631875049472272,2462.6111747147324,5.020018567175901e-06,0.00010038881063717094,2724400826.9748783,5.96613176799918,1.8533087511499828,1811.460485556458,3.559983547366178e-06,7.384452954994425e-05,1.0,0.7150338860612695
NGC4157,3,184.7,10.722716167488494,12.22274518296926,17,15,2,False,48490467.20473256,8884756.266513513,15.855288177518501,3.554141893071545,0.2733955302362727,8.970242295275966,178227.4310884739,212.77824683742068,1.5128936055881865,0.11637643119909127,6.928994007792607,0,0,False,3.554141893071545,0.2733955302362727,8.970242295275966,3.554141893071545,0.2733955302362727,8.970242295275966,,,,,,,,,,,,,,,,,,,,,,,,,,,,,,,0.7150710616770901,0.07150710616770901,14.25532206718814,6197938581.579093,4.5781030307163,0.42143441367644097,64695.729913454554,0.007196195426687335,0.0013341948148344587,,,,,,,,,,,,,,,,,,,,,,,,,0.7190487504696401,0.10272125006709144,22.38345035928732,3014594586.0658383,0.2366120094314534,0.18907422811577812,2813.4926156955066,1.0071492308040885e-05,5.802156130640284e-05,2961725106.314296,1.0578731569312714,0.49422705487755,2605.071506689362,1.038098594605692e-05,5.372337403330098e-05,,,,,,,,,,,,,,,,,,,0.7150710548558379,0.17876776371395947,30.50362326698015,2178979880.6774945,4.901995659176443,0.34756802326511177,685.4906069114411,0.00015427248887423583,1.413660553149999e-05,2357088992.6448793,0.5159703184763667,0.03208441728548639,964.7960393701632,0.003357363494667747,1.9896612571223097e-05,1661943353.9358585,0.6685168841146627,0.09272000657575571,210.99907160676844,5.1024469894327196e-05,4.351351590734424e-06,,,,,,,,,,,,,0.5631180870772368,0.5631180870772368,38.475820902508175,3185536715.16807,2.931137598984113,0.18770047980622526,3576.3859083412217,0.0019320115519075717,7.375441224852077e-05,3170024986.4089847,3.491582045438095,0.26839238013160016,3501.246449215271,0.0009050117058777741,7.22048404778735e-05,3787078240.4806895,11.999999999978401,0.5725596665714864,7589.682491139137,0.002047922130308536,0.00015651906299633263,1151684368.3802078,11.999999999250688,9.599996311315687,42.79574630876314,2.44984998215549e-09,8.825599911849555e-07,,,,,,,0.7190846585539107,0.7190846585539107,46.75593807729148,1896033138.9241765,2.0000000006375793,0.5000000007385816,374.3085677341963,5.079546503804189e-06,7.719219659274899e-06,1844538522.2016888,0.6337050289997265,0.016972839585460687,332.05622328142124,0.011765664373671754,6.847866032707833e-06,1077648229.7788162,0.6232338803537644,0.014914287674186037,32.05346887111408,0.001619171573269307,6.610261917209519e-07,1156253851.1577795,1.674145121146621,0.46363802677435106,43.53929437787763,5.221083886394759e-07,8.97893893124385e-07,12595013.858330382,11.912876185113014,9.482560509626722,1.2602715319021204e-07,7.356438041795812e-18,2.5990088455553607e-15,1.0,2.349234526435689
NGC4183,6,110.6,9.73391915101239,11.554609877554572,23,23,0,True,5078372.897058564,64879272.25317342,3.436069326138445,8.067483288569333,0.38416587088425397,14.338471720427632,10816699.446528846,8.434309945450533,3.555512550221832,0.16931012143913485,9.82650098208013,0,0,False,8.067483288569333,0.38416587088425397,14.338471720427632,8.067483288569333,0.38416587088425397,14.338471720427632,,,,,,,,,,,,,,,,,,,,,,,,,,,,,,,5.282217465953736,0.29345652588631865,20.959688545599484,3978818954.6343126,11.839030956144741,6.6637853759092565,9408.722835909159,4.4374360482504104e-06,0.0018527042079479372,,,,,,,,,,,,,,,,,,,,,,,,,2.5118603226894343,0.16745735484596228,27.59581405012263,5303467143.331269,3.1713881677645595,1.4585733160155283,32842.44560774925,0.00020372941913880834,0.0064671197396260266,28830507.48927272,11.9983757939226,0.12011627200102697,4.623357207829391e-06,3.8445944350613884e-10,9.104012843379969e-13,,,,,,,,,,,,,,,,,,,2.1270636392269493,0.17725530326891245,36.61750001444759,4112619081.748333,3.5873902213484072,1.018069067062776,10864.64186500794,0.00022809033743221807,0.002139394267660185,945600550.1591823,1.3391345193595212,0.4417656397059759,18.152170641518094,1.938820983556716e-06,3.574406804989051e-06,898959919.9484775,11.999999335988342,9.599999468790672,14.567010455551191,2.373541380609014e-09,2.8684404928177932e-06,,,,,,,,,,,,,1.9006986194430333,0.21118873549367037,45.79761764245113,2429449084.8714595,2.6542293335591145,1.1314999026856634,1100.421172370509,1.2023193337630983e-05,0.0002166877452043512,5854707108.811244,4.370826383035617,1.9018652077413103,50494.898720530866,0.00020271221958313487,0.009943125434876578,14853670.92539094,4.196231537290695,1.7599327378191705,2.58271819378789e-07,1.247546499008039e-15,5.0857198676446576e-14,49583600.58374255,10.85123641428869,5.54163347583909,4.8901317846531956e-05,3.321550549800168e-14,9.629327904387645e-12,,,,,,,1.4874486109338572,0.24790810182230952,54.790850281729405,2351342558.85241,1.951439322255173,0.7136184939751656,954.6060553519844,3.216455832316294e-05,0.00018797478536971955,2601474681.8848753,3.5907758976394364,0.24933450907198781,1481.8535185229907,0.00211987935932066,0.0002917969098687677,2680399793.464397,5.843494516874159,0.9594128121199819,1687.5947075646018,7.751356169608171e-05,0.00033231012014538566,2185833646.5814176,11.999637417189877,6.16619125556406,694.9193655800126,4.2725969666333314e-07,0.00013683897966266235,2214055279.6366715,11.99362793208153,5.912742560609119,734.8011052143253,5.117855002270084e-07,0.00014469223117505377,1.0,2.2690071191187315
NGC4217,3,181.3,10.62991394409642,12.19853790893506,19,11,8,False,44684033.28426671,9356679.91970346,15.395859625808223,5.469146145032296,0.6076829050035885,10.264936690629037,73673.38014198538,499.9999999999694,7.032156054505619,0.7813506727228465,11.827946600102361,0,0,False,5.469146145032296,0.6076829050035885,10.264936690629037,5.469146145032296,0.6076829050035885,10.264936690629037,,,,,,,,,,,,,,,,,,,,,,,,,,,,,,,5.032286450742572,0.8387144084570953,17.021762814734426,2170236303.027853,9.51064942822324,1.1255615080431711,673.6053908722669,1.5255179131826707e-05,1.5074856528437955e-05,,,,,,,,,,,,,,,,,,,,,,,,,5.469307497788829,1.8231024992629432,24.652469680175795,3805940034.2828045,70.68452461808536,4.768302928968362,7755.493618364956,0.00011290430156124013,0.00017356297201344338,4791294958.383772,74.22334541340265,5.549818820099252,21113.982014077705,0.00021618698778507842,0.00047251737281092654,,,,,,,,,,,,,,,,,,,1.3419412471270924,1.3419412471270924,27.718789247909168,7498935486.931814,9.404218583214048,0.5904762892931897,148200.04505489598,0.022590523098270438,0.0033166219376861254,7675661040.896103,9.953027974315678,0.7207198043446384,164003.71188413125,0.015778833656476258,0.0036702978632387044,7536436452.250566,14.319813202017482,1.695523631615575,151451.04717709837,0.0025290541404376942,0.0033893772796562754,,,,,,,,,,,,,5.329550252375829,5.329550252375829,38.90008407155302,5463660963.988723,10.074001011934113,0.9699647187661883,37381.289520648344,0.00151833493395876,0.0008365692792957956,6380532379.107161,10.472340637119144,1.0515811194172455,73405.328843304,0.002567018612029234,0.0016427641698393883,52439236.455990545,9.822133891584736,0.7534927070722693,6.238858903132424e-05,5.090692752963381e-12,1.3962166001091787e-12,8116739522.707831,11.447914324283165,1.415192407606088,209126.94805638812,0.0036741005657613024,0.0046801269421223425,,,,,,,1.7689208064781576,1.7689208064781576,42.53314044405046,16402691.531748032,23.220597879644703,5.663101070129176,3.9763148194614736e-07,4.1344958438471277e-16,8.898737484517848e-15,983545102.8231506,16.318929694584774,4.676224344689466,21.54046723843462,2.239828039543607e-08,4.820618385408606e-07,9259883860.739079,9.475752106922855,0.3681376088516287,370965.99190364266,0.23787895882215182,0.00830198092333487,5218148179.163382,13.515860782961717,2.412101035318151,30605.281109269585,0.00015676721488181003,0.0006849265578728707,6562705111.129042,25.51136807755071,4.39131254304705,82967.99056857829,0.00021688350826588323,0.0018567704047832987,1.0,0.7777338987703669
NGC4559,6,121.2,9.98625654359883,11.673852356139337,32,32,0,True,7596500.239556627,18051502.52404454,7.0082258549986385,7.37492521046933,0.24583084034897768,14.306397016068782,1749285.297492896,25.54228941421366,11.711865573220589,0.390395519107353,18.643337378820043,0,0,False,7.37492521046933,0.24583084034897768,14.306397016068782,7.37492521046933,0.24583084034897768,14.306397016068782,,,,,,,,,,,,,,,,,,,,,,,,,,,,,,,6.453301501668364,0.23901116672845793,23.781981015666997,2163921213.095199,9.576176787293404,4.937864458796893,665.1204223567347,4.5540454104581683e-07,8.755616420484109e-05,,,,,,,,,,,,,,,,,,,,,,,,,6.96529499932744,0.29022062497197665,34.69118222172525,4928963258.777475,14.17579848448603,5.0822987657276295,23882.884414090688,3.196528554278389e-05,0.0031439325559061157,3031680316.8122406,25.72424880485997,3.949791512736292,2883.51893639306,2.6526400651963977e-05,0.00037958518336877686,,,,,,,,,,,,,,,,,,,5.927440678712163,0.28225907993867444,44.050535609509154,1300135818.2302563,4.827280650704198,3.5378045224013825,72.51885618016826,4.462592535646004e-08,9.546350805407313e-06,1260544003.5387812,9.390262425668265,1.7794663504100847,63.39096264347225,8.938267218811458e-07,8.344758855318891e-06,1263118180.9586565,10.71984189126296,3.415384268586918,63.95600685240234,1.6392847066423304e-07,8.4191410301509e-06,,,,,,,,,,,,,2.158834318368899,0.11993523990938328,50.67913695756507,5429436212.2630415,8.73987293720786,1.3027042100159956,36373.332953110126,0.0011498480862668628,0.004788169789517846,5499983674.854038,12.245832375481488,2.4208933794024734,38474.420905753046,0.00035973241622011505,0.005064756097210184,5356904194.312107,12.876611747044832,2.1652144035662744,34306.41800232194,0.000494928476102513,0.004516082000982632,5271782743.447853,13.104360472422332,2.3587233757708,31997.43334657826,0.00036947863237332863,0.004212128261374978,,,,,,,5.498246538662621,0.36654976924417476,64.41575688625798,3561663405.8035765,7.213550558016429,3.662111897872891,5811.523557806139,6.1688824412978164e-06,0.0007650264430381076,1870298388.5883274,12.319308361140894,2.5161593800701185,352.7056474938294,2.972979484091779e-06,4.643001861004551e-05,1174298838.3974988,29.9210098036816,0.34413001213625616,46.57330371757052,0.0008862640905893998,6.130889521342105e-06,1121964823.3296354,29.945969264227145,0.33708976239190147,38.19527995190882,0.0007746882690194085,5.028010102996864e-06,1104657405.8482113,29.260622667810583,0.327412742741244,35.69768861790666,0.00075272332625067,4.6992282619858334e-06,1.0,0.6296968800028103
NGC5005,4,262.2,10.951143160107552,12.679242558710731,18,13,5,False,226561365.20636076,31530823.501406174,11.57544586303026,0.344564739766785,0.03132406725152591,5.474463454689858,171175.44232010594,499.9999999993096,1.654347888781744,0.15039526261652217,6.784246603704817,0,0,False,0.344564739766785,0.03132406725152591,5.474463454689858,0.344564739766785,0.03132406725152591,5.474463454689858,,,,,,,,,,,,,,,,,,,,,,,,,,,,,,,0.10597921407621595,0.013247401759526994,12.9307260013839,8099615070.633564,4.238749864363408,0.8157799669535594,207214.45697155563,0.0013515828248666006,0.0009146063221450699,,,,,,,,,,,,,,,,,,,,,,,,,0.04903791508437841,0.009807583016875681,20.568632774776674,7496584281.113713,3.7367601225021425,0.6240710393411378,147998.0221844279,0.0016559243849853986,0.0006532359215333366,5105930963.917897,5.941850534499336,0.5586762264467268,27843.638240680724,0.0010866308013509115,0.0001228966739996454,,,,,,,,,,,,,,,,,,,0.044507798464460235,0.022253899232230118,28.258950730541365,4314199325.91506,3.313833363459262,0.2633541669563573,13378.76110287958,0.0015746440746283068,5.905137926183351e-05,5281432092.949069,5.473210472947138,0.6659523134352301,32252.983588027357,0.0006378895239272185,0.00014235870956484618,580711756.8046567,11.898997161573158,1.3012920244665913,2.176850936708426,2.563658769822206e-08,9.608217776784963e-09,,,,,,,,,,,,,0.12348007130175184,0.12348007130175184,36.032771075763264,1033175943.5573633,3.2423812738487823,0.6195833936059012,26.684443002991504,2.3214959228749047e-07,1.177802004268746e-07,7243907527.864088,4.7300240620322125,0.8374631762026983,127491.75660353876,0.0009599580179547553,0.000562725054589137,403579223.6902531,7.137171970688287,1.8509494417355303,0.447085188790818,6.768609563616683e-10,1.973351406951471e-09,282713392.35201013,9.671452276246058,2.645742559641128,0.09505101547805675,8.70178843947641e-11,4.19537617949471e-10,,,,,,,0.12323479270711908,0.12323479270711908,43.72737386955324,386629331.6371261,3.3099138994601636,0.9773981474428549,0.37096451980249306,8.523269769443357e-10,1.6373688402901544e-09,4998962168.203589,3.7533928426101624,0.6583138709710241,25393.77970737539,0.00024427262338276736,0.00011208345114024963,4974887359.74539,5.83677537542967,1.21626832465858,24866.069673607115,9.101904497548098e-05,0.00010975423656614245,2716067.4095737077,7.840605813285766,2.0382080503296818,1.5930938761900477e-10,2.1560606980226015e-19,7.031621983470116e-19,1895116228.5053737,9.895749115238685,2.664862676212857,373.5217969719057,3.503902448120669e-07,1.6486561891595583e-06,1.0,0.2082782842129543
NGC5033,5,194.2,10.742367653317965,12.288092173364491,22,20,2,False,60464243.16290597,50744914.102036096,7.330155046448135,44.54004314249016,2.4744468412494536,50.53150768959814,16909767.423898425,12.5656566141721,81.28021747753348,4.515567637640749,87.27168202464146,0,0,False,44.54004314249016,2.4744468412494536,50.53150768959814,44.54004314249016,2.4744468412494536,50.53150768959814,,,,,,,,,,,,,,,,,,,,,,,,,,,,,,,43.199891307036275,2.8799927538024184,58.17855267480623,4522433757.853022,11.99999485379944,5.920096737955597,16423.629228873106,3.01854383257532e-06,0.0002716254825951214,,,,,,,,,,,,,,,,,,,,,,,,,30.876432276527986,2.573036023043999,54.842290464959916,8307599348.025132,16.921475615100988,2.6695788095607837,231376.1629097753,0.0009421706360310676,0.0038266610281780817,8143749373.986725,19.64971986678945,0.5334073955255549,212171.05631902476,0.14766904599722908,0.0035090335249443588,,,,,,,,,,,,,,,,,,,29.26473165907454,3.251636851008282,62.21778666816844,350459561.0914307,17.22941287967826,2.74527110793496,0.2419774637036672,9.410824495024566e-10,4.0019927654054765e-09,10190709282.423502,20.668311083201154,1.3549801533488404,562715.9090773747,0.026412134041587935,0.009306589806495645,10197520942.456553,16.82650691095121,2.522289542808555,564353.9065287246,0.002692354192560417,0.009333680155529482,,,,,,,,,,,,,38.76814197524938,6.461356995874897,80.70839380500524,7679195609.799316,5.452196283747355,0.28383943982189586,164332.486721138,0.0526455764321191,0.00271784575684483,7462786114.150809,8.431879441542078,1.9478359992790617,145117.34605345936,0.00036856736625341755,0.002400052303019431,7196275392.776298,16.758825978564794,3.0126540691621115,123885.02730518427,0.00034390431165469323,0.0020488973453518084,6723812655.57563,11.473529075947495,5.368782040405772,92199.3540836943,2.075653391038109e-05,0.0015248574903234282,,,,,,,27.868098123711526,9.289366041237175,78.79554677412938,4659828904.810059,14.137492211967112,0.6756407158546047,18707.22517182707,0.0032320448234612192,0.0003093931916326989,4851255333.375451,19.12728150448092,1.3778446199675205,22287.711601544717,0.0008518057114652692,0.00036860978382704607,4949192238.399857,20.157448673554033,1.8766475037564239,24312.202578176075,0.0004086608838936374,0.00040209223346553515,5040775464.705757,20.846382789870525,1.674162662232925,26330.765447443428,0.0006665411194068478,0.0004354766399126453,4548271811.063698,19.452153082635757,2.0420795041032718,16835.72747712121,0.00020471766440043176,0.0002784410520406499,1.0,0.5479813480420546
NGC5055,4,179.0,10.883439973667864,12.181903589588211,28,22,6,False,42243059.500908844,8183646.681664014,15.641145206126094,190.57790347225583,9.528895173612792,196.75998837897245,458897.4812215627,79.43868955231743,604.1093806877768,30.20546903438884,610.2914655944935,3,3,False,41.80081576076884,3.8000741600698946,75.80228274771032,190.57790347225583,9.528895173612792,196.75998837897245,,,,,,,,,,,,,,,,,,,,,,,,,,,,,,,162.8618674951225,9.580109852654266,178.3170797619141,2203493054.6705933,11.914745452452136,0.788305123594404,719.6740347153952,6.57978643407529e-05,1.703650358705462e-05,,,,,,,,,,,,,,,,,,,,,,,,,59.38895187948391,4.242067991391708,84.11729150635044,7371666371.33879,11.861624176553065,0.45051175664536186,137565.861228838,0.06675496997922195,0.0032565316729930116,7313354734.974197,9.17981500740832,0.7123385363501051,132894.61444826968,0.009353822925880518,0.00314595145376273,,,,,,,,,,,,,,,,,,,41.80081576076884,3.8000741600698946,75.80228274771032,6936210827.777912,11.440468947663373,1.1157556627496092,105555.76082791708,0.003124585346005602,0.002498771681668703,7076204937.891714,11.720735429426382,2.241103010173724,115141.46472236831,0.00044266044380169287,0.002725689523503644,7376828134.778055,9.25279061736007,1.0950858572567626,137985.37063455774,0.002719172126158475,0.0032664625210583774,,,,,,,,,,,,,40.08999000346703,5.011248750433379,83.36458435048345,1276529732.3525224,8.057869685824357,0.6290183863872604,66.96294812093058,5.203254897136433e-06,1.5851822503407902e-06,5237481150.462712,11.584369742736527,1.85681003243362,31101.601848963994,0.00020515197375436275,0.0007362535341052855,7257491980.473229,11.808192147281666,1.9660680194120654,128535.0456260187,0.0007433776685865399,0.0030427494396624687,7677143311.071185,11.460782104348638,2.037428764073949,164141.52640960086,0.0008011157928200412,0.0038856448455412995,,,,,,,50.997432458772614,10.199486491754524,103.54515416586398,7451283452.041634,14.159813893651176,2.646339504616342,144146.87044578278,0.0005025695604404727,0.003412320796572074,7507432535.035073,11.045610473106352,1.4876921942784445,148931.90885739747,0.0017210139279464035,0.003525594751350651,7493561567.1365185,11.78784440880845,1.9516455423970098,147738.6129246387,0.0008703744591778754,0.0034973464202198742,7484826155.332122,23.25037542837281,7.237713830877932,146990.90785133163,7.589569369109353e-05,0.003479646351092756,7497087914.944365,29.473277872398217,9.873244272049469,148041.27809977895,5.0423778161160734e-05,0.003504511269989663,0.21933715818662142,0.06919411798104962
NGC5371,4,209.5,11.230950624806642,12.386896578555476,19,19,0,True,84413469.12306911,80374395.42118196,4.415269584590223,208.40620858596165,12.259188740350686,214.29508654429452,18686984.691142257,8.913641148932788,149.92172345406078,8.8189249090624,155.81060141239365,4,4,False,13.399767143309838,2.6799534286619675,54.62191285164,208.40620858596165,12.259188740350686,214.29508654429452,,,,,,,,,,,,,,,,,,,,,,,,,,,,,,,inf,inf,inf,,,,,,,,,,,,,,,,,,,,,,,,,,,,,,,165.14013552909793,15.012739593554357,188.69564736242944,3319105996.2996507,0.2585871207853855,0.057935296974863375,4276.041192976044,0.0006519140375177463,5.065591116438854e-05,1768798232.831405,1.0271849038769532,0.7698467684447383,276.6945380118222,2.727271134812335e-07,3.2778482022628444e-06,,,,,,,,,,,,,,,,,,,115.91374439941326,14.489218049926658,148.3025731702441,4404905261.628149,1.2113746041789506,0.759669651649327,14646.17062871915,2.0603527729653545e-05,0.00017350513823055926,6864326849.024671,1.4108867948960766,0.8813011317127519,100879.07751202621,0.00012128318250754663,0.0011950590179506942,4872912.824831409,6.536079862131665,4.857649708387329,2.025259102804212e-09,2.186344225661374e-19,2.399213210692149e-17,,,,,,,,,,,,,13.399767143309838,2.6799534286619675,54.62191285164,8962250252.195692,1.642983028993582,0.9977521148338129,321820.89577660826,0.00035731257609833466,0.003812435374589513,10674239110.222607,7.404796923391855,0.8823525290325599,688439.2657685161,0.015412556349058543,0.008155561818752152,1871124861.6530144,3.339263024130024,0.03412148613924073,353.3841335394182,0.03636016043970409,4.186347714536031e-06,10799451739.746292,3.222528794751836,2.093795095243685,724264.8857228954,0.00030376962853482977,0.008579968259176346,,,,,,,13.287799768988497,6.643899884494249,63.343262414817985,7405198232.142314,1.0764887797735454,0.7103832816811161,140308.69851933295,0.0001926139718925588,0.0016621600791548133,10805882877.076777,7.067510629716463,1.3677768754052144,726142.9305111469,0.004033067503327601,0.00860221642416425,3112467644.0826435,7.342771921446913,0.18984529324752994,3233.002775244163,0.0071684931083038856,3.8299607975246984e-05,6217389414.450693,3.0716307333250126,0.9634484821681509,65583.57732736714,0.0002603789258983143,0.0007769326152411854,5470003639.796658,2.8670112677420523,1.0282477639109715,37570.42662310083,0.00010908836403712679,0.0004450762065983297,0.06429639133223237,0.08937842251670627
NGC5585,7,90.3,9.16776026643563,11.290407747589052,24,24,0,True,2080789.4153104878,30063114.47920072,4.483990376163463,113.780269166104,5.171830416641091,120.1363768267999,180466.38389974122,157.3738329493612,155.7270484933246,7.078502204242027,162.0831561540205,1,1,False,70.30614752427415,3.700323553909166,86.19641667601388,113.780269166104,5.171830416641091,120.1363768267999,,,,,,,,,,,,,,,,,,,,,,,,,,,,,,,70.30614752427415,3.700323553909166,86.19641667601388,3809701362.7334766,3.647209916203981,1.2140905807500852,7788.889806376706,0.00014517855781187138,0.0037432379024354445,,,,,,,,,,,,,,,,,,,,,,,,,70.14326186102814,4.3839538663142585,95.5676925038117,2782628206.699942,3.406918282276235,1.1377952421434625,1986.0036696657817,4.180532161001538e-05,0.0009544472184704176,1646666276.6241896,4.165259290458218,1.3343831094678464,202.69093324514157,3.2989089874439282e-06,9.741059414938284e-05,,,,,,,,,,,,,,,,,,,63.69909175245106,4.8999301348039275,98.65768388627846,2103304972.698613,2.8922410804388723,0.9951779729593023,587.7935030188042,1.5300362280845686e-05,0.0002824858194172887,2806256493.9502187,5.368866255662064,1.5666785200519096,2060.411810152395,2.9065924991905398e-05,0.000990206791226371,1938436971.6865778,5.962917511277152,1.5758219754123806,412.1115889859626,6.67530340486789e-06,0.00019805540433531513,,,,,,,,,,,,,61.17630674657715,6.117630674657715,105.66906037144838,2661312219.1083813,3.158818150009389,1.0613268033708037,1635.9380425501736,3.885875235641969e-05,0.0007862102865926319,3254104918.670252,6.277416011597706,0.6220293680708012,3923.5324448039164,0.0011195254597405543,0.0018855980407889864,1919183697.4622264,4.419497299927138,1.3459086469396082,394.59990327742565,6.7330144926977716e-06,0.00018963951872013194,1779197082.3490815,8.23832560368274,0.42382010998878233,283.8406881495429,0.0004021859115421386,0.00013641009804309738,,,,,,,60.55642999845393,8.650918571207704,114.58334511436901,2786322637.01468,3.038402273689693,1.020961752060296,1997.4991557325698,5.096270613319037e-05,0.0009599717977393259,3338444112.131905,4.969691827201006,1.4527868781547606,4385.477422963548,6.939839518170164e-05,0.0021076027159188343,3883088696.4376535,6.892658194682529,1.0534930795726711,8462.940772928334,0.0005804975527621366,0.004067177923271743,917282906.6925274,7.694927445095122,1.6343082298364466,15.903377125547756,3.5119839010042857e-07,7.64295368312161e-06,2527153149.4749765,10.450836809190747,1.981847870686056,1306.3131333929257,2.7828225653342513e-05,0.0006277968946694216,0.6179115943348364,0.4514703656461318
NGC5907,5,215.0,10.943061489536872,12.42065987639535,19,19,0,True,94608738.61937612,49664025.7852989,7.443288924833738,171.44686914593345,10.085109949760792,177.33574710426632,15157933.210406765,13.29223285575206,97.0682739218363,5.709898465990371,102.95715188016918,4,4,False,59.45977117159752,11.891954234319503,100.68191687992768,171.44686914593345,10.085109949760792,177.33574710426632,,,,,,,,,,,,,,,,,,,,,,,,,,,,,,,153.1900010689103,10.942142933493594,167.9121959647425,3177351127.2552886,0.5464652882478802,0.4126056642763804,3536.5814801262763,1.1943814214609779e-05,3.7381129182521146e-05,,,,,,,,,,,,,,,,,,,,,,,,,126.06172569515614,11.46015688137783,149.61723752848766,5660482870.985215,1.390376476974855,0.11842331241447783,43602.62545137486,0.03746825774724558,0.0004608731295614687,3090249923.369093,1.8945601089659003,1.0698407223440933,3133.8065130705513,6.374917412048545e-06,3.3123858945824055e-05,,,,,,,,,,,,,,,,,,,113.97127679274845,14.246409599093557,146.36010556357928,4721271567.955067,1.0395585971142751,0.08520447374988799,19804.16658800166,0.026485633011564546,0.0002093270333903988,3244114929.075003,1.9596243314232509,1.2467530076775877,3871.4050050336896,5.278314227584722e-06,4.0920162994761834e-05,2819493184.8213863,1.5187965028431212,0.858810793920704,2103.023200629294,5.570640370437045e-06,2.2228635867243128e-05,,,,,,,,,,,,,59.45977117159752,11.891954234319503,100.68191687992768,8684648645.2744,1.7102266991811945,0.217822897830012,280654.68741516006,0.05643910344706982,0.0029664774259835786,8683681722.106384,2.042404641719802,0.23993477228044666,280518.78715799283,0.05764914140955578,0.0029650409809030246,8682479478.00109,0.8984049168745152,0.16470553280666117,280349.88342256664,0.039253633080983605,0.0029632556940691547,5452091035.177714,1.3842675731449408,0.4990897595437941,37038.16649732458,0.0004217447116604528,0.000391487795290604,,,,,,,59.51798279632035,29.758991398160173,109.57344544214983,6316582067.870882,1.9707916816806381,0.4644729999857961,70258.2490585246,0.001871011912915227,0.000742619023187521,6316339220.941114,1.941063516835357,0.23290028875015906,70246.49983716647,0.014450482357620989,0.000742494835701993,6315413387.962076,1.7264077530687927,0.5007378638508778,70201.72082386707,0.0011817643461360136,0.0007420215283315232,6218907349.420689,1.0455808805497009,0.2214306305097902,65653.25715280906,0.0050577523346363425,0.0006939449580544677,6219738827.921841,1.046008768430566,0.22183398308308774,65691.4497973982,0.00503705858388458,0.0006943486485078707,0.34681164764219813,0.6125561810182921
NGC5985,3,293.6,11.018550716122284,12.826612650380634,33,33,0,True,372673621.8291424,310377223.0274871,4.242461338162654,111.89964540163491,3.6096659806979003,118.89266052456787,84110331.43257642,7.965029675054545,81.497981605789,2.6289671485738384,88.49099672872195,0,2,True,111.89964540163491,3.6096659806979003,118.89266052456787,111.89964540163491,3.6096659806979003,118.89266052456787,,,,,,,,,,,,,,,,,,,,,,,,,,,,,,,103.89051227312454,3.7103754383258765,121.37305008045695,12899155278.134018,1.0766788782280985,0.1658440966780675,1568705.8922157448,0.24786858232444484,0.00420932902231256,,,,,,,,,,,,,,,,,,,,,,,,,88.09340015386906,3.523736006154762,116.0654606456009,9954284171.38025,2.865016068133627,1.1464922358651937,508093.5137630691,0.0008913041870356223,0.0013633739658558714,8650853708.656403,22.255372659539926,0.3420025128006385,275934.8219663051,0.517706458980173,0.0007404195140293868,,,,,,,,,,,,,,,,,,,103.26510503084285,4.693868410492857,141.72668820697413,3746472580.9213614,2.505754756518611,1.9969710302434076,7241.993479955131,2.0459921422137175e-06,1.9432535751820203e-05,3740251925.0378428,1.1094810517100226,0.2410348800380595,7189.831622503976,0.0003875906686674728,1.9292569158007804e-05,3735052325.4370227,1.645755354471783,0.29941997018726696,7146.454006985347,0.0003533190022272983,1.9176173435375962e-05,,,,,,,,,,,,,77.7793285466924,4.093648870878547,126.73043440722313,13899327993.918602,1.627025132989542,0.26993010247357185,2170816.155538892,0.1442641016535438,0.005824979360986633,12659150776.489632,3.7943376951375574,1.4870706390923543,1445639.1152256832,0.0016479568988685492,0.003879102331230884,10815276731.465092,5.510313525356986,1.069864279027401,728892.8963276537,0.0037067249539963357,0.0019558478347625717,4906292068.92629,4.448902052494711,1.6594344267041772,23408.699204932076,2.3792649314977455e-05,6.281286850955106e-05,,,,,,,68.04121688118992,4.25257605507437,127.48184542612009,11673283630.46419,1.4692233804654777,0.26337233084733075,1015990.6583073612,0.06326645676392519,0.00272622101162061,11055275793.917072,4.509567533441426,1.2823675628824536,801913.784256791,0.0017989970814066018,0.0021517857376673684,11252998192.342663,5.3469369136353135,1.0076220258045434,866197.4155685203,0.005058537824629405,0.002324278845701725,8937304061.168133,4.326525112680919,1.318247750390431,317942.38010587875,0.000620816651199137,0.0008531389437904571,5899785161.604786,4.336754242081487,1.335865392459544,52208.04828451475,9.82725988468267e-05,0.00014009053827922997,1.0,1.3730357880873754
NGC6015,6,154.1,10.20586721288659,11.986752412803792,44,44,0,True,21854135.87827992,166194728.66679484,3.000356773571081,661.7902808157957,15.756911447995135,669.3586600836322,24736733.876959972,7.817785508450332,347.8968995744597,8.283259513677612,355.46527884229624,2,2,False,30.772831990638455,0.854800888628846,61.04634906198454,661.7902808157957,15.756911447995135,669.3586600836322,,,,,,,,,,,,,,,,,,,,,,,,,,,,,,,620.9936840305627,15.922914975142634,639.914632200154,4147227216.8558483,17.281952820745204,7.11462708105875,11267.992791107763,5.3055252432488604e-06,0.0005156000152038332,,,,,,,,,,,,,,,,,,,,,,,,,30.772831990638455,0.854800888628846,61.04634906198454,2401615744.711368,1.0157954066812729,0.29729864994657884,1046.6231127389997,9.556472471668659e-05,4.789130618425424e-05,6980462231.963061,2.680489584626583,0.4568135791262011,108516.60302499092,0.006788384480413305,0.00496549502709196,,,,,,,,,,,,,,,,,,,132.61827754310627,4.018735683124433,174.24436351620716,7214453598.757719,2.5011268041083783,0.8081730711112576,125252.09063505963,0.0013297899530392322,0.00573127628256139,1558924846.2721899,1.0563102807956744,0.47297565126333085,159.7311168634143,3.7659670472043162e-06,7.308965120060665e-06,1157294238.0394392,10.95279477887018,2.60532499684097,43.70996816824192,1.4628628094454595e-07,2.0000776242854686e-06,,,,,,,,,,,,,31.419390898701735,1.0473130299567246,84.39804577355739,7154206776.738513,2.653257780419709,0.5464670470234969,120765.38611219291,0.004375375158302873,0.005525973975123743,2114923201.922711,0.961810061693824,0.2703211110502751,602.0485536179781,7.035752669246924e-05,2.7548495029553358e-05,321671954.8151399,11.999216807334802,0.16638359261613503,0.16666615356563985,2.6042689271551708e-06,7.62629803776793e-09,2033988220.1627474,11.999999574761585,0.8011195200410396,508.06079704205894,7.113056964399336e-05,2.3247809928142856e-05,,,,,,,30.79210964185606,1.1404485052539282,95.1233334184665,2537468632.422559,1.0934441179733205,0.3347901491356509,1329.6672375465607,9.145516932850209e-05,6.08428191785918e-05,7104776823.617735,2.7171204749788584,0.4693673304765819,117177.55058767475,0.006835770704760465,0.005361802051580247,1213881.8416530942,8.786919166328195,2.3656564287334376,4.794765864744787e-12,1.3276988278193483e-20,2.1939855647690653e-19,5899201306.308999,11.510932286016155,3.781791536142137,52185.57721455348,6.350896407642292e-05,0.002387903942082603,1383977786.565849,11.827944074424861,3.790032379968446,95.1725421978144,1.2196216758433493e-07,4.354898437892625e-06,0.04649937130038306,0.08845388397619854
NGC6195,3,251.7,11.29123116882462,12.625994143293624,23,20,3,False,189272786.98580575,5685976.660105834,23.091938544987933,31.945113908157726,1.774728550453207,37.93657845526571,66543.98653650838,499.99999999999994,17.976494605939045,0.9986941447743914,23.967959153047026,1,1,False,6.247096082419842,0.4164730721613228,21.225757450189796,31.945113908157726,1.774728550453207,37.93657845526571,,,,,,,,,,,,,,,,,,,,,,,,,,,,,,,6.247096082419842,0.4164730721613228,21.225757450189796,4213890382.9855523,2.251162958921487,0.16684884754812235,12077.361558653229,0.0033441508339615857,6.380928685516188e-05,,,,,,,,,,,,,,,,,,,,,,,,,5.741315842396582,0.4784429868663818,29.707174030828508,4394994056.995921,2.2653075662117588,0.1595367357063468,14503.358121602341,0.004651152919368861,7.662674784141051e-05,3037171160.59966,7.460585005494435,0.6723401769316097,2906.3058303877574,0.00011659018780087223,1.535511721822806e-05,,,,,,,,,,,,,,,,,,,5.706637770029903,0.6340708633366559,38.6596927791238,3025217534.365042,2.309243513947959,0.1362919492101658,2856.87506722006,0.0015264537866101764,1.5093955727688985e-05,1211677640.27284,0.9462761533637198,0.3524893181324911,53.37450465859026,2.791034729201687e-07,2.8199777426320144e-07,3931455238.4188523,7.049091366580177,0.1459372856597921,8931.14229634968,0.031483781777486945,4.718661588165582e-05,,,,,,,,,,,,,6.393074219760582,1.065512369960097,48.33332604951646,3264225823.9420333,1.8673418025366342,0.06207617626741068,3976.8925186179786,0.014754759144879004,2.101143319095428e-05,925009619.1050915,11.999999999999998,9.599999900539757,16.494387112975637,5.806351219214131e-10,8.71461099910396e-08,5314680605.719174,8.325646340181374,0.10952973278295806,33145.585085168874,0.3776160865220221,0.00017512071129197553,924572089.2629045,11.999999999999998,9.599999895089855,16.460475942419247,5.794413824851875e-10,8.696694440101248e-08,,,,,,,5.756947449216822,1.9189824830722741,56.68439609963467,2372389449.5562906,2.3416256708564203,0.07101388047645636,992.3366473691596,0.0038527805713218545,5.242891295533037e-06,1684199925.6620858,0.2114766019267393,0.16875744581128493,223.5693945721958,5.329769746664299e-07,1.1812020002059887e-06,461616392.60010064,11.999999999999998,9.599999999999998,0.8020904012832549,2.823517116919585e-11,4.237748141487485e-09,3816235588.017704,6.572215425610879,0.14440044172132116,7847.16927028854,0.02500805491298674,4.145957480341338e-05,474426062.07727593,11.999999999999998,9.599999999999998,0.9035103720233729,3.1805355065226285e-11,4.773588355790051e-09,0.19555717035100445,0.34751469735128093
NGC6503,6,116.3,9.807704112938383,11.62008364083388,31,31,0,True,6335089.771241936,45670002.34893084,4.502265851842735,73.85803114800663,2.546828660276091,80.72600555697693,9420508.80976614,10.054673267233335,56.203648393694124,1.9380568411618664,63.071622802664415,1,1,False,20.952963879159945,0.8058832261215364,38.122899901585676,73.85803114800663,2.546828660276091,80.72600555697693,,,,,,,,,,,,,,,,,,,,,,,,,,,,,,,20.952963879159945,0.8058832261215364,38.122899901585676,4620028895.674842,3.2011316445099505,0.654289844442785,18022.059096822075,0.0006446352761674629,0.002844799323702246,,,,,,,,,,,,,,,,,,,,,,,,,14.028044034363434,0.6099149580158015,41.4999416702446,4129191340.02916,3.304055363715982,0.5167345935509076,11056.375606772783,0.0008579537532604215,0.001745259500025251,3213434610.860049,11.999999999999998,9.599999999999998,3714.643853575332,5.657820147057857e-07,0.0005863600971272599,,,,,,,,,,,,,,,,,,,11.194451894943423,0.5597225947471711,48.96831114428004,3861938267.682626,3.2692603497224617,0.4850923208485402,8264.244817982539,0.0007580967599489323,0.0013045189754844484,3581771664.852564,29.999999999999996,23.999999999999996,5955.604502914855,4.424153648277591e-07,0.0009400978862131126,5762535062.271644,21.689847041768928,1.03408681341406,47126.922131514904,0.02101564390500806,0.007439029884856092,,,,,,,,,,,,,11.557063915314139,0.6798272891361258,59.63288477810619,3891454626.258571,3.2774849851928733,0.49946838183663955,8542.54103966715,0.0007216870164859941,0.0013484483011505083,4678826971.84461,28.920720797618245,19.64653244889765,19041.2688003077,2.372958247160767e-06,0.0030056825535046574,4455026648.534604,22.365471606041815,1.4111954717678394,15385.047163319625,0.00289876112859975,0.002428544459331873,4599315589.0352,22.629482700567745,1.8093524825859915,17673.21110602246,0.001623640197426488,0.0027897333335748123,,,,,,,9.93036220952589,0.7093115863947065,68.30814468577339,2248675633.457719,4.380499167524285,3.401204612162656,786.1069584433042,3.8366958317160434e-07,0.00012408773779526018,2396396604.9983253,2.98870646269298,0.23032104831060232,1036.7649966189015,0.000738642219374393,0.0001636543496708261,2483051623.334002,3.801635856788845,0.4541584451818343,1210.0073463526037,0.0001862803946449336,0.00019100082083215578,5346785360.212879,7.955099950512666,2.509496142107324,34025.41756458878,0.00012889100811033766,0.005370944815817253,1917156467.9239752,9.07366414735427,5.820640683677508,392.7899633089712,1.5406119049084825e-07,6.200227265792452e-05,0.2836924238769862,0.372804337049244
NGC6674,3,241.3,11.030708990148176,12.571016462374892,15,15,0,True,157200616.54324117,33300736.642531417,10.95584262702054,276.95636964053284,21.304336126194833,282.37247004273723,10521148.038150793,19.261173269971348,176.8655422260207,13.6050417096939,182.28164262822511,0,0,False,276.95636964053284,21.304336126194833,282.37247004273723,276.95636964053284,21.304336126194833,282.37247004273723,,,,,,,,,,,,,,,,,,,,,,,,,,,,,,,276.95734229230607,27.695734229230606,290.4975932978171,1000001.5260428423,15.722647558696814,0.2193309334438217,2.063492444151035e-12,9.512943958834702e-18,1.3126490783090727e-20,,,,,,,,,,,,,,,,,,,,,,,,,276.6231550646329,39.517593580661845,298.2875566734506,2923208037.9005723,28.45785809994078,22.766090898374088,2460.8763933368054,3.2786699755160625e-08,1.565436858614287e-05,4434995824.045909,29.549269159230754,23.52304646974804,15086.39541117255,1.9751754958465678e-07,9.59690600642316e-05,,,,,,,,,,,,,,,,,,,344.7017186032353,86.17542965080882,374.4902708153596,5219221492.996261,0.2195509277054537,0.06962709330194805,30632.67448623763,0.002003607550585056,0.00019486357725455547,5113087635.122828,20.972995736167963,12.192293683768614,28013.803500507503,1.3030735365818091e-06,0.00017820415795126188,5262189659.451162,26.096666547774937,14.39887921864861,31744.92177686466,1.3935884932718935e-06,0.00020193891394905937,,,,,,,,,,,,,245.1263750422072,245.1263750422072,283.0390778576381,12155821010.292442,3.3576533393400227,0.4736630080458044,1211746.266728981,0.04905411729441852,0.007708279352680948,4024982859.324672,7.362009582700391,4.190254922689381,9892.898499515935,1.954109804439347e-06,6.293167747719804e-05,723873321.7625695,14.003869815439451,8.842792751667794,5.677173725546482,3.236420476388257e-10,3.611419503551923e-08,9828852.417683335,25.960178664800527,20.007206080762728,4.2853593068911153e-08,6.936810442702078e-19,2.7260448471029637e-16,,,,,,,237.20209099003335,237.20209099003335,283.2389444087709,12874335325.09156,3.4128591866475304,0.5872774040555201,1555617.9728151353,0.03395841153891781,0.009895749819703993,6258748968.452907,7.15744442087653,3.9422336332995536,67502.64148637043,1.5370591695084547e-05,0.0004294044321881045,2186699789.7543325,12.684727594875188,6.016513884627111,696.1179937952965,1.0575849281257821e-07,4.428214145100476e-06,38495000.07808412,19.483311337609685,5.570597023739614,1.625956090253433e-05,6.861856071080458e-15,1.0343191559978273e-13,141137033.20770743,25.774687347464376,7.297961374938665,0.004629544687736293,1.5213588753070394e-12,2.944991431673453e-11,1.0,1.5659147969399472
NGC6946,6,158.9,10.519650828475031,12.026716188270672,58,55,3,False,25011928.373852707,32683758.160595324,6.345145121323888,63.22039086185041,1.19283756343114,71.23505723231536,1642215.9925358016,38.1812606228639,101.2097302000662,1.9096175509446454,109.22439657053114,1,2,True,31.36046753753708,0.6272093507507416,51.39713346369943,63.22039086185041,1.19283756343114,71.23505723231536,,,,,,,,,,,,,,,,,,,,,,,,,,,,,,,31.36046753753708,0.6272093507507416,51.39713346369943,4718505455.997692,4.139547420053485,0.3618656479551138,19753.74338959913,0.0035885126363704883,0.0007897729073240732,,,,,,,,,,,,,,,,,,,,,,,,,17.951003162937166,0.3819362375093014,50.00966864479693,5380553315.438887,4.249051391107229,0.42628806022377363,34970.12504575396,0.004031434864919022,0.0013981379013667525,5730673299.447171,11.069692493837696,0.1625480978500519,46003.89243721068,0.565967865626127,0.0018392781136100974,,,,,,,,,,,,,,,,,,,11.793723884141983,0.26803917918504505,55.874388921699165,5169350514.595817,4.057214485473361,0.3862020597119736,29379.643230883994,0.004258068746219917,0.0011746252744589364,4137941442.1125245,6.771157194063469,1.1238657709720108,11158.65578789566,0.00014285510033270945,0.0004461333656928603,6998990913.977565,11.034749404810302,0.28063345169232246,109775.17023619519,0.26050933857399716,0.004388912705785348,,,,,,,,,,,,,18.101965058373587,0.44151134288716065,74.20462965162818,6196522665.793053,4.322223928775163,0.49530758303781486,64631.46279270795,0.0048652458990083355,0.0025840255827804634,6570685519.4046135,11.10606936405246,0.264747305270321,83407.76156062866,0.23932342629097764,0.0033347193512605184,7396690307.173968,29.999993109993564,13.459606565901026,139608.8162440684,2.8149397073775557e-05,0.005581689430632405,7500023409.204256,29.024280243277296,1.3617886346521544,148293.59453484224,0.026919170508316027,0.005928914888860281,,,,,,,11.442163604066698,0.30110956852807097,79.5668277530187,3136241721.762993,4.101978523381313,0.24120583097189838,3341.8076336560844,0.0020223638157026674,0.00013360855603399162,2513171245.8038087,4.1901669087944615,0.6830556474918185,1275.1640408726794,3.503829666185132e-05,5.0982236227964206e-05,3145915550.230021,6.835659554957528,0.8460294288621272,3386.879236270266,0.00010321460508626619,0.00013541056033931738,1774584049.5873177,8.737780264155646,6.958650525561962,280.65326267460745,2.6175373375966156e-08,1.1220776682216968e-05,6231871335.122861,11.0400153289455,0.20268249467412672,66250.6860879735,0.41779437132344455,0.0026487636258078965,0.4960498837482066,0.30985625073345535
NGC7331,3,239.0,11.098004791250704,12.558538199492949,36,28,8,False,150713721.15253967,7273057.142712636,23.2551071564545,12.214042573437359,0.46977086820912917,18.878451593787766,89105.30124436862,499.9999999999589,15.118121467717556,0.5814662102968291,21.782530488067962,0,0,False,12.214042573437359,0.46977086820912917,18.878451593787766,12.214042573437359,0.46977086820912917,18.878451593787766,,,,,,,,,,,,,,,,,,,,,,,,,,,,,,,8.463957094993772,0.3679981345649466,25.124979645869793,6091683201.213137,8.030493412488193,0.11202553529447734,60007.74365854444,0.530862005596335,0.00039815713658751534,,,,,,,,,,,,,,,,,,,,,,,,,6.80235033469545,0.3401175167347725,33.45998641609708,1005344.3481490555,11.894173147293214,7.6085932670829095,2.1118815556847917e-12,1.5302577441120422e-22,1.401253674539244e-20,11185818441.025114,9.17500558807452,0.9970794909168855,843926.8061104104,0.014860513934244266,0.005599535328679591,,,,,,,,,,,,,,,,,,,7.408308668100673,0.4357828628294514,44.062558280027915,1921288404.3204343,10.33687497717634,0.8620425040257834,396.485804829095,1.4311378874853397e-05,2.6307213556740838e-06,1603639805.0036285,10.131434870350416,0.10376719660886338,180.64032259331418,0.0035669717252758775,1.1985658718524065e-06,5435109533.016428,8.773456059611023,0.977519227227443,36538.953812559914,0.0006137291934483145,0.00024243946425805702,,,,,,,,,,,,,8.21896888114999,0.5870692057964279,54.86983202360285,1800442202.7646108,2.3999999826586405,0.5999999149257598,298.8817874926243,1.5770739759594408e-06,1.983109336077778e-06,477355944.7404736,9.120184343548864,0.48971240091162516,0.928034580067782,1.3596673174024022e-07,6.157598478565226e-09,1074521570.0367925,8.648967194711691,0.5795784846980135,31.65088443490592,2.4656754374963733e-06,2.1000665495394126e-07,5580599387.14709,10.124382418591143,0.36857243906466064,40988.46785487185,0.01803236986382917,0.000271962416835205,,,,,,,5.592057658442687,0.5083688780402442,62.23953433142115,224757083.0843176,1.9999999278128617,0.49999979672842154,0.03503912352445569,2.225674887294046e-10,2.3248794639601565e-10,31989559.172779903,11.042161810308045,1.5497194352622328,7.267514567553527e-06,5.261806495913273e-14,4.8220656433782587e-14,7517444450.808138,10.702780522387155,0.5797787392717245,149797.81896777442,0.019280455430819764,0.0009939229011283037,3081254667.264797,9.95049823481711,0.09984931113546285,3094.318657134328,0.06576011552727587,2.0531101172948417e-05,5631933215.769646,8.229114116759346,0.1900999284252519,42654.03378959894,0.08250400482382263,0.0002830136066140132,1.0,0.8079074241808802
NGC7814,2,218.9,10.571295298417532,12.44408178135233,18,16,2,False,102396091.4423538,74634046.06913996,6.08373185275065,9.931330907937996,0.7093807791384282,15.476508352417557,10676054.036530688,17.17607088893545,13.588658005484108,0.9706184289631505,19.13383544996367,0,0,False,9.931330907937996,0.7093807791384282,15.476508352417557,9.931330907937996,0.7093807791384282,15.476508352417557,,,,,,,,,,,,,,,,,,,,,,,,,,,,,,,7.493296886141538,0.6812088078310489,21.356240497340444,8391278802.349822,18.17067810534182,1.589919760867803,241686.53551369824,0.005795353874946705,0.0023603101652543168,,,,,,,,,,,,,,,,,,,,,,,,,3.669051687310913,0.45863146091386414,25.84976146522916,9326944522.219313,4.386055300118574,0.9733382644633444,382795.092912658,0.0019371015543082947,0.0037383760211996096,6211179163.232454,6.007570083296861,0.7724794999079786,65299.092695116175,0.001297608739760955,0.0006377107932081351,,,,,,,,,,,,,,,,,,,2.1283619728041083,0.4256723945608217,32.626837917441705,8775661977.680468,4.635677491346009,1.5447504219460713,293675.35810365336,0.0004186411742771974,0.0028680328903861,8787570990.347973,5.180247374168798,1.1229868353391785,295412.91781731125,0.001391947386110432,0.0028850018946633394,6472152187.72186,5.921718183178233,1.7093503377643626,78101.96050219737,0.000138836712557864,0.0007627435715763295,,,,,,,,,,,,,1.9128557247350744,0.9564278623675372,40.72909783609201,4472093655.998617,5.6873080074343765,0.8188432785057671,15643.083804878057,0.00023187133933374378,0.0001527703214500593,8912950915.449139,3.960224349711662,0.6827320310317793,314190.89073704544,0.0037083402380787313,0.0030683875361973783,7564947375.461231,6.423332967064783,0.7104941533261978,153959.22418409007,0.0045295913117996975,0.0015035654390262044,2334755836.7068076,11.215142921469877,8.971903188051844,925.6576475861791,4.323057492117165e-08,9.039970515938091e-06,,,,,,,0.37774459066323984,0.37774459066323984,47.51175286873952,4492575292.92807,5.411850314622462,0.49027572525306995,15957.131903319976,0.00099114658285341,0.00015583731447702185,7888161400.073974,3.947330109142529,0.19168108978264517,184690.55162724914,0.09782514427821648,0.0018036875141003294,9906828427.038748,6.211010467414632,0.2988744294176138,497640.4695867728,0.1833775291579366,0.004859955712928073,5242165317.197155,7.522986039910678,0.08325153015521418,31222.782267391693,0.796466158203776,0.0003049216217883596,3608682630.3853655,3.157080429864958,0.6099389380012895,6152.714993536884,6.149298453936232e-05,6.008740086530251e-05,1.0,0.7308544305059346
UGC00128,8,129.3,9.77887447200274,11.758140071289716,22,22,0,True,10098003.99302788,17939881.336496934,8.257130688783494,144.0624311984953,7.203121559924765,150.24451610521191,4192376.7991306307,17.071583099910008,50.45205934853101,2.5226029674265504,56.63414425524764,3,3,False,45.66623446660708,4.151475860600644,79.66770145354856,144.0624311984953,7.203121559924765,150.24451610521191,,,,,,,,,,,,,,,,,,,,,,,,,,,,,,,135.19447612301056,7.952616242530033,150.64968838980215,6639256727.092071,11.999985088645362,9.59998807091629,87260.89457973739,1.4086010306552936e-05,0.008641400284648952,,,,,,,,,,,,,,,,,,,,,,,,,67.91512961309104,4.85108068664936,92.64346923995757,1974287589.5971777,0.5091005365396807,0.07830576463329456,446.3086536516685,0.006037119922183227,4.419771015735587e-05,5167694521.056485,4.672778421269695,0.25516529824952144,29338.724195021612,0.09058241107853444,0.0029053983554847467,,,,,,,,,,,,,,,,,,,45.66623446660708,4.151475860600644,79.66770145354856,2879721481.365813,3.8499259756136035,1.261562101222361,2305.5503671169386,4.986073438515399e-05,0.0002283174346840024,6040075710.909051,6.311207471218067,0.3437084341887996,57827.492850332776,0.0961733642967082,0.005726626062958531,1748224294.4411774,1.9081851263482323,0.42282912658092703,262.9647934116433,0.0001010566500592148,2.604126455022261e-05,,,,,,,,,,,,,75.34193066462998,9.417741333078748,118.61652501164642,4932780950.508428,2.97086007966859,2.2834638624947226,23963.456521355045,7.450441689071111e-05,0.0023730884378636114,3351054297.9895344,28.41026534681904,22.62929626040531,4457.992897395494,2.3221720008685145e-07,0.0004414726811826866,8410880.642424848,26.73629813653453,1.3147255833367761,2.1760075332718454e-08,5.147617080523669e-15,2.1548887629419235e-15,3718948257.2269635,28.383814261001994,1.6455328563008655,7013.383565570073,0.0009484179452742698,0.0006945316688736141,,,,,,,44.58589338800249,8.917178677600498,97.13361509509386,1658742232.109849,3.392333168221356,1.4897381454245033,209.23687447653924,2.5290773572312366e-06,2.0720617126018752e-05,2667448941.56655,6.327243463703596,1.2992241217017888,1652.4110905713042,5.100618771656248e-05,0.00016363739722347146,1657988549.2655241,2.003920229415043,0.2557525591311606,208.82363036668698,0.00037243985857014224,2.067969378016371e-05,5009369770.3905,6.065407085568428,1.5718153218663065,25624.561620470246,0.00042886257186529363,0.002537586798159577,2194453665.894485,11.998834251212584,5.098249994361937,706.9194118209784,7.617818580550031e-07,7.000585584131949e-05,0.31698919757702976,0.9051411390591081
UGC01281,8,55.2,8.246744709723842,10.64916172983613,25,25,0,True,238634.90644176232,28422769.01329979,3.307517251855521,3.8827705206797685,0.16881610959477253,10.320522170416169,50774.98961707641,417.1717228425685,21.670842635045894,0.9422105493498215,28.108594284782296,0,0,False,3.8827705206797685,0.16881610959477253,10.320522170416169,3.8827705206797685,0.16881610959477253,10.320522170416169,,,,,,,,,,,,,,,,,,,,,,,,,,,,,,,2.8013100155814126,0.14006550077907062,18.895689139922418,5663997.879985132,79.99999999999999,63.99999980783112,3.896596241174399e-09,5.3808845134718575e-19,1.6328693481082762e-14,,,,,,,,,,,,,,,,,,,,,,,,,0.37152319121086064,0.021854305365344745,26.122529790156467,985360824.97337,2.5669699174001246,0.7719339262617056,21.71398434037011,1.960600329835491e-06,9.099249000970989e-05,504080330.0103568,11.353049644499938,0.6552111030490846,1.1761803419118886,1.6569100258402431e-06,4.928785815326349e-06,,,,,,,,,,,,,,,,,,,0.3702884924914452,0.026449178035103226,35.77792256604165,1039074139.1314943,2.5896895158251496,0.7752305283278679,27.353470259685018,2.4571645104541708e-06,0.00011462476578781863,1019367505.2867557,6.450300760310881,0.9282855462018185,25.16743271291978,4.330591618637262e-06,0.00010546417155891554,1432023502.198676,11.172586183504999,0.8455264512246716,110.40357419881782,7.00623779508229e-05,0.00046264637409934524,,,,,,,,,,,,,0.37037364479746193,0.03367033134522381,45.43463519295227,1041599178.8356525,2.591188274637298,0.7755240457059743,27.643799568493762,2.4816775994483448e-06,0.00011584139127290708,2248359211.6977096,6.982052356472045,1.0311515703386984,785.6258886781646,0.0001130291923816458,0.003292166684214293,44387545.257826306,9.04947029602885,1.3789647016885223,3.0212447400787697e-05,2.920916217944145e-12,1.2660531458402083e-10,2064463819.97014,10.86923259409357,1.4438800586273193,542.0154316856092,6.53480383997804e-05,0.0022713166307791834,,,,,,,0.37826470752550745,0.04728308844068843,55.09915373028492,1221211698.0820563,2.633975156287645,0.777640833676742,55.22562730179874,4.988560787588148e-06,0.00023142308946020134,1691865045.3623252,6.163092655147389,1.1421898162120858,228.02941467546373,1.9513515077151254e-05,0.0009555576678850761,1849838441.1395109,8.854527770469613,1.1229204540037114,336.2265705104131,5.7755616970041305e-05,0.0014089580419051877,1817385021.3190184,11.16173697346577,1.0465801997610897,311.3108145655281,0.00010396992534325293,0.0013045485222904806,1785870200.9053018,11.591166792898429,0.40527203149864394,288.50080177926515,0.001791443574786944,0.0012089631231283105,1.0,0.17917026052326118
UGC02259,8,86.2,8.935759103745312,11.229866294122672,8,8,0,True,1696031.8288230235,203486442.4701315,1.5996568703829896,13.843928519745662,2.3073214199576104,18.002811603105332,38809726.908397704,3.7118822713442023,4.236950684136872,0.7061584473561453,8.395833767496544,1,1,False,0.14574869974531374,0.04858289991510458,10.542956408144493,13.843928519745662,2.3073214199576104,18.002811603105332,,,,,,,,,,,,,,,,,,,,,,,,,,,,,,,0.14574869974531374,0.04858289991510458,10.542956408144493,3623068591.826305,2.0271134698227655,1.0677555887493722,6260.125204234322,5.354953568097321e-05,0.0036910422893293177,,,,,,,,,,,,,,,,,,,,,,,,,0.06200019436194254,0.06200019436194254,16.69753252780063,3286267139.0012116,2.107348840310598,0.9579312288515472,4095.033499780674,5.091650447778414e-05,0.002414479156692749,2149932105.845273,11.99996480643469,8.485682940762064,646.6177794834144,3.1030000552513024e-07,0.0003812533282067829,,,,,,,,,,,,,,,,,,,0.03356184759471651,0.03356184759471651,22.907418806072908,3149897086.6900434,2.1285501193072416,0.9152820909341598,3405.5651013847864,4.916480928178792e-05,0.002007960607524747,3008637201.922419,11.994040605143601,8.223984039538745,2789.3866788643204,1.4688065884665032e-06,0.0016446546765575977,3029392166.6027083,7.254024569072421,1.996623745876136,2874.063879769505,3.396062377541792e-05,0.001694581334457613,,,,,,,,,,,,,15.972672568285816,15.972672568285816,45.08485415180351,3000000015.0503907,2.1170512773390033,0.9378285506602815,2754.7200341609246,3.67149322717798e-05,0.0016242148215299635,2999999999.9540486,4.86760328012286,1.695450051827931,2754.719973860913,2.3670096986130534e-05,0.0016242147859763785,2999999999.9835086,7.242132482659678,1.8083834378811783,2754.7199739785897,4.3646469153441704e-05,0.001624214786045762,2999999999.9953856,9.605641046839883,2.3416070450338484,2754.719974026048,3.799198030914195e-05,0.001624214786073744,,,,,,,2.538712004773523,2.538712004773523,37.88921821333073,2486489648.909229,1.9303538034480157,0.9209872763837413,1217.3121367395006,1.531340243825068e-05,0.0007177413277581384,2386481066.452221,5.241015949555215,2.224531598266981,1018.2332397644323,4.479887802275219e-06,0.0006003621055101568,2118866504.1979072,7.271951985885147,1.4721506068360026,606.9468203654111,1.7993155708594092e-05,0.0003578628714689908,432359113.055193,8.862882085310282,1.799866465159132,0.6032871640436092,1.5317963769096354e-08,3.55705095736479e-07,3549109852.1568546,10.443304232490243,1.8680894740769691,5722.944998500241,0.0001875947329922065,0.003374314621484274,0.01052798701881707,0.03439943266061518
UGC02885,5,289.5,11.304840450521027,12.8082902008389,19,19,0,True,350312575.6790032,16215113.58514762,18.07981860821555,75.25319532011615,4.426658548242126,81.14207327844903,2951103.368766069,43.36156748116595,44.18693625537526,2.5992315444338385,50.07581421370814,1,1,False,11.663949593247825,0.8331392566605589,26.386144489080024,75.25319532011615,4.426658548242126,81.14207327844903,,,,,,,,,,,,,,,,,,,,,,,,,,,,,,,11.663949593247825,0.8331392566605589,26.386144489080024,14762294494.7782,0.269616283407431,0.11386861567980412,2821105.3996477127,0.0333505406914742,0.008053109124557194,,,,,,,,,,,,,,,,,,,,,,,,,9.825472040902874,0.8932247309911703,33.380983874234396,15278227088.329222,0.317734711017805,0.04596049045414177,3275800.009687526,0.8177691017339319,0.009351077400912927,11052904665.21322,8.567289339650081,1.6856594262614544,801165.8792184613,0.002698180100887192,0.0022870029078047773,,,,,,,,,,,,,,,,,,,11.67380246038072,1.45922530754759,44.06263123121156,8114557838.471181,0.46663035489674864,0.08804437491504737,208882.54084827375,0.015988673616927955,0.000596274742473636,3065155078.8456793,0.22190311672456559,0.00922210739443199,3024.60152573629,0.04559974568852772,8.634007842492583e-06,3418231300.194298,0.22465961589676486,0.009239677247633554,4860.000263525317,0.07467427644032869,1.3873325141426296e-05,,,,,,,,,,,,,12.188180445273845,2.4376360890547693,53.410326153604004,12602337945.984798,0.5328084092042296,0.1235875369428632,1417628.3139022407,0.051132674396738825,0.004046752564204933,3769473888.899109,28.351532227360284,22.6694859802637,7437.401310716644,7.819655875506302e-08,2.123075740658437e-05,1632832698.9121618,28.950650171834486,23.158966011965912,195.38730687192745,2.003824226304972e-09,5.577513353416232e-07,4455728685.6932125,29.470630818257995,23.576504007258038,15395.596193002053,1.5476199900313626e-07,4.394816875517845e-05,,,,,,,15.088363742086282,7.544181871043141,65.14382638791577,12583296414.364916,0.7402105682599727,0.18754211352472222,1408334.3031493754,0.028018221794681514,0.0040202219415607105,1217086463.1528907,28.56331908306826,22.33539912701736,54.41870836756413,6.066055393755808e-10,1.5534329095118993e-07,5351956.797441126,28.885905603096422,23.102718179003816,3.045298059416923e-09,3.1328007003637e-20,8.693088032921138e-18,231020411.4665474,29.477710602878417,23.15267494074861,0.03948926365944738,4.1935219627145015e-13,1.1272579519278236e-10,722098197.9706409,29.722900152486115,22.71743958368191,5.616861771282576,6.414082442670115e-11,1.603385707862624e-08,0.15499607084630865,0.2639682807116759
UGC02916,2,182.7,10.792927222529496,12.208560138706147,43,32,11,False,46222309.046415165,22918577.021688893,9.84778869552034,90.25378935962408,3.008459645320803,97.18526116522354,1918152.245748368,38.06262636091435,153.85103099666514,5.128367699888838,160.7825028022646,3,3,False,18.91941170399979,0.9009243668571327,57.04250663479678,90.25378935962408,3.008459645320803,97.18526116522354,,,,,,,,,,,,,,,,,,,,,,,,,,,,,,,57.36550330859629,2.1246482706887515,74.69418282259493,3769535492.647945,7.4057283927163695,0.18086670851799636,7437.93005874833,0.019349597715274912,0.00016091645381193238,,,,,,,,,,,,,,,,,,,,,,,,,37.35570701967728,1.5564877924865534,65.0815942420751,3870460439.777387,7.0393869092871375,0.11132756963227408,8343.868538409657,0.08321736997749195,0.0001805160475654943,4200195912.207921,7.8514588965839085,0.2655302209612388,11907.553281102393,0.011122324439452859,0.000257614851502662,,,,,,,,,,,,,,,,,,,18.91941170399979,0.9009243668571327,57.04250663479678,1094038512.5861354,0.20121502772695377,0.0045746016286270464,34.22881429730171,0.01735610075494563,7.405258413838668e-07,8807052601.891563,7.616260254950821,0.9326286857815475,298272.3992662786,0.006018266131883529,0.0064529965166119614,9414330642.626554,8.11165807258678,0.8495486392256447,398642.95665325783,0.012187473519075242,0.008624470842703933,,,,,,,,,,,,,43.10388142968319,2.394660079426844,91.62418406887937,7156379352.999954,7.874874118731032,0.8618734981490056,120924.99834676803,0.0033239208999238084,0.0026161609153999314,6740737775.199117,9.777741143729756,1.6767529934330738,93213.181755029,0.0005486045552100983,0.0020166275479969404,5102570419.193354,18.18986179186315,4.4609254414701764,27764.00925458258,2.931095456118066e-05,0.0006006625334684757,4039355999.215063,25.197455654294966,6.591204946282354,10047.494269902896,6.30060155440937e-06,0.00021737326579279024,,,,,,,14.531934339741081,0.9687956226494054,73.44944468733644,531961680.1649792,0.3098312844979661,0.24250549536321267,1.4865499899690495,1.1972037126298171e-08,3.216087687173519e-08,6372329598.536845,11.505489049258534,7.069265503787348,72995.70449797538,7.971619201984155e-06,0.0015792310251025131,7191554149.757589,8.02916702636824,1.1983590308476837,123531.86089600116,0.0013165407617549728,0.0026725592780740114,9529505443.904558,7.341317270285287,0.7901097977763499,420296.79359901807,0.012864948956548218,0.009092942396645907,6669352367.768481,9.078745469171299,1.6108327240591074,88994.65753636407,0.0005064972523720877,0.0019253615704701835,0.2096245690982984,0.12297227767300359
UGC02953,2,264.9,11.113137489948498,12.692590371540229,115,106,9,False,237007803.33688298,108304655.54269873,6.560198421119699,1122.7158600644607,10.795344808312121,1132.0427382526848,22201670.612372056,14.368097983540197,596.6464376638822,5.736984977537329,605.9733158521063,5,5,False,258.0688929537942,2.8996504826269014,337.34735755369934,1122.7158600644607,10.795344808312121,1132.0427382526848,,,,,,,,,,,,,,,,,,,,,,,,,,,,,,,907.172379742191,8.981904749922682,930.4895752127513,7728597559.587887,3.0333928293673136,1.9073109415855125,168981.05477454606,4.030101202103412e-05,0.000712976756019954,,,,,,,,,,,,,,,,,,,,,,,,,551.0849432740001,5.623315747693879,588.3924560268966,9430167779.533323,5.339287411604039,0.5333080840124566,401568.349507855,0.011184985331323154,0.0016943254350873234,12446822142.444082,3.435511487780157,1.9136540794172725,1343087.8008944409,0.00038733370946387183,0.005666850550846106,,,,,,,,,,,,,,,,,,,583.6125442680332,6.143289939663507,634.9103743032659,7503625302.773471,5.4641017658049,0.3154397252248975,148603.64276204433,0.02078484153350719,0.0006269989454769937,7503149798.911199,4.477644318280206,0.3557041184907124,148562.68317928497,0.010407809590142928,0.0006268261259234487,7503025311.113792,2.7544445350802516,1.9016912864283821,148551.9613203766,3.0583600088492523e-05,0.0006267808875019393,,,,,,,,,,,,,319.1955428977137,3.469516770627323,384.48369021528265,8802996328.403933,3.535675828009882,2.44012213067732,297675.27610690513,4.347392459804845e-05,0.0012559724697494006,10070454452.134066,4.914552091804732,0.5576235676430769,534396.3121364625,0.01136189410356863,0.0022547625209490313,11083905657.912474,6.262998135090391,0.515470001188937,810986.770126076,0.032902904948351915,0.0034217724425441767,4200744076.2952113,4.2086648918381915,0.7407071779841499,11914.314854385902,8.327179297547391e-05,5.026971553949594e-05,,,,,,,258.0688929537942,2.8996504826269014,337.34735755369934,7687880358.117975,3.069063618579242,2.3188930741496208,165142.47146468752,2.2324398054858083e-05,0.0006967807352315483,10325494885.808552,5.51218143206782,0.9585875045215606,595816.2040335127,0.003013499428666306,0.0025139096504203256,11437791825.180502,5.718212154894891,1.2485396239528965,929797.8062429391,0.002268193575755821,0.003923068325819315,5209518413.4415045,5.194291557517316,0.8249657743207746,30385.71511635899,0.00021855412632806632,0.00012820554719529097,5367110386.861932,4.763408965419645,1.0082201520215224,34591.65136440191,0.0001181455676857193,0.00014595152934788954,0.22986126956376762,0.4325323619868422
UGC03205,2,219.6,10.754508872657953,12.448241503982697,48,46,2,False,103844692.8310385,131969710.8000182,4.583007942006561,333.4954240845363,7.579441456466734,341.1527068775145,28421330.439484946,9.665845690857632,178.81980500242054,4.06408647732774,186.47708779539872,5,5,False,39.73074487158623,1.3700256852271115,104.81764861190084,333.4954240845363,7.579441456466734,341.1527068775145,,,,,,,,,,,,,,,,,,,,,,,,,,,,,,,293.8902499498574,7.1680548768257895,313.03345693230284,3424737240.114617,0.5967679842368898,0.2535320821919039,4900.366527443919,0.00012149069250089757,4.718937861771238e-05,,,,,,,,,,,,,,,,,,,,,,,,,179.4089815068001,4.7212889870210555,210.03811267871288,11264086745.415562,2.0191145081256034,0.27249994144382894,869916.444401633,0.07495459761368797,0.008377091025894205,1104643.6914829828,11.095033171583834,8.486592969830056,3.1813880290842363e-12,1.4414547806809232e-22,3.0636019447431405e-20,,,,,,,,,,,,,,,,,,,185.30492046408673,5.294426298973907,227.4199758254668,4565936900.044727,2.2011051708868927,0.08626646380227385,17122.02348304891,0.05355232971144462,0.00016488106436895588,4555448706.264301,1.7034361336913497,0.04741566915772358,16951.594300494995,0.20848901670370976,0.00016323987137288035,3143188979.5076604,11.999989196803291,9.599991357442633,3374.128708266013,1.2582521242201599e-07,3.249206691531093e-05,,,,,,,,,,,,,153.04560704798206,4.782675220249439,206.6465865988294,10474789599.731808,2.8436549363804287,0.23927288585589435,634208.54802278,0.13968757427526807,0.006107279348928067,1789510973.7848117,0.5159779402227405,0.0062368916061424735,291.0680201944055,0.4121682353402515,2.802916665832798e-06,457440569.7374385,0.21851150835707894,0.1658675454915434,0.7710026190343269,1.7191733299709218e-08,7.4245741213640455e-09,52726776.98597039,11.973611773437645,9.504573203431196,6.389043270005595e-05,2.442838252810593e-15,6.152498597497851e-13,,,,,,,39.73074487158623,1.3700256852271115,104.81764861190084,9305337753.515205,3.395051685325347,0.7450503566812569,378952.5330224378,0.0036796284577307503,0.0036492238812725476,8661425974.305433,3.6868811963294075,0.7287672542167971,277404.7423781334,0.003264721252529841,0.00267134250981403,4791895493.626184,2.44648989187845,0.3426430266211004,21125.4962777953,0.0012498761489575902,0.00020343356701114942,2111420662.5077417,2.040871073582403,0.9411797077956459,597.7233717649613,1.2722505525482523e-06,5.755935671527218e-06,2361188898.9748716,2.673912909125478,1.9795693365545286,972.117334505999,3.4333889367600695e-07,9.36126159174732e-06,0.11913430290880112,0.22218313497796527
UGC04278,7,91.4,8.815245591916563,11.306183083850028,25,25,0,True,2194650.103491329,23021821.73712196,6.38081438112491,14.896481053810673,0.6476730892961162,21.334232703547073,66144.40681826936,499.99999999181455,29.79099168522238,1.295260508053147,36.22874333495878,0,0,False,14.896481053810673,0.6476730892961162,21.334232703547073,14.896481053810673,0.6476730892961162,21.334232703547073,,,,,,,,,,,,,,,,,,,,,,,,,,,,,,,7.8043146209486745,0.39021573104743373,23.898693745289677,3004924701.4757695,4.801287944635275,0.7203628227454846,2774.4450829804164,0.00041501691068590807,0.0012641856114406248,,,,,,,,,,,,,,,,,,,,,,,,,3.1634225251268866,0.1860836779486404,28.91442912407249,3243575855.8751855,4.344947972310316,0.5401577557750069,3868.6073865164694,0.00128593339299374,0.0017627444941506385,1344126282.475906,5.346471460935456,0.3051986626908139,83.8135658972476,0.00017460517250555112,3.818994461299955e-05,,,,,,,,,,,,,,,,,,,0.7397818422317579,0.05284156015941128,36.14741591578196,1970136486.3095665,3.7891764448611824,0.35717878331039066,442.240962174721,0.0004542405667597289,0.00020150864207063715,2065671564.2116494,4.739892905762659,0.35309751433783115,543.3961152660214,0.000684813277628362,0.000247600341576804,2078060905.8927443,5.494176865410864,0.464682407770391,557.7164879077843,0.0003316574656759184,0.0002541254694862514,,,,,,,,,,,,,9.552306282932701,0.8683914802666092,54.61656783108751,1191073784.7176712,4.449806024905462,0.3344977370048869,49.537398693014964,7.051352055963207e-05,2.257188907434906e-05,607719687.7100741,5.776284900877129,1.9539556699865572,2.652829761084188,2.1516024693917974e-08,1.208771164416583e-06,657270013.427923,11.065202440657869,0.6845981847994648,3.730659499741915,1.5839395999146172e-06,1.6998880567827403e-06,784116995.6570305,11.53301113472388,0.7047030188252301,8.038162330778668,3.348327790604338e-06,3.6626167961768794e-06,,,,,,,0.6410317723134785,0.08012897153918482,55.36192079507288,4634710332.09331,4.28466871407421,0.7179529203629029,18272.513561231164,0.0025612343806175435,0.008325934750219447,2005452650.6986604,11.107875448904,0.35644047179421834,477.77563119127024,0.0014462302280795229,0.00021770013836429206,1513106144.9867675,5.287515469536765,0.3484455129508969,140.2916646177946,0.00019554776414224426,6.392438794439875e-05,1591981964.8588898,8.744893042276917,1.0347210791715107,174.9971290691826,1.4970737361751068e-05,7.97380542760738e-05,1831603426.6366878,6.588082182748152,0.22949233489902324,322.045174407152,0.0017074858489336427,0.000146741010740086,1.0,0.5000330707755516
UGC04325,9,90.9,9.00560944536028,11.299036146314435,8,8,0,True,2142313.945150023,309717964.8227429,1.3598912390115743,2.471587516344346,0.4119312527240577,6.630470599704017,36204794.408070125,4.180996466512912,17.208278072080365,2.8680463453467273,21.367161155440037,0,0,False,2.471587516344346,0.4119312527240577,6.630470599704017,2.471587516344346,0.4119312527240577,6.630470599704017,,,,,,,,,,,,,,,,,,,,,,,,,,,,,,,0.11114843389274391,0.03704947796424797,10.508356142291923,2156882166.275906,1.4873172318277919,0.5654359419779232,655.7600047276302,2.1127097660909734e-05,0.00030609892924993696,,,,,,,,,,,,,,,,,,,,,,,,,0.0015862742122229041,0.0015862742122229041,16.63711860765091,1495125232.5766244,1.5695667026735067,0.5530346304172419,133.18258302772708,4.851452652002892e-06,6.216763109311717e-05,899218231.9382242,4.344727777238184,0.44754212748804434,14.585227291556619,4.6126062985109416e-06,6.808165219937098e-06,,,,,,,,,,,,,,,,,,,0.18475348998246457,0.18475348998246457,23.05861044846066,1501143051.2779412,1.5188157205014723,0.5511154220320053,135.53019061976573,4.81877409966159e-06,6.32634590866535e-05,1284975136.0827768,6.142518354626241,1.6245297499211386,68.91155509887683,9.366988405220913e-07,3.21668797679656e-05,2763844300.4116626,10.059158277553298,3.0784388579060025,1928.341933272038,1.1442507191284046e-05,0.0009001210759224177,,,,,,,,,,,,,0.836864875180854,0.836864875180854,29.949046458698554,3351315353.580156,1.6501187760452214,0.6271256130835737,4459.503801259834,0.00011765419147001203,0.002081629450882159,765048400.5854685,11.213645869874997,4.803387295615989,7.2218217554901,1.4452157995027412e-08,3.3710380179522977e-06,96391212.00706723,10.681001937079891,0.92419075498433,0.0008813793448235668,2.2155808901024534e-10,4.11414651348799e-10,3476044015.647846,11.350175356595177,0.9589969789064408,5227.8234423587655,0.0013515852328785263,0.0024402695292135017,,,,,,,6.98528935867134,6.98528935867134,42.335795567228544,2660450080.1105185,1.6294875452639461,0.6626332707466939,1633.633939441987,3.6030678875516856e-05,0.0007625558070703714,2524435458.337429,4.820768648608063,2.016990627608616,1300.213232887391,5.536611519582291e-06,0.0006069200248782114,2304368389.195483,7.0505872847976185,1.6119165181637822,874.3811859485256,1.6379491591124646e-05,0.00040814801580694283,15994999.999988081,8.75094953080779,1.9367722489348194,3.5639488568612386e-07,6.203452986330236e-15,1.663597842384236e-13,3365126150.331154,10.378977540622833,2.2520731906919056,4540.000182640987,7.388057724430724e-05,0.0021192039537057945,1.0,0.14362782295774162
UGC04499,8,72.8,8.889861721258189,11.009738634587643,9,9,0,True,806454.9233539199,37702725.706593014,3.0157201954813275,1.702587110912451,0.24322673013035015,6.09703626558489,2395335.892453556,14.611576447843927,7.31214605658037,1.0445922937971956,11.706595211252809,0,0,False,1.702587110912451,0.24322673013035015,6.09703626558489,1.702587110912451,0.24322673013035015,6.09703626558489,,,,,,,,,,,,,,,,,,,,,,,,,,,,,,,0.516605521394358,0.1291513803485895,11.502728408075455,484102323.2785583,1.8392670477754054,0.14194831085940157,0.9864536315481427,7.592858810728233e-06,1.2231974819443552e-06,,,,,,,,,,,,,,,,,,,,,,,,,0.28646949576348263,0.28646949576348263,17.86426611445324,1765674041.8733416,2.181697506749987,0.6836223441098491,274.57488814348017,2.1936002090166285e-05,0.0003404714636765638,3265205268.3710055,5.040297940171417,1.0683185280902283,3982.085909170128,0.00022263142329252095,0.004937766258043606,,,,,,,,,,,,,,,,,,,38.32100124323931,38.32100124323931,62.49047159393773,2999999999.466146,3.670199620837696,1.6192418557790997,2754.71997191206,2.7952249737135512e-05,0.0034158387432934386,2999999999.7731895,6.517310782635262,1.4795827566644066,2754.719973138493,8.952598821073086e-05,0.0034158387448142095,2999999999.9406447,9.083794442769591,1.5806217154832425,2754.7199738073705,0.00013333628018791005,0.0034158387456436137,,,,,,,,,,,,,1.7898909206031481,1.7898909206031481,32.55103500331022,16663144.942692623,2.6266176281028986,0.8411430365483566,4.258364456274266e-07,2.1764076834615874e-14,5.280350250159543e-13,200865191.42952657,7.029020315426674,1.6632371581838303,0.021489948316469637,5.564024558676623e-10,2.664742652583272e-08,227536014.4592187,9.321263690244042,1.885825529152921,0.03696307879115714,1.1084997640410472e-09,4.583402955422912e-08,3077578277.4942884,10.669965168594077,1.55481666276085,3078.2906235147234,0.0002160601581246849,0.0038170647042646776,,,,,,,21.282420213816227,21.282420213816227,58.63523802853196,2405884436.0271683,2.7871192360907573,0.9206622621182243,1054.7395167581235,4.358057998027194e-05,0.0013078716320208286,2264826083.4462996,5.527053375358106,1.1360621350779527,810.9641062612249,4.3704362420004584e-05,0.0010055913638527395,2004505855.5766823,7.264663348127887,1.5412065361043639,476.7952083770431,1.6388777295767214e-05,0.0005912236314388489,1283557664.3219264,8.885494479424882,1.7630327877213574,68.58149083978466,2.290687778406756e-06,8.504069955275983e-05,3580857256.532989,10.450952546664709,1.961069863897911,5948.993434314566,0.00019951289933810095,0.00737672157741146,1.0,0.23284369564530968
UGC05253,2,213.7,10.933441730094035,12.412758063140744,73,73,0,True,92117453.99681506,39012764.32691596,9.095506771915426,100.20842293279412,1.411386238490058,108.7893418150909,4528562.694185814,28.41771024321679,431.6291845735747,6.079284289768658,440.2101034558715,2,2,False,47.87362065968651,0.736517240918254,82.19729618887364,100.20842293279412,1.411386238490058,108.7893418150909,,,,,,,,,,,,,,,,,,,,,,,,,,,,,,,67.72561381164448,0.9959649089947717,89.17791101738644,7409061880.029386,12.558214283465741,7.910413861448249,140627.42212945418,9.43685762986702e-06,0.0015266099531400026,,,,,,,,,,,,,,,,,,,,,,,,,47.87362065968651,0.736517240918254,82.19729618887364,7515357816.609957,14.24697739797877,1.0411845591823505,149617.0312513167,0.005769594421228845,0.0016241985070113822,7438823988.148782,10.62259633017376,6.821903035464769,143101.3169422962,1.065152418189927e-05,0.001553465827955296,,,,,,,,,,,,,,,,,,,38.478825387657594,0.6206262159299611,85.67387924028989,7080605203.9149275,13.23599346238249,0.2668202438794764,115453.24732319504,0.22608544518857362,0.001253326512119916,6909007424.091219,15.762335005436064,0.654761541870245,103766.7269341518,0.019972369950564305,0.0011264610823670778,4632417267.1407995,13.803702873024898,11.042359883395525,18233.219999978857,5.508548864186215e-07,0.0001979344761374893,,,,,,,,,,,,,38.54456238808023,0.6532976675945802,98.61099456415769,7471814287.47506,8.875591585084114,5.282942558816846,145882.56805955092,1.6416086644022852e-05,0.00158365827245502,7493424142.312692,11.632984989570035,4.817827231446059,147726.8274563772,3.73374666875484e-05,0.001603679010293585,7508551339.822112,15.66907433657568,2.022351659674666,149028.480206363,0.0009612875847177551,0.0016178093698889639,7540547269.660911,14.832960663467563,1.5257509032101557,151810.73063266644,0.002030311062225369,0.0016480126625939451,,,,,,,54.847358445213196,0.9794171150930928,127.78516894473583,932055246.7588238,7.974489790587295,6.379341838566823,17.047912262648826,8.850836789772627e-10,1.8506712379652019e-07,2371723508.774831,10.369289166687713,8.27370753134431,991.1255091339227,3.9458031928090905e-08,1.0759367157153418e-05,902207615.5614066,11.392322331411181,7.0572146701271095,14.797325449980226,1.1413678159383484e-09,1.6063541498326518e-07,1108073589.6899133,11.46009835232132,7.640948750413006,36.18040522348141,2.2247238203934193e-09,3.927638428297458e-07,6416651443.199976,11.897010897875981,0.31383511514580414,75230.1195777826,0.07209748293506173,0.0008166760620672785,0.4777404858650802,0.11091377128954555
UGC05716,9,73.1,8.468347330412158,11.015096627522116,12,12,0,True,821180.2339575447,37074584.083573036,3.176756421096815,25.47697642821966,2.547697642821966,30.44678972779566,5533603.741414487,8.588541225589209,12.83983593184601,1.2839835931846009,17.80964923142201,1,1,False,8.393962178114034,1.1991374540162905,20.818495427054035,25.47697642821966,2.547697642821966,30.44678972779566,,,,,,,,,,,,,,,,,,,,,,,,,,,,,,,8.393962178114034,1.1991374540162905,20.818495427054035,3221666025.1881547,25.93897744412831,18.01207756060674,3756.213331053257,1.2569540390991624e-06,0.0045741643255960964,,,,,,,,,,,,,,,,,,,,,,,,,6.638801753126813,1.6597004382817033,26.518054951430816,2552110720.763699,5.536075042268632,3.448169786485695,1363.367310559931,2.9454605971854317e-06,0.001660253442766643,2460163392.832914,7.616191524812061,3.0578584993604427,1162.2329689115159,5.969290911283822e-06,0.0014153201950688986,,,,,,,,,,,,,,,,,,,0.03676355131903493,0.03676355131903493,27.370736698987038,3413583447.330729,6.47028655607755,1.5598116699509,4831.319726479619,0.0001434599143812337,0.005883385311402174,1396471791.8328462,11.999549739040207,8.77821131784089,98.96689135023553,5.195789704561842e-08,0.00012051786837742145,3541142618.6086416,11.978712413202516,0.89539782851304,5667.269548789485,0.002792611298334464,0.006901371117369692,,,,,,,,,,,,,5.61957371176296,5.61957371176296,40.40826680879496,1887891707.2069201,2.748044691952673,1.6121919145814436,367.3671276982417,3.1830255168065546e-06,0.00044736479582292856,641696710.4762638,6.165148313771075,0.657245988555264,3.361125172587393,1.237465950602203e-06,4.093041982256437e-06,3646596029.652041,7.977634267251353,2.6702527108164134,6438.8943366996555,5.373874643354555e-05,0.00784102450404639,20700145.12546654,10.845373557562091,2.4647121892840116,1.0941686003004424e-06,2.0830127551332978e-14,1.3324341661601799e-12,,,,,,,4.791904334518142,4.791904334518142,47.03531738091415,2183793178.3791623,2.4578151310705114,1.1698409941080299,692.101908584189,1.4016033336969904e-05,0.0008428136479232048,2107306325.1133468,5.469467066314953,0.9294076348350863,592.673306656116,6.421402865787939e-05,0.0007217335271208652,1466727863.198236,6.916968618691623,1.3166342422299562,122.5238144515021,6.725430476896671e-06,0.0001492045343822007,2135117306.5448422,9.302891990795777,2.6121902307127907,627.4578723439947,7.383760335103478e-06,0.0007640927611226874,2914041366.3015723,10.848237232442646,2.40177313901277,2427.4838509908614,4.996982920225665e-05,0.0029560914286648103,0.32947246317724077,0.653743725595037
UGC05721,7,79.7,8.424064525417489,11.127719460836872,23,23,0,True,1201209.1805880393,480354016.59642833,1.0180381905481086,8.247929219199657,0.3927585342476027,14.518917651057956,77659648.11476044,2.5107753896650675,20.237538506988013,0.9636923098565721,26.508526938846313,0,0,False,8.247929219199657,0.3927585342476027,14.518917651057956,8.247929219199657,0.3927585342476027,14.518917651057956,,,,,,,,,,,,,,,,,,,,,,,,,,,,,,,6.686201670381636,0.3714556483545353,22.363672750027384,582400069.8057886,1.365090647189883,0.4901833166689364,2.2045155667706484,8.15339979168835e-08,1.8352470180851024e-06,,,,,,,,,,,,,,,,,,,,,,,,,2.097182287795528,0.13981215251970186,27.181136015228724,1161456509.8185005,1.4188021114998461,0.20459328323467224,44.39794239149423,2.386404454293924e-05,3.6961041514650835e-05,3739236640.140055,4.834042296540338,1.4355332777639471,7181.345728911369,0.0001154424783359095,0.005978430605563485,,,,,,,,,,,,,,,,,,,2.0887448668118473,0.1740620722343206,36.57918124203249,1166371646.6721656,1.4194191239730143,0.20578076730385336,45.221061148197926,2.3903090343285812e-05,3.764628332765525e-05,988824307.0284617,10.775476770691709,2.1928875012458424,22.04795080143458,6.242460296410343e-07,1.8354797114222218e-05,3752924131.976933,4.834686431140946,1.435312065412493,7296.398820213148,0.00011737888417708466,0.006074211667813988,,,,,,,,,,,,,2.0971822830368043,0.23302025367075604,45.9941013060449,1161570163.3104758,1.4188086696663704,0.20460734239798603,44.416844189367566,2.386944237032717e-05,3.697677715685104e-05,3739397368.1518807,4.833892364538879,1.4354810544033236,7182.688602037373,0.00011546918989306993,0.005979548540014624,1012458142.3988297,10.406848243714709,0.12268618404757134,24.433759046209175,0.0036358787073379026,2.034096928417404e-05,1068370619.8187103,11.169388669116728,0.4730936943504392,30.87026967772192,9.484088408293824e-05,2.569932879018599e-05,,,,,,,2.0971823510427097,0.3495303918404516,55.400584021838256,1161710447.5612261,1.4188112674929232,0.2046346621937255,44.440183513653466,2.3872484035270657e-05,3.699620701524962e-05,3739756572.6160283,4.833830278053653,1.4354607710620904,7185.690433327168,0.00011551924644800651,0.0059820475479628685,513050247.66476613,10.536359566271358,0.5407411173049287,1.26997617016432,2.2731331083458166e-06,1.0572481385320552e-06,459905077.849553,11.380701935578953,0.595621145592691,0.789235642975911,1.2708095981707223e-06,6.570343082039624e-07,767987018.2517297,11.696713535795014,0.5777061544363129,7.343267914207687,1.383805460650762e-05,6.113229929372391e-06,1.0,0.40755594937356887
UGC05986,9,113.0,9.370605600938148,11.582579827098794,15,15,0,True,5581451.816812575,91297952.76094882,3.3007454747617166,11.319809577100516,0.8707545828538859,16.735909979304935,3749633.132974098,22.329171207584885,75.53808348363299,5.810621806433307,80.95418388583741,0,1,True,11.319809577100516,0.8707545828538859,16.735909979304935,11.319809577100516,0.8707545828538859,16.735909979304935,,,,,,,,,,,,,,,,,,,,,,,,,,,,,,,2.172707955698495,0.2172707955698495,15.712958961209546,4202614343.4897423,3.812932846251256,1.0467248076426967,11937.406752298239,0.00018515301278655244,0.002138763738198028,,,,,,,,,,,,,,,,,,,,,,,,,1.6054413801295475,0.22934876858993536,23.26984298894723,4786944820.030118,3.6338670341429977,0.9800243551374251,21030.719586322317,0.00037396841264205146,0.003767965804698539,1846156406.0331266,5.998786258747654,0.6282878101984019,333.3250388874998,4.756516965666968e-05,5.972013193475049e-05,,,,,,,,,,,,,,,,,,,1.6054448041197693,0.4013612010299423,31.393997016244082,4788744903.094854,3.633409517712111,0.9799408702747289,21065.142771781564,0.0003746165601232846,0.003774133229696379,1852108153.7370002,5.998658941266128,0.6296551309885281,338.0248237597376,4.792038065134869e-05,6.056216820532816e-05,959985934.1785305,11.94504324898772,0.17456326259101934,19.384391987247888,0.000497788312153968,3.473001760735045e-06,,,,,,,,,,,,,1.5495253257480168,1.5495253257480168,39.462228141178954,3890997253.222503,3.268001400592459,0.9253872900014947,8538.174379257762,0.0001581597286148853,0.0015297407662893158,2597194297.0208583,4.854244383601931,0.8457578498029977,1471.276561734696,5.9803242478139574e-05,0.0002636010504118093,1360708509.3499057,6.405347013253086,0.42975074346648656,88.4052767587031,4.4537988015893875e-05,1.5839118505405123e-05,743606420.5340883,11.843570185867698,0.39593551121828413,6.38179162377044,1.3801341454691313e-05,1.1433927646830282e-06,,,,,,,0.47647961675771955,0.47647961675771955,46.51333303549529,1589066688.7816656,1.8528891844920865,0.5742702114511711,173.6074021087414,8.437155043936868e-06,3.110434485626075e-05,4959519809.289747,3.5689658678004315,0.6737622457845057,24533.66254027654,0.0013124010225719605,0.004395570067697385,3333237981.9197273,5.776081882688903,0.8696283400153848,4355.805714928602,0.000218623208785641,0.0007804072950711402,568455078.9922686,5.9538653024584,0.8011169663348393,1.9839387380270035,1.346751431849866e-07,3.5545209439073513e-07,352457551.7880495,10.484330197126166,2.5444920534332987,0.24803597089192658,1.579957069339886e-09,4.4439328517499164e-08,1.0,0.14985566293263458
UGC06399,9,85.0,9.059941888061957,11.211601273791413,9,9,0,True,1594576.2883355774,45804276.82686186,3.484253485968203,0.3300738521825696,0.0471534074546528,4.724523006855009,1707844.0168809243,26.269259717583143,4.605951989227256,0.6579931413181794,9.000401143899694,0,0,False,0.3300738521825696,0.0471534074546528,4.724523006855009,0.3300738521825696,0.0471534074546528,4.724523006855009,,,,,,,,,,,,,,,,,,,,,,,,,,,,,,,0.2309814130741205,0.05774535326853013,11.217104299755219,343195864.6546452,4.314103668589286,0.09502396162853015,0.22090619785798996,1.0580698596771459e-05,1.385359856871899e-07,,,,,,,,,,,,,,,,,,,,,,,,,0.21026482494653373,0.21026482494653373,17.78806144363629,1033528605.878899,4.099698602418222,1.0889407597965237,26.724087277535773,7.985029487655471e-07,1.6759365778247236e-05,1422005006.093361,7.882429787086598,0.08678763339830889,107.082843517901,0.017069360416938805,6.715441857577998e-05,,,,,,,,,,,,,,,,,,,0.33011521708170083,0.33011521708170083,24.499585567780116,160098266.18790483,24.651547700325445,2.248592356316016,0.008010909670552914,7.816364566344214e-10,5.023848485113698e-09,3525872447.56997,13.66120842964414,0.8620486459467877,5561.727385632226,0.002648176808996445,0.0034879029785633967,1031006945.2173901,25.248568819587632,2.1529888237820134,26.44161151455994,3.103585298388426e-06,1.6582217927095706e-05,,,,,,,,,,,,,0.452247458026074,0.452247458026074,31.21339154073315,259208918.16929016,4.94958931681674,1.6105351745554537,0.06515942404230166,7.675316876058553e-10,4.086315877073227e-08,246971164.9023535,14.797748293575195,2.876558580063807,0.05279723613439771,8.002546411445173e-10,3.31105112503006e-08,477201481.8137996,19.96312830425422,3.453775309617752,0.9267290107067118,1.553702431579439e-08,5.811757126239684e-07,212061245.2767843,25.254811847103646,1.4783882890807756,0.027208630761797237,9.869311022414865e-09,1.706323551957346e-08,,,,,,,0.48439432827303736,0.48439432827303736,37.837212142988776,2510734666.359711,2.529158107173613,0.8545229082615305,1269.7948542733914,4.8936740539168954e-05,0.0007963211691795608,2590531110.308672,4.890547249377359,0.9597147003076619,1454.927434319099,7.96866818707647e-05,0.0009124225946177563,2560636997.1526365,6.749967358580741,1.620618224514034,1383.2920146744302,2.5743257302223816e-05,0.0008674981716417681,1176956735.3859863,8.30597263454803,1.7868977166082405,47.03359431375806,9.448112903152053e-07,2.9495982511349044e-05,3101134985.52928,10.098994631313998,2.239901594621588,3182.1080100236545,4.6961646094728445e-05,0.001995582170198421,1.0,0.07166246043262521
UGC06446,7,82.2,8.693726948923647,11.167959949268685,17,17,0,True,1376062.075517823,120532190.91265559,1.9559427760410233,6.74434446357872,0.44962296423858134,12.410771151691153,16939225.96311011,5.41778786712366,3.2203180238703055,0.21468786825802036,8.886744711982738,0,0,False,6.74434446357872,0.44962296423858134,12.410771151691153,6.74434446357872,0.44962296423858134,12.410771151691153,,,,,,,,,,,,,,,,,,,,,,,,,,,,,,,0.999064697138179,0.08325539142818159,15.165131417419259,630853248.052209,0.9683460827478197,0.3106800614233807,3.1209606569723505,7.495874564681597e-07,2.2680376943008973e-06,,,,,,,,,,,,,,,,,,,,,,,,,0.38884294862494334,0.04320477206943815,23.054549701074674,731924280.6733664,1.0248495465515546,0.34050964323770483,5.9570023633196705,1.1261683959819275e-06,4.329021538565405e-06,632877009.2288237,4.084840148604663,0.0454612838152927,3.1647473028628044,0.001253832315753037,2.2998579491204168e-06,,,,,,,,,,,,,,,,,,,0.09745270125935078,0.016242116876558462,31.26279948587773,236357853.94658718,1.0698232058109487,0.10726689934171793,0.04361437623047517,2.712155964421357e-07,3.169506449341156e-08,2821163653.1034875,4.390741142638294,0.8359162204363085,2108.4485971038416,0.00015130187963245187,0.001532233635833918,3074086547.181288,7.860118106690751,0.8518643163845472,3063.126927302104,0.0005828215267221248,0.0022260092635351682,,,,,,,,,,,,,0.20717400758152812,0.06905800252717605,39.87216082436856,515284584.399579,1.04304909445622,0.3093880271621643,1.2942110470911707,3.2990067383489916e-07,9.405179243851691e-07,3558212928.800472,4.422277087436432,1.0845010747513602,5787.0723255186085,0.00019245175956003824,0.004205531442570196,387378663.16924435,6.617596370612517,0.06918784022584591,0.3741022136044072,9.638274547682613e-05,2.7186434410208535e-07,2075501940.0785496,7.686645836854109,0.08080617361308813,554.7351369380034,0.11805172318833401,0.0004031323490470095,,,,,,,0.39612887985541045,0.39612887985541045,48.56075572881109,1326542704.974267,1.2400122466426495,0.45400786352392375,79.14753162756388,7.2507980476567e-06,5.751741366593512e-05,4153396412.7575965,3.9155387473649923,1.1126167039535673,11341.087942090473,0.0002845042135612686,0.00824169791745967,2200811808.7320123,6.520284512205972,1.4708445933087169,715.8724485917442,1.868918617317277e-05,0.0005202326706971818,1875250856.7997596,8.073403314787894,0.4371508850168876,356.78638281941636,0.0005312418806742707,0.00025928073243727383,933917331.583316,11.347087828088098,2.9738373663554944,17.196564486736825,1.7391662152242614e-07,1.2496939486008016e-05,1.0,2.094310069249962
UGC06667,6,83.8,8.844166410450201,11.193076552539363,9,9,0,True,1497875.476876579,60055514.2209283,3.0951804936464526,0.6595284031508328,0.09421834330726184,5.053977557823272,2609036.868194601,20.061107368156673,9.147204765113711,1.3067435378733874,13.54165391978615,0,0,False,0.6595284031508328,0.09421834330726184,5.053977557823272,0.6595284031508328,0.09421834330726184,5.053977557823272,,,,,,,,,,,,,,,,,,,,,,,,,,,,,,,0.3465217364798127,0.08663043411995318,11.332644623160911,2114350621.581214,4.41615008380439,1.5512756403548624,601.3398483519488,7.02212899409391e-06,0.0004014618422126005,,,,,,,,,,,,,,,,,,,,,,,,,0.07147300341355507,0.07147300341355507,17.64926962210331,880492824.5102237,3.5072550761917443,0.03582757144093428,13.309364578330282,0.00951189753173131,8.885494678158042e-06,1932699435.2428637,5.963169382002582,1.3705635372985838,406.8317051102666,1.054668816995678e-05,0.00027160582531106386,,,,,,,,,,,,,,,,,,,0.7895737011134354,0.7895737011134354,24.95904405181185,2999347426.347928,2.8749304250173697,1.1348386736810554,2752.114319980976,5.1279250834429814e-05,0.0018373452015649381,3000024436.9107265,5.308342556216749,1.173662314754607,2754.817584803095,9.494116295871389e-05,0.0018391499342438897,2999789368.9587665,8.973696319094069,1.5649553277738264,2753.878740153889,9.887298748155204e-05,0.0018385231500660994,,,,,,,,,,,,,0.7382813140749915,0.7382813140749915,31.499425396782065,1870755560.3310897,2.8073987558255324,1.1803078139740764,353.0808346498588,5.732236696431622e-06,0.00023572108636568038,351656136.7768477,4.100819657429426,1.0408824221100756,0.245591975849979,8.631605017007471e-09,1.639602087365071e-07,2814666561.4914274,10.743486748842738,0.7600022663214443,2087.4075432532018,0.0009357936743354364,0.0013935788224572147,25211674.862618532,11.06673563630884,1.0126044292970693,2.57968919705589e-06,5.194569728972656e-13,1.7222320792881566e-12,,,,,,,1.879971593431082,1.879971593431082,39.232789408146814,2675753342.080998,2.4119452393504566,0.9186003066612631,1674.9059792573603,5.1111650799997374e-05,0.0011181877299639962,2745495063.5608053,4.738826070194418,0.9379484418915393,1873.2679476107294,0.00010830887357513005,0.001250616607674846,2691591202.999353,6.42672113633101,1.4488857241418414,1718.460626272139,4.244275260718672e-05,0.0011472653453513584,1211455695.631707,8.255644328403054,1.8920352291103468,53.33198914437183,9.236060457062267e-07,3.560508865235014e-05,3117632667.251111,10.119632655439789,2.332955910033593,3256.405682892138,4.472755113477921e-05,0.0021740162871766258,1.0,0.07210163324059293
UGC06787,2,248.1,10.691329084374113,12.607224789465162,71,55,16,False,177647782.7721741,75771162.21711752,7.041693376425534,1787.4728633310115,33.7259030817172,1795.4875297014764,9930227.933662312,20.552290578856883,1493.4066080092368,28.1774831699856,1501.4212743797018,5,5,False,424.1542899253109,11.161954998034497,492.27895407426286,1787.4728633310115,33.7259030817172,1795.4875297014764,,,,,,,,,,,,,,,,,,,,,,,,,,,,,,,1615.6074669193326,32.312149338386654,1635.644132845495,12189822754.999233,5.193235987684493,1.8817367280889938,1226559.583710681,0.0011603244799097943,0.006904446340789363,,,,,,,,,,,,,,,,,,,,,,,,,1364.685631160785,29.03586449278266,1396.744296642645,9893908170.31987,4.01246629533583,0.5018929413602256,494823.4318295525,0.014368393445152994,0.002785418563113411,12612680246.18931,7.157371857632163,0.46838204320448146,1422696.0572788047,0.16072558454375208,0.008008521328427462,,,,,,,,,,,,,,,,,,,1418.238430306692,32.23269159787936,1462.319095344249,7571312402.853208,6.57577581132232,1.3251693746158717,154523.51290290084,0.0006586679893758033,0.0008698307994143154,7564871013.541386,4.818647146417499,2.130837774666205,153952.46399948973,8.63040485381088e-05,0.0008666162988193744,7513711550.0951805,4.197935289487647,1.4681953030626984,149474.51597441878,0.00019149530368700298,0.000841409409348574,,,,,,,,,,,,,1160.9083343376872,28.31483742287042,1217.0109989309417,6515582631.326163,4.414129875490085,0.8762265388449558,80407.52003718629,0.0005401113871619342,0.0004526232682583244,10923009178.45957,3.8787803261058853,1.7665814356785061,761007.6085173531,0.00047017537987489405,0.004283800206464235,8305962330.388299,6.864745104333473,0.9616301044907178,231177.89960468697,0.002795032945066163,0.001301327244264923,6481710369.473225,7.0932774128895355,0.8363276429443415,78604.94195422986,0.0015346217673142554,0.0004424763468905066,,,,,,,424.1542899253109,11.161954998034497,492.27895407426286,12665243993.924294,8.123131774620687,0.8799644574434476,1448668.4089247556,0.031233491161778124,0.008154722712090433,12293267880.630053,3.871577787773545,0.4860995850439469,1272485.822595406,0.03757661281646829,0.007162970473024796,12416810144.854065,8.307676086727954,0.8080931235223421,1329057.2142980522,0.038632543819627885,0.007481417406726167,12333930793.945976,6.819190171766114,0.6693321955268582,1290896.8961249208,0.045711249022582195,0.0072666085440562045,11858124419.958532,5.097701388028938,1.2478095599373158,1087851.4933366105,0.003401223488078177,0.006123642391482786,0.23729271566947657,0.2840179544208147
UGC06818,9,71.2,8.899820502427096,10.980784477559103,8,8,0,True,731331.0298533167,7671381.836309597,20.83513394224521,7.264004239313554,1.2106673732189257,11.422887322673226,38757.649891823654,499.9999999999764,21.539573936034085,3.5899289893390143,25.698457019393757,0,1,True,7.264004239313554,1.2106673732189257,11.422887322673226,7.264004239313554,1.2106673732189257,11.422887322673226,,,,,,,,,,,,,,,,,,,,,,,,,,,,,,,0.8915791035086099,0.29719303450287,11.288786811907789,3001883447.3707504,4.0534819660919945,0.61884501387029,2762.2510258358693,0.0008458692635525739,0.003777018768627792,,,,,,,,,,,,,,,,,,,,,,,,,7.266485509937292,7.266485509937292,23.90201784337598,1625983319.618404,26.181220409721888,2.5562561462290145,191.84698313204157,3.5154130530512926e-06,0.00026232578039321044,1113122832.9848008,28.696157400625772,1.4685633054134306,36.903065773756936,4.023287239295165e-06,5.046013948178651e-05,,,,,,,,,,,,,,,,,,,14.547896108392873,14.547896108392873,37.42175306687106,2999999999.7940497,4.188087643828043,0.9648147384618436,2754.7199732218264,0.000228089154630889,0.0037667210343506705,2999999999.9693103,6.111541550879946,1.2911240902826244,2754.7199739218922,0.00012085306428362857,0.0037667210353079196,2999999999.994377,9.008490523866652,2.0743411916801793,2754.7199740219917,3.703374247057785e-05,0.0037667210354447927,,,,,,,,,,,,,9.460779402318941,9.460779402318941,38.572960985836644,2142211238.0675507,3.9557502349130234,1.2574957615622373,636.5770478534087,2.2805704558684587e-05,0.000870436261922439,2157722581.4321694,6.709676904590388,1.3170767424267171,656.8722103242609,2.8852546108862485e-05,0.0008981872551695365,15995001.995115265,8.177390233514627,1.5186648575297848,3.563950790641648e-07,1.15142300425643e-14,4.873238855127576e-13,3325049844.454177,10.059033051962919,2.1641588871830613,4309.451487069046,5.465510006220961e-05,0.00589261402997408,,,,,,,11.96487028946157,11.96487028946157,47.31537649801878,2322830699.4761977,4.349959628637542,1.379982332400964,905.2663427600835,2.633108904766952e-05,0.0012378339025784985,2227228220.937856,6.005399342929142,1.032561896375362,754.0090104284077,6.394831791786623e-05,0.0010310091868789425,1980567970.1196642,7.458821110030062,1.3759241628069623,452.51754079602154,1.860460478896344e-05,0.0006187588415150156,1022212987.1652796,9.033581039629508,1.7106356761415376,25.474464614300746,6.116932259589603e-07,3.483301483790475e-05,3647865369.493256,10.52657554252361,1.9310097675849343,6448.649712908423,0.00011855523575197162,0.008817689185431979,1.0,0.33723992224198185
UGC06917,9,108.7,9.533517862016968,11.532033128907418,11,11,0,True,4705567.662210564,56228968.734049864,3.652262665166753,1.7605224412812719,0.195613604586808,6.556312986878013,3598511.8635304593,17.708476427545527,7.23140599599348,0.8034895551103867,12.027196541590222,0,0,False,1.7605224412812719,0.195613604586808,6.556312986878013,1.7605224412812719,0.195613604586808,6.556312986878013,,,,,,,,,,,,,,,,,,,,,,,,,,,,,,,1.162425410475368,0.19373756841256132,13.151901774467222,1738815029.868677,9.16603680777647,0.09166036807776472,256.86339995805326,0.03176540374089515,5.458712282916891e-05,,,,,,,,,,,,,,,,,,,,,,,,,1.0095350115320982,0.3365116705106994,20.192697193919063,1838486134.5519567,4.6799089818807404,1.1665543969239227,327.34262523758355,6.72648331625162e-06,6.956495979569142e-05,2076179706.9684694,8.832282018912188,0.2505274428162199,555.5235788160421,0.0031554150182155666,0.00011805665515711027,,,,,,,,,,,,,,,,,,,0.10816630565190519,0.10816630565190519,26.485014306433982,4587898653.781825,3.3930219213686854,1.1517444966993349,17483.166710192876,0.0002533214493271144,0.003715421382758249,1271594848.468226,9.455115087101897,7.548846908945481,65.84413629246842,1.538911146446412e-08,1.3992814686578411e-05,1187074956.8216534,8.980031829229546,0.21664196027568663,48.817993127969004,0.00044127279523855446,1.0374517302134694e-05,,,,,,,,,,,,,8.069907578605822e-18,8.069907578605822e-18,33.570533819177186,2337393602.264857,7.324564251465007,0.6132083237288404,930.215457156726,0.00025908840096251285,0.0001976840041270882,3135013202.4670463,3.624902501290761,0.7624470292841674,3336.117031816281,0.0001795930167606321,0.0007089722794994414,1396111732.4414237,5.2823107551077255,0.13940341935226233,98.85593974285096,0.001411469020753072,2.100829205724582e-05,5238943832.958992,9.14335464904539,0.565604620848069,31139.402802681114,0.016319161483850844,0.006617565623963966,,,,,,,0.07031213052912591,0.07031213052912591,40.83453176810143,1362653668.3199651,3.6386825125248636,0.5978981689290959,88.95633469055375,9.972991372688196e-06,1.8904485298329375e-05,3549078860.4860115,9.049653712468201,0.6617080891139674,5722.727614274998,0.001839781102326726,0.001216160944880898,144602636.62743026,20.791946837005526,5.501544859418682,0.0051447765998581295,1.5373078080908404e-11,1.0933381409377578e-09,129539199.39291582,24.98706021254276,5.400833612399816,0.0031881977974874917,1.5130235204386765e-11,6.775373400942133e-10,4688211385.340988,27.469264381320315,6.785563666653646,19207.960578422946,5.685604933236703e-05,0.004081964591154025,1.0,0.24345506838596526
UGC06930,7,107.2,9.64991871873542,11.513928852718788,10,10,0,True,4426485.889997743,51726143.91696869,3.689289726918375,1.4052984799738863,0.1756623099967358,6.010468665961978,7541573.020330442,9.988456832978788,2.2191140680646213,0.27738925850807766,6.8242842540527135,0,0,False,1.4052984799738863,0.1756623099967358,6.010468665961978,1.4052984799738863,0.1756623099967358,6.010468665961978,,,,,,,,,,,,,,,,,,,,,,,,,,,,,,,0.06322278492424233,0.012644556984848464,11.576148249894473,3839017805.256379,2.8889889911317432,0.9166423751626821,8052.997229844869,0.00020884927605383292,0.0018192754772000358,,,,,,,,,,,,,,,,,,,,,,,,,0.06322278537991019,0.031611392689955095,18.483903529332277,3839111821.956536,2.889009697869929,0.9166550460772757,8053.855155192174,0.0002088644383312431,0.001819469293552019,5622641699.0378065,22.286436502475908,0.8621713993827246,42348.76792322052,0.04088514563955161,0.009567130445149145,,,,,,,,,,,,,,,,,,,0.06352251957505776,0.06352251957505776,25.391958542509563,3594185691.5763717,2.934804198075015,0.9190535944345881,6045.917581696748,0.00015816867411673198,0.0013658504131591914,381930393.2363596,8.899634656551886,7.1141399557886285,0.35174777345169733,8.972382868526907e-11,7.94643385730699e-08,173522521.7752726,3.101253341149484,0.058867460142866895,0.011370981423690031,1.2007595497708967e-06,2.5688507105341365e-09,,,,,,,,,,,,,0.1443281626171611,0.1443281626171611,32.380519464533805,2448418536.0711017,2.5477828646442413,0.6740122301506026,1138.2892003291902,6.52363987197468e-05,0.00025715414634017294,105230441.96903121,3.9626992050864867,0.04209790322201386,0.0012909667769379028,4.925140148192293e-07,2.916459713234421e-10,296152174.4574917,9.816622269709697,6.166967375114187,0.11632951754939676,5.4024938971419403e-11,2.6280331721436047e-08,47694553.02170741,10.141871555245883,0.7836060612418977,4.129896866047165e-05,9.902553327558936e-12,9.329967311946566e-12,,,,,,,21.848574203737606,21.848574203737606,60.99252078463638,2999999999.776877,2.4207043680316787,0.5773921921853529,2754.7199731531855,0.00023854355669596994,0.000622326613392772,2999999999.8242116,4.161711937969754,1.0309017646345562,2754.7199733422976,7.595195824400637e-05,0.0006223266134354948,2999999999.865389,6.125530937456975,1.5307718124625258,2754.7199735068016,3.893517701019497e-05,0.0006223266134726584,2999999999.9049044,8.07217003032387,1.9715341272966995,2754.71997366459,2.8008988566776938e-05,0.0006223266135083048,2999999999.9366007,10.027206372601839,2.3873671412648707,2754.71997379119,2.2892183220701445e-05,0.0006223266135369054,1.0,0.633270051412681
UGC06983,6,109.0,9.423081958297232,11.535623990470404,17,17,0,True,4762978.482869276,78748790.74962184,3.1921395356935975,6.351340534229941,0.423422702281996,12.017767222342373,12068549.870355781,8.451085135836912,8.95131872800322,0.5967545818668812,14.617745416115651,0,0,False,6.351340534229941,0.423422702281996,12.017767222342373,6.351340534229941,0.423422702281996,12.017767222342373,,,,,,,,,,,,,,,,,,,,,,,,,,,,,,,1.3741330959792029,0.11451109133160024,15.540199816260284,2080636093.7832427,2.27876555832399,0.29037517303837895,560.7291803385665,0.0002714327227861386,0.00011772658271611096,,,,,,,,,,,,,,,,,,,,,,,,,0.6190661200810598,0.06878512445345109,23.284772872530787,2032966788.035308,2.546641814315431,0.07305910905700533,506.95187579743583,0.01725757433564125,0.00010643589460266508,3133254100.8103747,8.20931087372847,1.04522823755046,3327.9817255658313,0.00021875461868423117,0.0006987186143156823,,,,,,,,,,,,,,,,,,,0.6396669198040307,0.10661115330067178,31.80501370442241,2099026287.6776016,2.517548280504001,0.11805912180417397,582.6097759174704,0.004644424108936436,0.00012232047195109293,588599346.9784931,7.517274240614054,0.0860928996370719,2.3084263622988668,0.0002324745491108432,4.846602542088837e-07,3347532124.4433417,8.376456322364987,1.3898170696930898,4437.646230170768,0.00012897810575823558,0.0009316956282988447,,,,,,,,,,,,,0.5321719382109674,0.17739064607032248,40.19715875499799,2200341863.438336,2.3879988250782724,0.2555628825588965,715.2077359054623,0.0005324045880034566,0.00015015976630543425,943610650.7919598,5.00764300155713,0.7652903662602881,17.986589744076124,1.3445005929201902e-06,3.7763323535404224e-06,4088965081.1767235,8.422859013346358,1.0361625000208416,10595.422954148351,0.0007511045998528194,0.00222453722859683,116904595.25380352,11.999919385233351,9.42192646666216,0.0020401748259063802,3.7888146366875636e-13,4.283401307069005e-10,,,,,,,0.5431444504967904,0.5431444504967904,48.70777129945247,2594216060.485334,2.352684508996655,0.3624144019334271,1463.9516212642945,0.0003764012271848248,0.00030736053638067085,506436558.5697021,5.145130232487495,0.08239909353964243,1.2002838505519655,7.485473793271173e-05,2.520027866741275e-07,1083242517.8629785,7.276640821256829,0.14835274409309324,32.783610871147005,0.0006125117652606088,6.883006293028173e-06,894372550.8481973,8.93363233310217,0.09582195246386765,14.246405740253953,0.0014304434349806609,2.9910707746199486e-06,431752549.187372,7.9705078183098665,0.08564225677624714,0.5996141326400275,6.772620415006898e-05,1.2589058186943828e-07,1.0,0.7095424403066409
UGC07125,9,65.2,9.132259689531043,10.866087283844294,13,13,0,True,496468.21570418647,9598136.649243286,4.759320910416555,2.7123942852943324,0.24658129866312112,7.842293000217406,1193828.5485507902,14.401846868347713,9.388060327296268,0.8534600297542062,14.517959042219342,0,0,False,2.7123942852943324,0.24658129866312112,7.842293000217406,2.7123942852943324,0.24658129866312112,7.842293000217406,,,,,,,,,,,,,,,,,,,,,,,,,,,,,,,2.0657714914603194,0.2582214364325399,14.890518278768003,438890723.95392936,7.136648044298429,0.0758850957673145,0.6439473330311877,0.00031536888471259713,1.2970565137142124e-06,,,,,,,,,,,,,,,,,,,,,,,,,1.7139472791900605,0.3427894558380121,22.233542138882356,464833788.36716485,6.570772997583032,0.0754070433202126,0.8266943076781336,0.0003580953504288596,1.665150520271589e-06,597961359.7091016,10.039617264817768,0.1258274802394051,2.472453174698739,0.0004371400249739777,4.980083510868529e-06,,,,,,,,,,,,,,,,,,,1.9036653428597128,0.9518326714298564,30.118108274936617,639020751.9826499,6.596660985411795,0.8431246496829579,3.300578637971773,1.0296672714552972e-06,6.648116704289436e-06,901449248.1434766,10.083319309635714,0.15101781744453813,14.743295549676747,0.0015177740028772542,2.9696353328007065e-05,1429268.1532212785,11.490678449733455,2.3654859775917236,9.757637247050329e-12,3.1845693197646943e-19,1.9654102595893627e-17,,,,,,,,,,,,,1282.0288817469016,1282.0288817469016,1317.938172751363,2999999998.7776604,3.3711674063421273,0.8396066763044535,2754.7199691620053,0.0003424404903128917,0.00554863308873607,2999999999.063313,5.76720286802709,1.565839017246667,2754.7199703029864,0.00010732296285707871,0.005548633091034265,2999999999.3550634,7.700541217821081,1.631056760785106,2754.719971468395,0.00015145328539260708,0.005548633093381663,2999999999.5711856,9.786336180336974,1.918248458093314,2754.7199723316576,0.00013221724622645902,0.00554863309512047,,,,,,,12.53717287941227,12.53717287941227,56.14131195625839,678431074.2431107,4.960767577810756,1.7056101604554939,4.282032242148212,1.0493177493834558e-07,8.624987676350261e-06,483204921.0873901,9.272938594205009,5.809355243588924,0.9785237397304748,1.559084545728568e-09,1.970969558126787e-06,258213984.94502896,10.150528745818821,2.5601876289824506,0.0640784438551833,1.36744985602054e-09,1.2906857242471194e-07,7658079.899814037,10.872045170196307,2.1036569138907293,1.4471766127120422e-08,6.17534045248476e-16,2.9149431261362393e-14,3190866416.6721807,11.49259709838581,1.855168487275867,3602.4877333434324,0.00024377705983430012,0.007256230347462814,1.0,0.288919562799134
UGC07151,6,73.5,9.05766610390983,11.02220651390112,11,11,0,True,841136.1931588579,123576781.24042875,1.5734537237516102,8.151040613303108,0.9056711792559009,12.94683115889985,8260626.752855295,7.217331004795052,26.313863197488843,2.9237625774987603,31.109653743085584,0,0,False,8.151040613303108,0.9056711792559009,12.94683115889985,8.151040613303108,0.9056711792559009,12.94683115889985,,,,,,,,,,,,,,,,,,,,,,,,,,,,,,,3.905551163154851,0.6509251938591418,15.895027527146704,1567542898.4250383,1.5731767619655406,0.5320523294956879,163.60800223103053,1.097770708482596e-05,0.00019450833712981286,,,,,,,,,,,,,,,,,,,,,,,,,7.5149215215316305,2.5049738405105435,26.698083703918595,930486719.2689382,5.387520747394603,0.5667695375896792,16.92346463153229,6.360304304238282e-06,2.011976748732783e-05,711913070.7690575,11.060372831235,0.7893910300654299,5.280284284413641,3.3759158382791315e-06,6.277561621244374e-06,,,,,,,,,,,,,,,,,,,7.134003969119992,7.134003969119992,33.51085196990207,1639911216.6239128,1.79152669080722,0.6174115109481386,199.09871779028845,9.896619850998798e-06,0.00023670211721906782,2199106984.515644,5.027739595297084,0.9806208238702339,713.4633305655237,4.5760520383164717e-05,0.0008482138045756145,2226401015.49526,5.700829786964145,1.181473630627899,752.7915796617343,3.486502021051974e-05,0.0008949699059252837,,,,,,,,,,,,,19.377112657829542,19.377112657829542,52.94764647700673,1581224101.5857022,1.896059778991042,0.7441505749599665,169.91096265934704,5.157440603732057e-06,0.00020200172581000503,967290166.1095741,9.220457938162312,1.365145344016141,20.03419795593272,1.6615675333508018e-06,2.381801914942571e-05,12717531.442503635,10.28687969303852,1.15568997162122,1.3144748078497875e-07,2.282678431662546e-14,1.5627371863685034e-13,3402412188.572242,11.141127077965624,1.2111284455426647,4762.9182335087935,0.0008568377366311386,0.005662481619797882,,,,,,,40.72695383919982,40.72695383919982,81.49117347677213,2553764824.5619516,2.20932556730789,0.8218700241160293,1367.2153263292041,3.766148481719803e-05,0.0016254387071309752,2477267606.7984347,5.254808639733292,1.1178433788378632,1197.794234819691,5.611271194344225e-05,0.0014240193735112218,2301519585.542509,7.03984601611749,1.491915762287229,869.6887181707199,3.099219353473997e-05,0.001033945186575118,2756770106.694869,8.717050149699316,1.8353188553423154,1906.9635679702303,5.76232986015768e-05,0.0022671281814764083,3335320840.1205196,10.358224924519673,2.187427958134728,4367.658098174195,0.00011356948258018548,0.005192569447964908,1.0,0.30976221743377347
UGC07261,8,74.7,8.942751920429814,11.04330630209473,7,7,0,True,903259.7883988287,153922409.00894353,1.4913866829472762,1.8622060134283807,0.37244120268567615,5.754026311539008,18842835.16720521,4.447726708346027,0.2436288854850192,0.04872577709700384,4.135449183595646,0,0,False,1.8622060134283807,0.37244120268567615,5.754026311539008,1.8622060134283807,0.37244120268567615,5.754026311539008,,,,,,,,,,,,,,,,,,,,,,,,,,,,,,,0.023083199062981574,0.011541599531490787,9.752633944339546,3787905671.2256575,4.804206295958887,1.476253953232095,7596.8985352084155,0.0001329772578132874,0.008410535521209378,,,,,,,,,,,,,,,,,,,,,,,,,0.06749447001478533,0.06749447001478533,15.634775662457292,755179805.3341072,1.1131983680688629,0.7417558726445265,6.825258424358676,1.179976066072446e-07,7.5562518248017325e-06,225388180.855877,11.887885131610531,0.29095989176009524,0.035469123106693715,5.491464938410369e-07,3.926790892525877e-08,,,,,,,,,,,,,,,,,,,1.2846110797346981,1.2846110797346981,22.689622719343145,2706634255.148888,7.962664075583807,6.363771249694239,1760.6322255611824,1.0693831420856053e-06,0.0019491980581601916,466942051.07649255,11.148832872004675,0.5295345876628328,0.843128931097245,1.8734086892790624e-06,9.334290554346771e-07,319233768.85580695,11.372763571872886,0.6976648076765714,0.16124022280918235,1.6383755902947071e-07,1.7850924493716944e-07,,,,,,,,,,,,,0.02314089238406977,0.02314089238406977,27.265882979158455,3801142464.8436933,4.8036029853415965,1.479771949664422,7713.056978384043,0.00013401660723927106,0.0085391346735989,1003654.9909939279,1.3566843177011318,0.022374848485992856,2.0964878577782738e-12,1.515061154344637e-15,2.3210242332326462e-18,13038782.659380214,11.309267267919887,0.8098519235692545,1.4651468344061436e-07,9.398600293866671e-14,1.6220658256063284e-13,475760564.24837464,11.353655261936462,0.7503022653446046,0.914617941553076,7.443287859588104e-07,1.0125746250415745e-06,,,,,,,1.2564674180762432,1.2564674180762432,34.336939952016564,2493800450.5041337,2.1559061478138197,1.1499273421978167,1232.958306730801,1.0853844011891881e-05,0.001365009626872038,2444423425.6843247,5.265327002805647,1.200890762296095,1130.2317448255271,4.4128964336224584e-05,0.0012512809264198976,2217287414.3600225,7.118587450558466,1.5137676702266862,739.478692592011,2.6200933042207993e-05,0.0008186777515058589,583456239.9396017,8.79252344548164,1.8360959724314074,2.221959080189965,6.979780955525311e-08,2.4599335747346177e-06,3438433353.9810295,10.406006168362335,2.058919200073982,4986.18809816458,0.0001614562988339555,0.005520214850927206,1.0,7.643617503405146
UGC07399,8,103.0,8.76192783842053,11.461856170764053,10,10,0,True,3712665.4569052053,315072952.3993158,1.5284799482477989,7.083375422958619,0.8854219278698274,11.688545608946711,27237801.260102786,5.854599103149597,8.108232858396907,1.0135291072996133,12.713403044384998,0,1,True,7.083375422958619,0.8854219278698274,11.688545608946711,7.083375422958619,0.8854219278698274,11.688545608946711,,,,,,,,,,,,,,,,,,,,,,,,,,,,,,,0.10095776516103581,0.02019155303220716,11.613883230131266,2297821478.750272,1.3917249614698477,0.5821246824839797,863.6262579569209,2.006949008570903e-05,0.000232616234342003,,,,,,,,,,,,,,,,,,,,,,,,,0.04698979658092326,0.02349489829046163,18.46767054053329,2038944820.6882288,1.3514963457157576,0.5684593329386252,513.4685007663803,1.2415615437681061e-05,0.00013830184990446087,1447726476.96297,6.0485801689819985,0.654284227189746,115.76741862534107,2.0320786891169644e-05,3.118175337075541e-05,,,,,,,,,,,,,,,,,,,0.046925682958601576,0.046925682958601576,25.375361705893106,2034785796.8385494,1.3509709589609877,0.5683135970585336,508.92798691217763,1.231018839054228e-05,0.00013707887037481923,50673785.75007365,5.885987092136141,0.06748840907547142,5.3753602612471335e-05,8.118876216828576e-09,1.4478439610683138e-11,1299862948.5556812,5.988413470585894,0.658603275201005,72.45267201786623,1.2209330316577741e-05,1.9515001515450616e-05,,,,,,,,,,,,,0.055553686618787984,0.055553686618787984,32.29174498853543,1673906098.6801944,1.3313432682576516,0.5593660748058279,217.68587444996643,5.4370412010554295e-06,5.863331263663721e-05,3659770713.5342827,5.778420404509272,1.8340102224858243,6540.702064544071,4.736330645576115e-05,0.0017617267541245834,3794319923.913395,7.194803149085833,1.3321905693291352,7653.016795037762,0.00023046697341982998,0.002061326797113884,2658674875.351814,8.395148546982256,2.329510079154385,1628.8975005979942,1.287538093486604e-05,0.00043874071593722494,,,,,,,0.3297140812549131,0.3297140812549131,39.47366066215369,2736143769.5126257,1.5957969843346522,0.6639247347365653,1845.6709368252154,3.374471880176887e-05,0.0004971282649214846,2850942038.0619063,3.8688124727321207,0.871898083752439,2206.9855370270034,6.806395448400755e-05,0.0005944477256689583,3179327900.5108857,5.586177772702669,1.1005526986855882,3546.1626189065973,0.00011076433213321228,0.0009551527494380275,3079817434.4074054,6.161229272504332,1.290249130933202,3088.04509049455,7.348855933710276e-05,0.0008317595879130665,3041415969.533789,8.837374634126256,2.190903893268699,2924.016544020675,3.115550555251017e-05,0.0007875787834808229,1.0,0.8736028610257607
UGC07524,9,79.5,9.085647288296856,11.124445882617945,31,31,0,True,1188002.6098091993,31553758.97443482,3.6000872037576017,6.7584188276040145,0.2330489250897936,13.626393236574307,1653450.5066975204,19.788745076687157,23.400602372823545,0.8069173232008119,30.26857678179384,0,0,False,6.7584188276040145,0.2330489250897936,13.626393236574307,6.7584188276040145,0.2330489250897936,13.626393236574307,,,,,,,,,,,,,,,,,,,,,,,,,,,,,,,5.106919786188889,0.19641999177649572,22.27685580861462,2322961421.271984,5.754335679142849,1.9182584448121156,905.487977082887,1.103819447215262e-05,0.0007621935925109744,,,,,,,,,,,,,,,,,,,,,,,,,5.088317950363549,0.22123121523319778,32.560215586244716,783527919.7177591,4.7458667115006845,0.9304469089193964,8.011926795756114,6.495073718431415e-07,6.744031309024548e-06,299260830.58447105,6.646742630978979,2.984492544618219,0.12173542178165897,4.871854335435103e-10,1.0247066864710881e-07,,,,,,,,,,,,,,,,,,,1.3568529559790947,0.06784264779895474,39.1307122053157,3955246255.531262,6.134026168304564,1.3545004594931345,9168.638442976642,0.00034952812884786786,0.007717692172788394,1190979171.123391,3.5008527365792452,0.4826728276880201,49.520283588944935,2.067797923741243e-05,4.1683648823716136e-05,1681082590.7474651,9.127691519755494,0.4256735731685086,221.77488885172755,0.0004845419252816182,0.00018667878927247977,,,,,,,,,,,,,5.106919785759849,0.3004070462211676,53.1827406485519,2322880225.969853,5.754300040679133,1.918255263419954,905.3503083156753,1.1036464003732229e-05,0.0007620777099648629,2170351354.4329534,24.80434138277826,0.6150717152456455,673.7607433836148,0.0037896664846081454,0.0005671374269891756,2153027093.8299847,26.648095899849036,2.306448851875826,650.6767719750319,8.148065128939184e-05,0.0005477065173110475,2285929626.263442,28.256655117429396,2.5441549244370227,844.3517827227234,8.987766603022787e-05,0.0007107322624975812,,,,,,,3.0842597556381572,0.22030426825986837,61.46204223188565,1727038448.5221114,3.9323734093077407,1.1441845252330103,249.38120961508534,8.759962891787256e-06,0.00020991638196412508,1647543619.491094,4.552334950249522,1.4163115595767908,203.16112488995546,4.4288149930258865e-06,0.00017101067220936863,2887469102.238009,7.237831049976787,1.740693944543367,2332.6546909074036,5.3214083310863093e-05,0.0019635097361293194,1849058606.6613977,9.06897889561323,1.5072643525829064,335.61042506080344,1.6351172113791013e-05,0.0002824997371972984,885490681.2049766,11.90324456188382,2.7676338978425425,13.641130969395459,1.7601755425383542e-07,1.1482408251263278e-05,1.0,0.2888138826482925
UGC07603,7,61.6,8.27415784926368,10.79208663314181,12,12,0,True,386684.8544890269,129718010.0026597,1.5347719742460764,2.034207454953488,0.2034207454953488,7.004020754529488,5920315.273041364,9.493467793731952,15.146242226462261,1.514624222646226,20.116055526038263,0,0,False,2.034207454953488,0.2034207454953488,7.004020754529488,2.034207454953488,0.2034207454953488,7.004020754529488,,,,,,,,,,,,,,,,,,,,,,,,,,,,,,,0.28719338151891177,0.04102762593127311,12.711726630458912,776381471.2611563,1.3359327488571233,0.4533770103226684,7.698869452547807,7.9131659558375e-07,1.9909932760933313e-05,,,,,,,,,,,,,,,,,,,,,,,,,0.2871933818415558,0.07179834546038895,20.166446580145557,776399534.2018136,1.3359372133262264,0.4533793104302377,7.699648648037023,7.913875122280504e-07,1.9911947826897677e-05,1330264445.3328698,10.501098671788874,0.7536980842582234,80.11802386700153,7.371892818227959e-05,0.0002071920400732299,,,,,,,,,,,,,,,,,,,2.0065549548188755,2.0065549548188755,29.34052810248688,27649958.625815623,2.017297657090408,0.5855599963192923,3.854526298929203e-06,2.9676201554540643e-13,9.968133621428363e-12,918838477.7456452,10.174333002974427,0.9177168003789546,16.021028955197725,7.59742155356489e-06,4.1431746729176225e-05,939907725.9082679,11.078568783859446,0.9828051800244385,17.68156511122336,8.296508927616055e-06,4.572603479541017e-05,,,,,,,,,,,,,inf,inf,inf,,,,,,,,,,,,,,,,,,,,,,,,,,,,,,,437.96348683994665,437.96348683994665,480.2068998863427,2999999999.829701,2.6507338410151267,0.7896647103343252,2754.7199733642015,0.00013632220371801547,0.007123940701024724,2999999999.9602194,4.301836381069709,0.9574790328745493,2754.719973885566,0.0001853388481514156,0.007123940702373017,2999999999.993411,6.031449031121885,1.3809320247584504,2754.7199740181604,0.00012184418896800599,0.007123940702715917,2999999999.9982963,8.003871039207256,1.9265236510227817,2754.719974037631,8.24496775815815e-05,0.007123940702766269,2999999999.9993525,10.000532285646782,2.453909470793043,2754.7199740418673,6.570114973881485e-05,0.007123940702777226,1.0,0.13430443172231124
UGC08286,6,82.4,8.797613730153076,11.171126131739882,17,17,0,True,1390854.6925025901,154726364.47215495,1.7864702257581546,18.577299210048995,1.2384866140032664,24.24372589816143,20792786.48406394,5.05020854819794,36.78028914234046,2.4520192761560304,42.44671583045289,1,1,False,0.33785313374000947,0.028154427811667455,14.50391985402109,18.577299210048995,1.2384866140032664,24.24372589816143,,,,,,,,,,,,,,,,,,,,,,,,,,,,,,,0.33785313374000947,0.028154427811667455,14.50391985402109,1292459500.1042535,1.3456074966443636,0.4312207632977297,70.67465589260054,7.061597883243068e-06,5.081383143298338e-05,,,,,,,,,,,,,,,,,,,,,,,,,0.22880133425099325,0.025422370472332582,22.89450808670072,1237335926.392574,1.3373327356020226,0.4259597673450345,58.46839333309326,6.030910950067264e-06,4.2037743876673425e-05,218643422.08882645,5.71652951359617,0.05821422826145033,0.031078024874094834,9.702508598379352e-06,2.2344551908708435e-08,,,,,,,,,,,,,,,,,,,0.2631541371015757,0.043859022850262615,31.428500921719955,1268401009.7260137,1.3468861045158245,0.4308511634831543,65.1277566507637,6.529167860208717e-06,4.682570868246355e-05,247021819.85079232,5.64122169877985,0.5433391033215018,0.05284435830346691,1.9724560403530832e-08,3.799416185481108e-08,739335595.9400553,11.4478143188701,0.1890245459000061,6.223877416951244,0.0002520326251762882,4.474858121772957e-06,,,,,,,,,,,,,0.23068433350991724,0.07689477783663907,39.89567115029695,1253713488.106716,1.34192517545255,0.4284208364879869,61.91025565528607,6.293950853876247e-06,4.451238219852415e-05,205729450.00482127,5.722557782443659,0.06591144324351489,0.023847322391717066,5.141293228093122e-06,1.7145804317493545e-08,681953303.4225576,11.962915739507183,0.1720803812577826,4.379582109341242,0.0002596993855117006,3.1488423146928312e-06,657617376.8531448,11.717390627606846,0.2860665704820306,3.739243694800906,4.604618398634037e-05,2.688450285250731e-06,,,,,,,0.24844595073771988,0.24844595073771988,48.413072799693396,1244427488.7712545,1.3392563078754323,0.4269572928232774,59.940138500112475,6.146625168792833e-06,4.309590270156913e-05,220918821.50360698,5.684080144091663,0.34227420619506843,0.03250965213760592,4.932057844104213e-08,2.3373866668351034e-08,1051555876.347084,11.549258188279305,0.5280383196279058,28.811823311766474,5.459873404746871e-05,2.071519294364592e-05,802552103.9293598,11.128728850458721,0.45835432765274775,8.893210735684475,2.3698782509373947e-05,6.3940617115672665e-06,774772965.6330705,11.498525311479252,0.11780466812806181,7.629725157825384,0.0012891638074232024,5.485637859190798e-06,0.018186342908082947,0.009185711739038023
UGC08490,9,78.6,8.706290957258764,11.109612134766758,30,30,0,True,1129955.215859999,245232919.52241558,1.4014739333078134,18.526990526265372,0.6616782330809061,25.329385289589684,45714850.72544893,3.186649664364089,3.1479208790056123,0.11242574567877187,9.950315642329922,1,1,False,0.6609761366937834,0.026439045467751335,17.66696304500456,18.526990526265372,0.6616782330809061,25.329385289589684,,,,,,,,,,,,,,,,,,,,,,,,,,,,,,,0.6609761366937834,0.026439045467751335,17.66696304500456,1355228762.5818539,1.2874084404075095,0.6069645983723152,86.86700632409271,1.9632498215689536e-06,7.68765036922096e-05,,,,,,,,,,,,,,,,,,,,,,,,,0.21256008855075142,0.009661822206852338,27.422139141847996,1348306352.1255028,1.305342877311565,0.6188022982009744,84.95331405012922,1.8408228762244013e-06,7.518290358567177e-05,489589362.3375956,5.62361544085855,0.16022258966902161,1.0360222500281009,1.590452395247142e-05,9.16870186965413e-07,,,,,,,,,,,,,,,,,,,0.18691148192064216,0.009837446416875903,37.60008268020435,1455813940.8819218,1.2630354708296965,0.5483520601231463,118.60706285951598,3.5572051989451105e-06,0.0001049661625476415,2577167310.148719,2.6135210127387136,0.9453520084453071,1422.5592719538072,2.3470100238591e-05,0.0012589519053382216,4109108498.0062013,5.465779283261918,1.3089373503930595,10824.356756327295,0.0002867673189281733,0.00957945642835851,,,,,,,,,,,,,0.15895479622409492,0.009934674764005932,47.77571813949427,1079947757.6465247,1.2774543794159532,0.5890357268777827,32.35206076759269,7.92953063576888e-07,2.8631276986468725e-05,822616660.3866477,5.776499579418481,0.6134081482451006,9.901685529174848,2.8691787231377614e-06,8.762900856773127e-06,997842704.1402186,7.262185245910235,3.273956027371051,22.936126502923567,7.235489009385027e-08,2.0298261542575457e-05,3075936590.6857986,10.265928674747448,0.10605569915649228,3071.1540125582173,0.6368552675743566,0.0027179431268174545,,,,,,,0.6862672402435739,0.052789787711044145,58.50662272850022,1977617104.3876972,1.4789685492875844,0.646699966766272,449.5920383767649,9.951694100728088e-06,0.00039788482947493133,1936961266.4278486,4.353527599491052,1.4851601547295692,410.74858159890834,4.508107270211515e-06,0.00036350872657045193,2761838075.826636,6.926391200490652,2.1873878984884403,1922.2604261707293,1.833194691796696e-05,0.0017011828426383374,37691298.07065999,9.03447128596981,2.768405795736078,1.4833675067524618e-05,1.2790187975790574e-13,1.3127666352895977e-11,1457579919.7521863,11.596274597365024,0.13286486037081627,119.23419896717675,0.016692545346846197,0.00010552117224967067,0.03567638984630179,0.20997228396114495
UGC08550,7,56.9,8.159867847092567,10.688681295833748,11,11,0,True,272706.82100892323,130583136.97762643,1.3060817675626135,8.470169969934732,0.9411299966594147,13.265960515531473,13210495.63292211,4.41277035192579,6.8725270997740555,0.7636141221971173,11.668317645370797,0,0,False,8.470169969934732,0.9411299966594147,13.265960515531473,8.470169969934732,0.9411299966594147,13.265960515531473,,,,,,,,,,,,,,,,,,,,,,,,,,,,,,,1.5636615161677812,0.2606102526946302,13.553137880159635,886227871.0614002,3.7320106434754226,0.6318687940701125,13.690600817393008,3.282749480979617e-06,5.020263434094683e-05,,,,,,,,,,,,,,,,,,,,,,,,,0.8911227247200239,0.29704090824000795,20.07428490710699,306357275.48035526,0.8089970706527314,0.27397107030717055,0.13480086026737215,4.7154548857277416e-08,4.943068888730191e-07,542169664.2738032,11.998277868365005,0.5761823432854806,1.614686377257963,5.9695239628776046e-06,5.920960727290092e-06,,,,,,,,,,,,,,,,,,,2.258544438530989,2.258544438530989,28.635392439313065,832479493.9655086,3.7912907292354716,0.8859264522072982,10.428573799334833,9.347893388843641e-07,3.824097160735704e-05,716925057.1982576,5.032941330877396,1.6121086819423098,5.443908968812652,1.3433596530321e-07,1.996249653262073e-05,748455739.4298944,11.266574178603545,0.8527348180344517,6.564817167286952,6.470653498395456e-06,2.4072801490624045e-05,,,,,,,,,,,,,inf,inf,inf,,,,,,,,,,,,,,,,,,,,,,,,,,,,,,,13.064703397143816,13.064703397143816,53.82892303471612,1331876953.8011959,1.8382755355930556,0.8161143675108671,80.54134040336568,2.5246389240643255e-06,0.00029534039561383136,930666610.9775082,9.190117114462039,1.985122132670831,16.937701685736442,8.295393554027607e-07,6.210956375448426e-05,189450562.46587443,11.514627595639332,0.4201635948507496,0.01666123387556162,1.4438267207210593e-07,6.109577242666933e-08,1006023.4257610058,11.750369889304697,0.3513327732203028,2.1180938887622685e-12,3.2905005152493766e-17,7.766926697784953e-18,2377758611.1885123,11.866122311134376,0.35416009869235193,1002.1431673810447,0.015548442461122336,0.0036748005190095833,1.0,1.2324680349697277
UGC08699,2,182.4,10.400555257218906,12.206418998625727,41,37,4,False,45889285.75763539,124603644.35626377,3.8185638018329855,111.56490003705592,3.187568572487312,118.78673586234437,15953387.204688948,11.218842759255613,24.522859301405784,0.7006531228973081,31.744695126694232,1,1,False,17.362968839596302,0.5425927762373844,35.41755840281742,111.56490003705592,3.187568572487312,118.78673586234437,,,,,,,,,,,,,,,,,,,,,,,,,,,,,,,17.362968839596302,0.5425927762373844,35.41755840281742,3804109148.3327475,1.6511326437077718,0.25366014616084587,7739.277455429793,0.0004373969587444307,0.00016865107677432254,,,,,,,,,,,,,,,,,,,,,,,,,14.231537935546136,0.4907426874326254,43.118881236699934,4111564910.5285335,1.6541065663238885,0.26607240569111984,10852.532792607433,0.0005337110731553236,0.00023649382668375287,4413983694.61392,4.6782615746246,1.440295187130142,14777.931587367158,4.093277796643528e-05,0.0003220344649820203,,,,,,,,,,,,,,,,,,,12.774713181349897,0.4913351223596114,52.494810220436364,6816135356.5244255,2.0096841968809285,0.9364920790373121,97834.3123571891,0.00017155118345892824,0.002131964155509017,6921490103.13515,6.5099777357978255,0.49554359332720815,104584.72764469539,0.013995801528224352,0.002279066364141303,2497883276.603485,11.995703873101442,5.011894616095697,1241.7632728311505,5.444306167679672e-07,2.7059982571738697e-05,,,,,,,,,,,,,3.147253341222241,0.13683710179227135,53.70010411824138,6822380432.069836,1.8315281435149893,0.6530048246747788,98224.83516973864,0.000413006023144796,0.0021404742642653855,8244760779.587351,6.697698833434701,1.1721746395081485,223858.99898647954,0.002383330926874526,0.004878241081562972,9243944106.462101,6.100691434106702,0.9094156078405334,368196.2001594524,0.007089058229932626,0.008023576616643881,4601445779.771776,7.085410353034494,1.5289600536250427,17708.845297814907,9.410044685680111e-05,0.00038590370291105217,,,,,,,0.9816846742874291,0.049084233714371456,62.367289189239244,4679502100.42919,1.6861104394546027,0.30395620280501423,19053.22352605365,0.000657613332544196,0.0004151998273994369,6728636008.651036,4.049390568920659,1.5063339655364525,92487.40708137224,0.00016672959369783605,0.002015446646300951,9002373764.186163,6.654883048011618,0.7309324682921329,328135.42963981297,0.014240942591748148,0.0071505891674336075,5362801997.903984,7.0088129832934785,1.6439631212526749,34471.022578647644,0.00014449316051860862,0.0007511780148574683,4382309884.522959,7.135970170908067,1.968099733047584,14322.156570673851,3.6144586315556495e-05,0.0003121024076582152,0.15563110650239678,0.7080319886923203
UGC09037,6,152.3,10.535382742526886,11.971444206656662,22,19,3,False,20753034.27292837,4474451.360945748,20.96699912069974,8.51012856907907,0.5005957981811218,14.39900652741195,46802.45609014735,499.9999999999584,20.707120641899014,1.2180659201117068,26.595998600231894,0,0,False,8.51012856907907,0.5005957981811218,14.39900652741195,8.51012856907907,0.5005957981811218,14.39900652741195,,,,,,,,,,,,,,,,,,,,,,,,,,,,,,,10.208672093197524,0.7291908637998231,24.930866989029724,3928225886.8614807,78.82808544663143,0.8572854824549221,8899.273864164647,0.0349028778557901,0.0004288179620930636,,,,,,,,,,,,,,,,,,,,,,,,,5.71470934366142,0.5195190312419473,29.27022117699294,1386410981.9808784,11.941997327578743,1.9751526427895378,95.90255017402478,1.1267319841708081e-06,4.6211338984355855e-06,7671423722.598484,11.999999556898954,2.203601958456054,163610.2373400793,0.0013933753838269323,0.007883677884804697,,,,,,,,,,,,,,,,,,,5.740207102122211,0.7175258877652764,38.129035872953054,2690704083.796896,11.999830503623183,1.929059168991617,1715.9982072294902,2.1783565489648165e-05,8.268661751635768e-05,2761253235.762222,11.999999988279411,1.929696783201286,1920.4903728778384,2.435578015190116e-05,9.254022075138445e-05,2993224649.7831283,11.999999919185333,1.9409269496082155,2727.759090860837,3.3996606400895356e-05,0.00013143904910421252,,,,,,,,,,,,,6.3027717164669905,1.260554343293398,47.52491742479715,4643505538.397781,14.571241926104015,2.3982635540233512,18423.831807112507,0.00016475624353032636,0.0008877656907812162,5298625028.706099,16.28170999213282,1.003384124695623,32712.208202661484,0.004757397776072442,0.001576261464827505,5128816349.2133255,13.77845378576308,1.6957446516873504,28390.60157848401,0.0006557041709358221,0.0013680217169745915,4808315728.76076,24.727642960810236,7.976947304431913,21442.20531175527,1.3093207273618608e-05,0.00103320820607548,,,,,,,18.837141497885014,9.418570748942507,68.8926041437145,4450863386.356332,15.618466175485427,0.5722767367850021,15322.603020660144,0.011193908395429452,0.0007383307336724231,4338121411.004545,15.268063464505602,0.8329820796567312,13704.475084944772,0.003137756382816258,0.0006603600661336447,4219445442.8934493,16.04607199891654,1.0154490172333541,12146.772149016428,0.001661193477217807,0.0005853010210107677,4032210757.398389,22.218769236580446,4.834530168345657,9970.410149116018,2.2516410147752247e-05,0.0004804314404338493,3863603546.843976,26.096513541670486,6.65116683025083,8279.75753319134,9.555962748391301e-06,0.00039896611860714765,1.0,0.4109759495899967
UGC09133,2,226.8,11.150642863909232,12.490273647311142,68,64,4,False,119682719.68368636,21487368.110928282,13.141313426264984,671.706258767234,10.833971915600548,680.0240249339533,4733786.258117707,27.296360879577293,527.5780305001724,8.509323072583426,535.8957966668918,4,4,False,525.1108418797578,10.502216837595157,583.3352050467932,671.706258767234,10.833971915600548,680.0240249339533,,,,,,,,,,,,,,,,,,,,,,,,,,,,,,,643.5275294994558,10.90724626270264,664.3219449162541,2443160785.3190894,0.20027101708077819,0.008415705867301629,1127.6943723365741,0.03825402889240427,9.42236586298337e-06,,,,,,,,,,,,,,,,,,,,,,,,,640.0800672289157,11.430001200516353,673.3511318957931,2646838147.140327,3.8237110804968406,3.0589688643974724,1597.5855572361029,1.3374419211806148e-07,1.3348506463242293e-05,1455985410.9256935,29.99999999860809,23.99999999888647,118.66784386398815,1.4530343815996771e-09,9.915202811034002e-07,,,,,,,,,,,,,,,,,,,642.9994873834701,12.132065799688114,688.7472013004265,5490914508.0367565,5.063364555238361,0.7656720275303291,38199.208682640325,0.00036174479212502724,0.0003191706270011105,884059505.7002264,8.961080621903738,4.831847622373283,13.545483672418051,1.6764356497099327e-09,1.1317827425895637e-07,6937051.583558253,22.83692787197842,15.918364405239844,9.412628517248602e-09,2.2396096001815243e-19,7.864651256359787e-17,,,,,,,,,,,,,525.1108418797578,10.502216837595157,583.3352050467932,7406129720.139602,5.7750351611983355,0.5501819669312407,140385.48874269403,0.004789078791512909,0.0011729804362210663,5683095839.547441,5.467569618784886,0.39537508884461076,44365.42673038082,0.0036159887435493203,0.00037069200004508383,4039385440.907102,29.732494420129395,23.785995503793572,10047.81283849901,1.2397030006760985e-07,8.395374758406833e-05,4277842286.287393,29.920775010989793,23.93662000846954,12895.19000818234,1.5824978486911268e-07,0.00010774479425487228,,,,,,,643.4912611629395,13.691303428998713,714.1922735800539,586566269.7325287,0.20225477977444659,0.021204993168434164,2.273941677377022,4.9178870568561415e-06,1.8999749365546684e-08,745910378.558141,5.305606355242236,0.053059081809368865,6.468251937308424,0.00020411640255188338,5.404499458571457e-08,846811971.6409767,5.307459013773782,0.05307785753990024,11.232421775685287,0.0003543557999287752,9.38516588307138e-08,855036168.7170335,0.2000895618032692,0.02135605843729724,11.714736235410971,2.4273910965600716e-05,9.788160117327094e-08,894683868.8849852,5.5638101631389505,0.15311780008939413,14.267989822875776,2.0807614884643323e-05,1.192151202829042e-07,0.7817566607812779,0.995323556937965
UGC10310,9,71.4,8.93976877545335,10.984439131977055,7,7,0,True,740413.2131815673,71054724.11144112,2.136004763138074,0.46800799113785146,0.09360159822757029,4.359828289248478,7125928.873425573,7.310377142029607,2.843340184445644,0.5686680368891288,6.735160482556271,0,0,False,0.46800799113785146,0.09360159822757029,4.359828289248478,0.46800799113785146,0.09360159822757029,4.359828289248478,,,,,,,,,,,,,,,,,,,,,,,,,,,,,,,0.015958498107048087,0.007979249053524044,9.745509243383614,2964777987.4411235,2.593338702473211,1.009860636008071,2616.772529971678,6.481603168337105e-05,0.0035342056076057386,,,,,,,,,,,,,,,,,,,,,,,,,0.034177458349917825,0.034177458349917825,15.601458650792424,1710859106.414142,2.483388226175765,0.9515110275472071,239.3767515234738,6.7286160895512944e-06,0.000323301566290083,2199244043.1390023,8.787092226052247,2.0120151990558286,713.6567794629589,1.6488926620283113e-05,0.0009638628359917625,,,,,,,,,,,,,,,,,,,16.395802033881264,16.395802033881264,37.80081367348971,2999999999.842935,2.945339885305574,1.2354504856631294,2754.719973417113,4.375120360319901e-05,0.0037205170361291067,2999999999.915883,6.199359337238258,1.6517242570522253,2754.7199737084875,5.665752086715594e-05,0.003720517036522636,2999999999.979462,9.030145964484058,2.0232725695601603,2754.7199739624098,6.62720560357414e-05,0.003720517036865583,,,,,,,,,,,,,1.0117465740176073,1.0117465740176073,28.254488660791992,1542043677.172021,3.913393707922193,1.5213106821334013,152.34230977924247,1.9452468290131603e-06,0.0002057530944438784,1152762297.8451674,8.408242982889902,1.635817312749678,42.97025921659735,1.6854096350422023e-06,5.803551105193473e-05,14289611.958724458,9.680277782078745,1.3052673528830758,2.1824228211053954e-07,2.264527895841929e-14,2.9475741143617497e-13,3042246310.0564117,10.840530423543456,1.3799946751523584,2927.4906902220673,0.000327444556209916,0.003953860679555668,,,,,,,4.939352744821775,4.939352744821775,38.0198252787621,2492390746.5988398,2.559963317123704,0.9276826100545952,1229.9293530818854,3.86867243002738e-05,0.0016611391195962854,2272917389.4122543,5.1454267396781646,1.306499082242016,823.6427561344444,2.5152454307999456e-05,0.0011124095862568937,1963474967.3973444,7.357446195280839,1.7639832750947158,435.77303589324134,1.0309265269026694e-05,0.0005885538347171274,546535751.7589875,8.98187191254888,1.8081914283926985,1.6720174613420857,5.572361312942933e-08,2.2582220732628476e-06,3688387183.1511006,10.502042991868784,1.9425355112019058,6766.105938157887,0.00025344271435888546,0.00913828362014749,1.0,0.16459795901245539
UGC11455,6,269.4,11.27221535695892,12.714537270809435,36,33,3,False,255241583.75310653,20793124.78957508,13.367139427378138,56.908853156464794,1.8357694566601546,63.90186827939775,1107871.559633257,71.50706852440885,52.26686623777076,1.6860279431538956,59.25988136070372,0,1,True,56.908853156464794,1.8357694566601546,63.90186827939775,56.908853156464794,1.8357694566601546,63.90186827939775,,,,,,,,,,,,,,,,,,,,,,,,,,,,,,,45.92104304592091,1.6400372516400326,63.40358085325332,6971866786.145867,3.6852493213800397,0.49915007366151865,107936.54175363167,0.007448796264353622,0.00042287992484029547,,,,,,,,,,,,,,,,,,,,,,,,,46.43667271458223,1.8574669085832891,74.40873320631407,6645155158.308936,3.7384517680481824,0.4877294723014325,87598.62658380829,0.006588968267186608,0.00034319888356648757,4548078241.242014,29.9624740536752,23.946944006456555,16832.61087455514,1.8542243286414813e-07,6.594776065500835e-05,,,,,,,,,,,,,,,,,,,38.112457955408516,1.732384452518569,76.5740411315398,6368740485.005587,3.665953341355047,0.38963394112536326,72817.0286741037,0.010501498105222743,0.00028528669820721345,5030849614.865238,9.301811307210375,5.492118417825431,26105.968442676898,2.885110877191094e-06,0.00010227944858675154,10350128721.47878,9.259704481468038,0.47494051968053724,602024.293807952,0.10235977041647636,0.0023586450332884865,,,,,,,,,,,,,33.775694127842826,1.7776681119917277,82.72679998837356,3599073781.416807,3.4701269781655837,0.5965006331339162,6081.766775807349,0.00022944541110943306,2.3827491925023476e-05,4272047161.959025,3.684159279502909,0.5039334555003147,12819.372507560896,0.0008594256984198642,5.022446702869932e-05,9101399024.126467,8.805604209943455,0.40901725047539295,344128.368021861,0.08593358282132302,0.0013482457010403684,10496897949.811256,10.645716705502544,0.9057693291867654,640051.9741253088,0.018419844324884325,0.0025076320429998065,,,,,,,34.99251845005199,2.1870324031282493,94.43314699498215,2934904769.812464,3.041304969581686,0.17220080338301041,2503.9979049363287,0.003361321575505058,9.81030546871402e-06,6191616325.319344,4.015937425291623,0.2505131577912866,64409.14876044169,0.038820999674390566,0.00025234582787554016,3792919.1106766164,6.515137820282639,3.073512170982722,6.809811283995865e-10,3.2154167227441426e-19,2.667986612472578e-18,5563039303.310649,8.92291402750392,0.44055862720173217,40430.3739275242,0.008217518832718903,0.0001584004194498034,7830188777.637147,9.51817312593,0.6805472040874856,178858.34657431452,0.01066046285345821,0.0007007414071968892,1.0,1.0888131861125336
UGC11914,2,288.1,10.875142324129556,12.801974271489774,65,63,2,False,342919644.67657655,1541227469.8658829,1.3891576830597625,499.3676840241256,8.186355475805337,507.65395347690867,209207112.50706512,3.7673153655916294,302.26893726094363,4.955228479687601,310.5552067137267,2,2,False,7.797343774648912,0.1417698868117984,40.942421585781176,499.3676840241256,8.186355475805337,507.65395347690867,,,,,,,,,,,,,,,,,,,,,,,,,,,,,,,266.1485108358037,4.588767428203512,286.86418446776133,4115941679.9542537,0.21777786769381824,0.023769813735346694,10902.876037052089,0.012560873309341275,3.179425911086283e-05,,,,,,,,,,,,,,,,,,,,,,,,,7.797343774648912,0.1417698868117984,40.942421585781176,7654386493.413986,2.839034835730893,0.6561616440664452,162035.5041677347,0.0006494783288871408,0.00047251741532789094,10492140559.209967,1.0558091958408846,0.45445330729286115,638791.0683480524,0.0014667662808564889,0.0018628010330248824,,,,,,,,,,,,,,,,,,,21.760326668851132,0.41846782055482945,67.33480865915799,14689823011.290464,1.388218017801844,0.7620772067994499,2761353.7733497233,0.002019761112323533,0.008052480562768822,618862213.3514088,4.383224491233103,1.7037147271165232,2.871003706225899,1.5839984451222103e-09,8.372234576802027e-09,7797962501.056321,8.67533470277316,0.616340887319941,175678.23903603046,0.010064612414316786,0.0005123014728471469,,,,,,,,,,,,,16.49737084770681,0.33668103770830227,74.50125701718827,13397172394.078655,1.2766569883860213,0.6435192954879909,1849725.0778678441,0.001970786446283596,0.005394048158461163,1190768441.668737,3.596099815857703,0.43957252643176964,49.482180100014205,1.0471548225718604e-06,1.4429672043630847e-07,3021248274.053776,8.709492158746057,3.8623281790511106,2840.605389011931,6.680821636512539e-07,8.283588978085633e-06,8215378679.3203535,8.16795377639216,0.7092781380511949,220409.34382591507,0.0071061603468389615,0.0006427434159795464,,,,,,,12.767991433150543,0.2775650311554466,83.2012817818066,11583654207.248869,1.133492146028567,0.5469553555309905,982490.3488492832,0.0014295693237099374,0.002865074556390362,3924061681.016476,2.969791685198792,0.7892828171094539,8858.30929629982,2.219200180743142e-05,2.583202634732257e-05,371094276.2829557,8.234949289090363,4.2362193278974685,0.3103534039803708,4.794338054788309e-11,9.050324436008311e-10,2037065048.612414,9.212089898912817,1.0460322501674504,511.41245822379676,7.014113689676304e-06,1.4913478016289606e-06,6003091988.229668,8.73711459645246,0.6476084549652573,56302.961963025795,0.0028322398774796413,0.00016418704159141344,0.015614434061520497,0.025796047206523235
UGC12506,6,234.0,10.843765194483272,12.530992068878962,31,31,0,True,137325693.60108662,135150576.0153283,5.468180200017451,21.004223962861687,0.7242835849262651,27.872198371831978,36144693.375002995,10.292026775604878,4.859293418276259,0.16756184200952617,11.727267827246552,0,0,False,21.004223962861687,0.7242835849262651,27.872198371831978,21.004223962861687,0.7242835849262651,27.872198371831978,,,,,,,,,,,,,,,,,,,,,,,,,,,,,,,21.673312229453696,0.8335889319020653,38.84324825187943,5003090441.059499,40.264938294045926,12.07273417618612,25485.12914189504,5.735133721056541e-06,0.00018558165244681775,,,,,,,,,,,,,,,,,,,,,,,,,2.5516314167103014,0.11094049637870876,30.02352905259147,11654950768.88601,2.38095195807521,1.0879464021760532,1009067.988003806,0.0044175860996406345,0.0073479911991926146,10215897547.327436,2.628659512868084,1.500570457896815,568791.2417223032,0.0010004838389660532,0.004141914209984391,,,,,,,,,,,,,,,,,,,2.5159116680915976,0.12579558340457989,40.28977091742821,7470677207.613424,2.7297088837648196,0.8665041567228438,145786.01926612126,0.0013604693956655795,0.0010616077402791847,7451153459.6145935,2.613845179827863,1.8547958943216734,144135.931669208,0.0001338283595903672,0.0010495918708985678,7469344415.440069,2.345340103457145,1.116587407117039,145672.91530448673,0.0005854107193178178,0.001060784121925848,,,,,,,,,,,,,2.591682634604665,0.15245191968262733,50.667503497396716,7675455896.433656,2.7907227093590947,0.687226183100309,163984.64553669188,0.003107079647026149,0.0011941293813016963,7675663525.909898,2.1120411146070093,0.8751417599706235,164003.94285445643,0.001301380196813751,0.001194269903568568,7543098253.946639,3.931915484643814,2.766786402758866,152034.2641928692,5.5669146682380115e-05,0.001107107200452299,7426194791.766023,7.554766643936828,4.438383933711689,142047.4902423559,2.5531000451874872e-05,0.0010343839271257241,,,,,,,2.4716149390695334,0.17654392421925238,60.84939741531702,3545950640.8174005,0.8836486770019698,0.5071669975276774,5700.81810182589,0.00018408267465117625,4.151312075936809e-05,4487590350.287542,1.9549786544685546,0.7808406483054307,15880.253974107985,0.0001713961692303768,0.00011563935020228676,3667383708.2699733,3.0724628303414456,0.09357858904878122,6600.094115147789,0.05251799067495001,4.806161135672258e-05,3670020696.6656694,3.1544002186572464,0.09266947362995158,6620.762868927536,0.05517084457611161,4.821212036372448e-05,4557279462.205853,2.20939487841168,0.5942704405552575,16981.24885736569,0.00043955110325439483,0.00012365674923655597,1.0,4.322485216443779
UGC12632,9,71.7,8.813247300897604,10.989901963651937,15,15,0,True,754199.6274737732,42024086.910916165,2.8508320535667573,0.8544147562417708,0.06572421201859775,6.270515158446191,5261826.509822084,8.516379551364235,4.427915927158761,0.3406089174737508,9.844016329363182,0,0,False,0.8544147562417708,0.06572421201859775,6.270515158446191,0.8544147562417708,0.06572421201859775,6.270515158446191,,,,,,,,,,,,,,,,,,,,,,,,,,,,,,,0.4232846796983153,0.04232846796983153,13.963535685209367,1057023692.3972911,2.517087207546576,1.070004973713904,29.469213138222905,7.946929743186983e-07,3.9073492036758766e-05,,,,,,,,,,,,,,,,,,,,,,,,,0.22396195500995253,0.03199456500142179,21.88836356382763,273415042.7037314,2.198731478443988,0.10065321784792756,0.0821821428452743,2.3662824963821043e-06,1.0896603478915418e-07,1877133914.475726,11.999999999975898,5.582742450183864,358.34748815857125,7.300783720537088e-07,0.0004751361245813298,,,,,,,,,,,,,,,,,,,0.0704431130582149,0.017610778264553727,29.858995325182526,306634656.3766916,2.1815446137499883,0.08506903110565514,0.13533258746645627,6.413019136484125e-06,1.7943868246098062e-07,1741111406.4366064,5.004370234460184,2.2390505221365666,258.3423102742309,1.804738944263081e-06,0.00034253836897209895,691534534.2067937,8.591186543550737,0.0861623736305763,4.653613895566605,0.0013431802560804505,6.170268090895379e-06,,,,,,,,,,,,,0.1377501163225719,0.1377501163225719,38.05045293175351,391195564.11475575,2.3212333578261126,0.292122806437818,0.3904033707588911,4.813198108947036e-07,5.176393046845772e-07,286326637.02282834,4.228257797779525,0.05352741825870044,0.1004496951220319,4.036446514232323e-05,1.3318714497180652e-07,3767759564.554459,8.333156072909759,3.3267016015105204,7422.698787190073,3.52442458485726e-05,0.009841822399266821,572061142.9338928,11.933842308487568,0.14707654654814795,2.039269647002998,0.00022459688978960826,2.7038857786679456e-06,,,,,,,inf,inf,inf,,,,,,,,,,,,,,,,,,,,,,,,,,,,,,,1.0,0.19296092570348752
UGCA442,9,56.4,7.845098040014257,10.67718180859856,8,8,0,True,262319.2042024069,32126557.52234792,2.8423077746000938,3.6808134062434474,0.6134689010405746,7.839696489603119,939459.3711389096,24.989438050507413,11.716627345031402,1.9527712241719002,15.875510428391074,0,0,False,3.6808134062434474,0.6134689010405746,7.839696489603119,3.6808134062434474,0.6134689010405746,7.839696489603119,,,,,,,,,,,,,,,,,,,,,,,,,,,,,,,0.11650870091611729,0.03883623363870576,10.513716409315297,1776502687.9575007,3.8388652998424364,1.3503745271396266,281.9756002912484,7.554542126372594e-06,0.0010749331187878814,,,,,,,,,,,,,,,,,,,,,,,,,0.11650870091670011,0.11650870091670011,16.752041034355386,1776500973.0194197,3.8388647771104383,1.350374520230427,281.9744162068468,7.554508914591169e-06,0.0010749286048812264,698213916.8261617,11.069616945828885,0.6534886432802567,4.852326091036861,8.26369333065899e-06,1.8497792053733055e-05,,,,,,,,,,,,,,,,,,,inf,inf,inf,,,,,,,,,,,,,,,,,,,,,,,,,,,,,,,23.005031520002966,23.005031520002966,52.11721310352067,1547240360.9725237,3.0952479307337377,0.9365731863303883,154.58820991774078,9.220915498858971e-06,0.0005893133535067439,1100007755.6797266,8.341558804818902,4.118315534641394,35.048666605867695,1.3464727060132478e-07,0.00013361075378539176,14014804.268065447,9.800513932249197,1.2391545346011366,2.0056428971645245e-07,3.897568907733828e-14,7.645810390675627e-13,2830567524.523065,10.91067022982362,1.3108509925118406,2139.1922200484823,0.00043794365967292505,0.008154920363351933,,,,,,,inf,inf,inf,,,,,,,,,,,,,,,,,,,,,,,,,,,,,,,1.0,0.31415298087502525
