HostName,RAJ2000,DEJ2000,amaj,bmin,PA,Dist,T-Type,2SXPSNAME,Favg2SXPS,Fpeak2SXPS,2SXPSSep,4XMMName,Fpeak4XMM,4XMMSep,CSC2Name,FpeakCSC2,CSC2Sep,RABdeg,DEBdeg,SepS-X,SepX-C,SepS-C
PGC000108,0.358467,13.1128852,0.3125863463878428,0.217255112085786,148.5,77.19692,9.0,,,,,,,,2CXO J000126.7+130649,9.49386014744e-15,11.474798239787942,0.361644364167319,13.1136492745594,,,
UGC12915,0.4246905,23.4958156,0.706268772311376,0.24601976784072538,135.6699981689453,64.68447,4.8,,,,,,,,2CXO J000140.9+232938,3.55267549143e-15,15.125075995424233,0.420565052190568,23.4939887161103,,,
UGC12915,0.4246905,23.4958156,0.706268772311376,0.24601976784072538,135.6699981689453,64.68447,4.8,,,,,,,,2CXO J000141.1+232949,2.90069593219e-15,11.613309538903254,0.421495280957856,23.497164666432,,,
UGC12915,0.4246905,23.4958156,0.706268772311376,0.24601976784072538,135.6699981689453,64.68447,4.8,,,,,,,,2CXO J000142.9+232935,3.40611035701e-15,16.79564075486498,0.428951462909083,23.493266836477,,,
PGC000196,0.7278645,-35.7221058,0.28377230270427356,0.2022879458487216,122.94000244140625,211.83623,-1.0,,,,,,,,2CXO J000254.5-354308,4.78438113844e-15,11.45392530364657,0.727389172800429,-35.7189476443182,,,
NGC7814,0.812559,16.1456194,2.1825791612008323,0.939658408401636,134.52999877929688,14.45439,2.0,,,,,,,,2CXO J000313.3+160827,6.39245679085e-14,29.373721548536622,0.805517908689524,16.1410553065428,,,
PGC000290,1.0570905,-52.9114828,0.7277295402909831,0.5271934481956295,14.0,139.44405,-3.0,2SXPS J000412.5-525405,9.229e-15,8.3498e-15,36.8902434168936,,,,,,,1.05248,-52.90162,,,
ESO293-034,1.582761,-41.4999877,1.25594321575479,0.394430058809277,15.880000114440918,20.89296,6.2,,,,,,,,2CXO J000619.5-413019,2.26113183086e-14,19.961260764905155,1.58139628116595,-41.5054374814933,,,
ESO293-034,1.582761,-41.4999877,1.2559432157547898,0.3944300588092771,15.88,20.89296,6.2,2SXPS J000621.4-412915,4.086e-14,1.0496e-13,47.91765658385283,,,,,,,1.58956,-41.48769,,,
NGC0035,2.79375,-12.0207222,0.3810395050127058,0.3082975009307412,137.5,85.62488,3.0,,,,,,,,2CXO J001109.4-120059,1.81570969678e-14,21.41259636819312,2.78943656612734,-12.0165294615879,,,
PGC087431,2.9319465,-28.9323356,0.3403846793468706,0.28311964451912636,96.01000213623047,267.6702,-5.0,,,,,,,,2CXO J001143.2-285548,1.45198760503e-14,9.51265876236958,2.93032460098243,-28.9301068425195,,,
NGC0057,3.878625,17.3283889,1.0543140749666462,0.799779014307336,46.75,80.20473,-4.9,,,,,,,,2CXO J001529.9+172025,4.7992193286e-15,45.20592838256215,3.87466476748352,17.3403635462126,,,
NGC0072,4.618209,30.0406944,0.5793886780775628,0.5284087546068295,,106.21846,1.6,,,,,,,,2CXO J001827.1+300210,6.89435875112e-15,22.476887625006,4.61310120930153,30.0362864152132,,,
NGC0071,4.598292,30.0631944,0.9749222998790219,0.729407130137676,109.0,98.90084,-3.2,,,,,,,,2CXO J001827.8+300344,4.82071265622e-15,55.809228270964134,4.61618586705401,30.0624937207162,,,
PGC001224,4.712121,-10.3768517,0.4549566363161256,0.24772509540239518,98.08000183105469,119.67405,3.1,,,,,,,,2CXO J001850.4-102228,4.64584133242e-15,10.573861542338097,4.71017546028543,-10.3746235389651,,,
PGC001224,4.712121,-10.3768517,0.4549566363161256,0.24772509540239518,98.08000183105469,119.67405,3.1,,,,,,,,2CXO J001850.9-102249,1.61116785965e-15,12.79167543286859,4.71245697465469,-10.3803895413702,,,
PGC001224,4.712121,-10.3768517,0.4549566363161256,0.24772509540239518,98.08000183105469,119.67405,3.1,,,,,,,,2CXO J001851.2-102244,7.48043228329e-15,9.042563347206208,4.71335133403238,-10.3790527576952,,,
NGC0134,7.591251,-33.2440594,4.187646410634414,0.8953029270176471,49.58,19.23092,4.0,2SXPS J003013.5-331629,1.131e-13,1.6656e-13,152.5683254116481,,,,,,,7.55654,-33.27494,,,
NGC0134,7.591251,-33.2440594,4.187646410634414,0.8953029270176471,49.58,19.23092,4.0,2SXPS J003015.3-331545,3.477e-14,1.2141e-13,105.85652647248297,,,,,,,7.56394,-33.26258,,,
NGC0134,7.591251,-33.2440594,4.187646410634414,0.8953029270176471,49.58,19.23092,4.0,2SXPS J003024.2-331423,2.697e-13,7.5168e-13,33.333532725039085,,,,,,,7.60116,-33.23993,,,
NGC0151,8.511672,-9.7053003,1.309091504109492,0.803470626506436,75.05999755859375,59.97909,3.9,2SXPS J003358.2-094220,4.44e-14,2.2723e-13,67.86309272496216,,,,2CXO J003358.1-094222,1.16977368581e-14,69.29167563647778,8.49216510269508,-9.70617752974497,,,2.457577428100303
NGC0151,8.511672,-9.7053003,1.3090915041094926,0.8034706265064385,75.06,59.97909,3.9,2SXPS J003404.0-094222,9.744e-14,4.4428e-13,19.171597201667495,,,,,,,8.51699,-9.70624,,,
NGC0151,8.511672,-9.7053003,1.309091504109492,0.803470626506436,75.05999755859375,59.97909,3.9,2SXPS J003404.1-094256,5.149e-14,1.7396e-13,42.665187425470705,,,,2CXO J003404.3-094248,1.02161696859e-14,37.1606494977159,8.51823376826343,-9.71334516464288,,,9.681817431156773
NGC0151,8.511672,-9.7053003,1.309091504109492,0.803470626506436,75.05999755859375,59.97909,3.9,,,,,,,,2CXO J003404.5-094239,6.59499314631e-15,33.410592494106766,8.51912834969187,-9.71096735986486,,,
PGC002051,8.5649415,-21.4178028,0.252330648781764,0.2113343071328016,113.41000366210938,271.01917,-3.3,,,,,,,,2CXO J003414.9-212455,1.87378722031e-15,12.481219891033327,8.56220311245255,-21.4154530789936,,,
ESO242-014,8.635875,-43.6561667,0.746397204789498,0.5104697418538398,72.87999725341797,83.21469,-2.0,,,,,,,,2CXO J003435.0-433941,3.48784934014e-15,32.60773670312555,8.64605441802388,-43.6614399383903,,,
ESO350-040,9.4201395,-33.716339,0.636751540508328,0.47094479826142077,129.2899932861328,126.4154,-3.1,,,,,,,,2CXO J003739.1-334229,3.05267673404e-15,35.845532377416006,9.41314758472635,-33.7082571414937,,,
ESO350-040,9.4201395,-33.716339,0.636751540508328,0.47094479826142077,129.2899932861328,126.4154,-3.1,,,,,,,,2CXO J003739.2-334250,4.36665400553e-15,21.920439812196054,9.41340905552971,-33.713944507744,,,
ESO350-040,9.4201395,-33.716339,0.636751540508328,0.47094479826142077,129.2899932861328,126.4154,-3.1,,,,,,,,2CXO J003740.2-334327,1.28825569438e-15,29.264541065030215,9.4177010342089,-33.7242109521745,,,
ESO350-040,9.4201395,-33.716339,0.636751540508328,0.47094479826142077,129.2899932861328,126.4154,-3.1,,,,,,,,2CXO J003740.4-334324,1.35442261437e-15,26.53954802177965,9.41852294705689,-33.723587441195,,,
ESO350-040,9.4201395,-33.716339,0.636751540508328,0.47094479826142077,129.2899932861328,126.4154,-3.1,,,,,4XMM J003740.9-334330,1.00241e-14,31.817503964651106,2CXO J003740.5-334328,4.30239216176e-15,29.64408486545019,9.41911062776688,-33.7245288791078,,4.876142914281044,
ESO350-040,9.4201395,-33.716339,0.636751540508328,0.47094479826142077,129.2899932861328,126.4154,-3.1,,,,,,,,2CXO J003741.2-334232,1.88028228557e-15,26.914271791936724,9.42176898470223,-33.7089867144068,,,
ESO350-040,9.4201395,-33.716339,0.636751540508328,0.47094479826142077,129.2899932861328,126.4154,-3.1,,,,,,,,2CXO J003741.7-334235,7.15062323408e-16,25.854789754328436,9.42382595776706,-33.7098446880522,,,
ESO350-040,9.4201395,-33.716339,0.636751540508328,0.47094479826142077,129.2899932861328,126.4154,-3.1,,,,,,,,2CXO J003741.7-334243,1.02139048969e-15,19.711907680985245,9.42416119107475,-33.7120042190537,,,
ESO350-040,9.4201395,-33.716339,0.636751540508328,0.47094479826142077,129.2899932861328,126.4154,-3.1,,,,,4XMM J003742.4-334249,2.28065e-15,22.46813347873179,2CXO J003742.4-334249,4.18676521335e-15,21.60362210434829,9.42668668015023,-33.7138184468717,,0.8772227179086556,
ESO350-040,9.4201395,-33.716339,0.636751540508328,0.47094479826142077,129.2899932861328,126.4154,-3.1,,,,,,,,2CXO J003742.4-334304,1.3440031365e-15,21.204753164160728,9.42699527196334,-33.7178139389736,,,
PGC002249,9.4311105,-33.7020623,0.2437642450516932,0.1686436543294344,122.44000244140625,127.64388,2.1,,,,,,,,2CXO J003742.7-334212,2.68704470157e-15,9.975461257348282,9.42825784111909,-33.7034927291028,,,
PGC002249,9.4311105,-33.7020623,0.2437642450516932,0.1686436543294344,122.44000244140625,127.64388,2.1,,,,,,,,2CXO J003742.8-334209,1.99256992926e-15,8.376563679991117,9.42841726812804,-33.7026899085616,,,
ESO350-040,9.4201395,-33.716339,0.636751540508328,0.47094479826142077,129.2899932861328,126.4154,-3.1,,,,,,,,2CXO J003742.8-334314,1.16587408558e-15,29.752662091768073,9.42860197288132,-33.7206700919439,,,
PGC002249,9.4311105,-33.7020623,0.2437642450516932,0.1686436543294344,122.44000244140625,127.64388,2.1,,,,,,,,2CXO J003742.9-334204,2.37591787435e-15,7.31959468038959,9.4289033053181,-33.7011892749898,,,
PGC002249,9.4311105,-33.7020623,0.2437642450516932,0.1686436543294344,122.44000244140625,127.64388,2.1,,,,,,,,2CXO J003743.7-334214,2.36064939147e-15,7.82570575191683,9.4322516607574,-33.7040178443005,,,
NGC0192,9.805866,0.8641204,1.030314956635002,0.40923239406739503,165.30999755859375,59.92389,1.1,,,,,,,,2CXO J003912.0+005153,2.8528215191e-15,21.212592999443327,9.8000376987772,0.864991527166984,,,
NGC0192,9.805866,0.8641204,1.030314956635002,0.40923239406739503,165.30999755859375,59.92389,1.1,,,,,,,,2CXO J003913.2+005142,4.5876491763e-14,9.228507651837251,9.80505201183951,0.861689561815293,,,
NGC0193,9.8273745,3.3313333,1.0374567587274541,0.7227198853729621,55.33000183105469,63.4746,-3.0,,,,,,,,2CXO J003916.9+032024,2.1020334649098e-15,40.49022677026404,9.82043299968427,3.34019220164462,,,
NGC0193,9.8273745,3.3313333,1.0374567587274541,0.7227198853729621,55.33000183105469,63.4746,-3.0,,,,,,,,2CXO J003917.1+031940,3.51755106143e-15,24.801111408142383,9.82139530560841,3.32789369597784,,,
NGC0193,9.8273745,3.3313333,1.0374567587274541,0.7227198853729621,55.33000183105469,63.4746,-3.0,,,,,,,,2CXO J003917.8+031912,2.1106920612e-15,41.602832806597505,9.82439775566212,3.3201655846839,,,
NGC0196,9.824343,0.9127812,0.63528705260427,0.4581102450610002,10.239999771118164,61.12234,-2.0,,,,,,,,2CXO J003918.1+005514,3.7082233765e-15,28.995410059091885,9.82573528875315,0.920714261438369,,,
NGC0193,9.8273745,3.3313333,1.0374567587274541,0.7227198853729621,55.33000183105469,63.4746,-3.0,,,,,,,,2CXO J003918.8+031958,2.08742773124e-15,7.459665449651601,9.82856083157407,3.33303362115432,,,
NGC0193,9.8273745,3.3313333,1.0374567587274541,0.7227198853729621,55.33000183105469,63.4746,-3.0,,,,,,,,2CXO J003919.7+031945,4.61148844734e-15,19.32700368168646,9.83238150450438,3.32937459931691,,,
NGC0201,9.8951715,0.8599237,0.853041194501562,0.659128369278204,146.00999450683594,62.89267,5.0,,,,,,,,2CXO J003933.1+005130,3.08474638336e-15,26.235419400656138,9.88802878376009,0.858473723829429,,,
NGC0201,9.8951715,0.8599237,0.853041194501562,0.659128369278204,146.00999450683594,62.89267,5.0,,,,,,,,2CXO J003934.0+005127,8.6070250369e-15,14.581869664711876,9.89174524050293,0.857762660814046,,,
NGC0214,10.366749,25.4993442,0.939658408401636,0.644124775846566,42.97999954223633,59.42919,5.0,,,,,,,,2CXO J004125.9+252945,1.77081269498e-14,30.5608880146318,10.35809034205,25.4960296751333,,,
PGC093204,10.400862,-9.3251047,0.134576740196346,0.09884848200559321,28.489999771118164,240.43628,-5.0,,,,,,,,2CXO J004136.4-091923,4.91877211939e-15,7.505077727514534,10.4019474320995,-9.32331614707326,,,
PGC002480,10.429146,-9.4394012,0.5597189417335757,0.2971460793077862,135.38999938964844,248.42769,,,,,,,,,2CXO J004142.3-092622,4.80356238229e-15,9.551489047482297,10.4264592541842,-9.43952361702665,,,
PGC093226,10.459044,-9.4298546,0.2618002182928752,0.2055748605522612,131.0500030517578,285.75888,-4.0,,,,,,,,2CXO J004150.7-092543,2.12689142525e-15,9.506558896875898,10.4614378066702,-9.42867271763197,,,
PGC002501,10.4602725,-9.3031528,0.732773920477956,0.469861655282319,148.9499969482422,201.37247,-2.5,,,,,,,,2CXO J004150.7-091824,6.36621575042e-14,13.953313381201138,10.4615277658601,-9.30682543674696,,,
NGC0224,10.6846845,41.2689778,88.91397050194615,34.83132570553845,35.0,0.7656,3.0,2SXPS J004221.4+411600,5.959e-13,1.5278e-11,258.03455065812534,,,,,,,10.58937,41.26675,,,
NGC0224,10.6846845,41.2689778,88.91397050194615,34.83132570553845,35.0,0.7656,3.0,2SXPS J004247.0+411614,0.0,2.0639e-10,31.752085678568246,,,,,,,10.69618,41.27075,,,
NGC0224,10.6846845,41.2689778,88.91397050194615,34.83132570553845,35.0,0.7656,3.0,2SXPS J004252.0+413107,1.681e-11,1.6811e-11,903.2531003984341,,,,,,,10.71669,41.51873,,,
NGC0224,10.6846845,41.2689778,88.91397050194615,34.83132570553845,35.0,0.7656,3.0,,,,,4XMM J004253.1+411423,2.0812e-11,144.25908607627937,,,,10.7213490711122,41.2398919286776,,,
ESO474-016,10.719642,-23.5408493,0.691783189485888,0.30758843635493405,120.38999938964844,95.27962,-2.2,,,,,,,,2CXO J004254.2-233235,7.03938327734e-15,22.2940538000962,10.7259317434821,-23.5431078908341,,,
NGC0224,10.6846845,41.2689778,88.91397050194615,34.83132570553845,35.0,0.7656,3.0,2SXPS J004545.5+413941,6.864e-11,6.8639e-11,2479.397119603814,,,,,,,11.43997,41.66142,,,
NGC0247,11.7857175,-20.7604499,9.839431448534226,2.773128564789554,167.44000244140625,3.5156,6.9,,,,,4XMM J004703.8-204743,7.72812e-13,142.4823062799937,,,,11.7661604923803,-20.7955512941367,,,
NGC0253,11.888,-25.28822222222,13.395841624095159,2.290709433572667,52.47999954223633,3.56451,5.1,,,,,4XMM J004709.1-252123,8.8539e-13,407.68458076520955,,,,11.7880597750671,-25.3565136900711,,,
NGC0253,11.888,-25.28822222222,13.395841624095159,2.290709433572667,52.47999954223633,3.56451,5.1,2SXPS J004717.3-251805,1.277e-13,1.2489e-12,219.10421175298703,4XMM J004717.5-251812,7.77831e-13,218.0319715348715,,,,11.8231770210565,-25.3034941688859,7.792598959137413,,
NGC0253,11.888,-25.28822222222,13.395841624095159,2.290709433572667,52.47999954223633,3.56451,5.1,2SXPS J004722.4-252042,6.495e-13,1.2074e-12,250.9976165306943,4XMM J004722.6-252050,1.25757e-12,256.317474349659,,,,11.8442182007508,-25.3474086881464,8.487825243205705,,
NGC0253,11.888,-25.28822222222,13.395841624095159,2.290709433572667,52.47999954223633,3.56451,5.1,2SXPS J004732.7-251748,0.0,4.2947e-12,31.67746884265002,4XMM J004732.9-251749,2.20567e-12,31.641477482006984,,,,11.8873737156818,-25.2969932624255,2.5285506548174674,,
NGC0253,11.888,-25.28822222222,13.395841624095159,2.290709433572667,52.48,3.56451,5.1,2SXPS J004735.1-251503,5.876e-13,9.5155e-13,136.8223832374417,,,,,,,11.89633,-25.25097,,,
NGC0255,11.9471085,-11.4687138,1.020868972334766,0.926765811707406,,21.84741,4.1,,,,,,,,2CXO J004744.9-112754,2.68709423046e-14,36.86827860461799,11.9373367725016,-11.4650848715625,,,
NGC0266,12.449091,32.2776927,1.4189595142207798,1.370787085963944,,68.83352,1.6,,,,,,,,2CXO J004943.2+321706,2.58552302488e-15,63.76480849807206,12.430037786102,32.2850584744284,,,
NGC0266,12.449091,32.2776927,1.4189595142207798,1.370787085963944,,68.83352,1.6,,,,,,,,2CXO J004943.5+321658,2.21449369763e-15,57.12736074795018,12.4313984917221,32.2829910862179,,,
NGC0266,12.449091,32.2776927,1.4189595142207798,1.370787085963944,,68.83352,1.6,,,,,,,,2CXO J004944.3+321623,2.86677792037e-15,46.3872192210389,12.4347857510115,32.2732492689029,,,
NGC0266,12.449091,32.2776927,1.4189595142207798,1.370787085963944,,68.83352,1.6,,,,,,,,2CXO J004952.2+321714,2.14460177577e-15,66.22878058677466,12.4675329343514,32.2874578396765,,,
NGC0266,12.449091,32.2776927,1.4189595142207798,1.370787085963944,,68.83352,1.6,,,,,,,,2CXO J004953.8+321658,2.85191475684e-15,78.55481761246519,12.4741678848146,32.2828558367534,,,
NGC0278,13.0179165,47.5505278,1.177524641948004,1.150720908704256,,18.62,3.0,,,,,,,,2CXO J005202.7+473307,1.47094488511e-13,16.741184994274356,13.0114803591098,47.5521878479011,,,
NGC0291,13.3746315,-8.7677573,0.49200555288056685,0.26422262588759016,54.86000061035156,81.39543,1.4,2SXPS J005328.5-084605,5.193e-14,2.1944e-13,20.596342277321043,4XMM J005328.6-084607,2.54779e-14,19.4507186113258,,,,13.369255963484,-8.7687407881009,2.4031054208883567,,
PGC003183,13.516416,73.0847778,0.49200555288056697,0.28311964451912636,134.0,42.07264,1.0,,,,,,,,2CXO J005401.7+730509,1.00929224849e-14,10.658874843664234,13.5071678040454,73.086013243329,,,
ESO351-021,13.7495835,-35.3213889,0.5320715091121578,0.5046264430383419,,250.3802,-3.0,,,,,,,,2CXO J005501.4-351909,4.26382679213e-14,20.001652167262247,13.7559504699094,-35.3194188396733,,,
NGC0300,13.7230245,-37.6844766,9.704429387963888,6.530854440659206,113.2300033569336,1.98609,6.9,2SXPS J005504.5-374143,2.085e-12,7.6981e-12,136.7623067592197,4XMM J005504.8-374143,5.89559e-12,140.38126879989377,,,,13.7702792374504,-37.69553442397,3.732891272095452,,
NGC0315,14.453676,30.3523544,1.4320889849532898,1.07144530056003,44.959999084472656,73.62071,-4.1,,,,,,,,2CXO J005745.0+302014,3.76028616509e-15,73.18901891448348,14.4377493592503,30.3373742871109,,,
ESO411-034,14.4455145,-27.5016522,0.8550076575451441,0.6667607160816622,85.8499984741211,78.41515,5.1,,,,,4XMM J005746.2-272952,2.22206e-14,16.74299547047172,,,,14.442509085525,-27.497841225192,,,
NGC0315,14.453676,30.3523544,1.4320889849532898,1.07144530056003,44.959999084472656,73.62071,-4.1,,,,,,,,2CXO J005746.5+302129,9.30213427502e-15,36.56696482380062,14.4439554815773,30.358083044939,,,
NGC0337,14.9585115,-7.5780176,1.458713507000586,0.9439956745481459,,19.23092,6.7,2SXPS J005947.4-073415,5.138e-14,1.3608e-13,46.50918268094111,,,,2CXO J005947.4-073416,2.99082872132e-14,44.98816799437564,14.947895815345,-7.57127718275216,,,1.521680762434755
NGC0337,14.9585115,-7.5780176,1.458713507000586,0.9439956745481459,,19.23092,6.7,,,,,,,,2CXO J005948.5-073456,4.69927379599e-14,27.795349930750834,14.9521148955023,-7.58242307643907,,,
NGC0337,14.9585115,-7.5780176,1.458713507000586,0.9439956745481459,,19.23092,6.7,,,,,,,,2CXO J005949.4-073435,7.49854985785e-14,9.926734032360152,14.9561361066396,-7.57658267246536,,,
NGC0337,14.9585115,-7.5780176,1.458713507000586,0.9439956745481459,,19.23092,6.7,2SXPS J005950.5-073455,3.369e-13,2.5154e-12,16.065299022398786,,,,2CXO J005950.4-073454,3.07255342779e-14,14.304962117939251,14.9600008595577,-7.58170676056333,,,1.9956486491867407
NGC0337,14.9585115,-7.5780176,1.458713507000586,0.9439956745481459,,19.23092,6.7,2SXPS J005950.5-073455,3.369e-13,2.5154e-12,16.065299022398786,,,,2CXO J005950.5-073458,2.20371114996e-13,18.857860072381104,14.9606717204549,-7.58279822598578,,,2.8176793175902186
NGC0337,14.9585115,-7.5780176,1.458713507000586,0.9439956745481459,,19.23092,6.7,2SXPS J005952.4-073448,1.968e-13,3.5679e-13,36.59023200440486,,,,2CXO J005952.2-073447,3.13727328246e-14,34.14539113695574,14.9679004718082,-7.57984590101806,,,2.4550923265315254
PGC003853,16.2703125,-6.212375,2.118214830247704,1.56664286215779,56.68000030517578,11.64126,7.0,,,,,,,,2CXO J010511.2-061207,1.36021064072e-13,102.69543283570421,16.2970255907134,-6.20195795187296,,,
NGC0375,16.7745645,32.3481075,0.239315046161319,0.1900946981602806,99.5,89.12509,-5.0,,,,,,,,2CXO J010706.5+322047,7.17103325519e-15,10.223702090971095,16.7773864996689,32.346564359353,,,
NGC0385,16.8632295,32.3198244,0.6025179701859,0.4549566363161256,160.0,64.2688,-3.7,,,,,,,,2CXO J010725.0+321917,3.21529743174e-15,27.66370383309862,16.8543972280348,32.3216519699674,,,
NGC0384,16.854102,32.2924746,0.5495029197162604,0.3899150552616293,135.0,85.90128,-4.2,,,,,4XMM J010725.1+321759,2.73984e-14,27.144773093562133,,,,16.8548513618,32.299988161123,,,
NGC0383,16.853778,32.4126615,1.1939056414565878,0.9976311574844401,7.639999866485596,63.38692,-2.9,,,,,,,,2CXO J010726.8+322524,2.70824580615e-15,46.712306997921324,16.8620597644725,32.4235927161523,,,
NGC0383,16.853778,32.4126615,1.1939056414565885,0.9976311574844396,7.64,63.38692,-2.9,2SXPS J010726.9+322458,3.794e-14,2.5456e-13,28.462872003654155,,,,,,,16.8622,32.41612,,,
IC1622,16.9028025,-17.5386725,0.3499209980011368,0.2792350973684154,160.11000061035156,90.44821,2.0,,,,,,,,2CXO J010736.5-173210,1.7537957786e-15,8.853288741836087,16.9022951945248,-17.5362612960756,,,
IC1622,16.9028025,-17.5386725,0.3499209980011368,0.2792350973684154,160.11000061035156,90.44821,2.0,,,,,,,,2CXO J010736.9-173236,1.24419048875e-15,17.651357228554254,16.9038250646157,-17.5434777335681,,,
IC1622,16.9028025,-17.5386725,0.3499209980011368,0.2792350973684154,160.11000061035156,90.44821,2.0,,,,,,,,2CXO J010737.1-173222,2.53912461709e-15,7.573594053111239,16.9047265007926,-17.5397021980811,,,
IC1622,16.9028025,-17.5386725,0.3499209980011368,0.2792350973684154,160.11000061035156,90.44821,2.0,,,,,,,,2CXO J010737.2-173210,4.95536522149e-15,11.683131583128386,16.9052200724358,-17.536388183113,,,
IC1625,16.927416,-46.9075556,0.8994354575643938,0.7030237620649569,9.26,94.6673,-3.1,2SXPS J010742.0-465505,7.098e-14,2.241e-13,38.269222160952665,,,,,,,16.92533,-46.91809,,,
IC1625,16.927416,-46.9075556,0.8994354575643938,0.7030237620649569,9.26,94.6673,-3.1,2SXPS J010744.9-465506,7.156e-14,1.5049e-13,46.083904491764876,,,,,,,16.93735,-46.91841,,,
IC1633,17.4815685,-45.9312151,1.4587135070005839,1.0838520524098476,94.56,92.89665,-3.9,2SXPS J010948.1-455543,4.123e-14,2.038e-13,78.33959693689758,,,,,,,17.45048,-45.92877,,,
IC1633,17.4815685,-45.9312151,1.458713507000586,1.08385205240985,94.55999755859375,92.89665,-3.9,2SXPS J010952.1-455524,1.702e-13,3.0227e-12,45.142798580489696,4XMM J010952.3-455526,4.23903e-14,42.86405737851818,2CXO J010952.2-455526,1.55071184647e-14,43.461734331223425,17.4676658983254,-45.9239875380879,2.4953308974670625,0.6882948650664719,
IC1633,17.4815685,-45.9312151,1.458713507000586,1.08385205240985,94.55999755859375,92.89665,-3.9,,,,,,,,2CXO J010953.8-455627,4.67769502626e-15,39.67124080018651,17.4742734374605,-45.9409975389015,,,
IC1633,17.4815685,-45.9312151,1.4587135070005839,1.0838520524098476,94.56,92.89665,-3.9,2SXPS J010957.0-455500,9.233e-14,4.1408e-13,54.006179127633864,,,,,,,17.48759,-45.91681,,,
PGC073710,17.527584,-45.9317778,0.22959900641843461,0.1686436543294344,6.0,109.64786,-2.5,,,,,,,,2CXO J011007.5-455553,1.88437308652e-14,9.399099625711425,17.531334447966,-45.9316666308515,,,
PGC073717,17.583042,-45.8551111,0.4216673788821378,0.180289321510821,105.80000305175781,99.54062,-2.3,,,,,,,,2CXO J011020.8-455118,9.50073374553e-15,9.314624668215934,17.5867563023177,-45.855061517636,,,
PGC073717,17.583042,-45.8551111,0.42166737888213773,0.18028932151082122,105.80000305175781,99.54062,-2.3,2SXPS J011022.2-455117,6.219e-14,4.1864e-13,24.66901939594766,4XMM J011021.9-455117,3.96597e-14,21.103320376155335,,,,17.591447486307,-45.8548087059669,3.5673395214095462,,
PGC073734,17.696958,-45.7565556,0.2930690822570144,0.2157595384138826,145.9600067138672,149.27937,-2.5,,,,,4XMM J011046.1-454529,3.78143e-14,13.656788216641301,,,,17.692135790693,-45.758308186183,,,
NGC0410,17.7456135,33.1522335,1.18295984874288,0.801622695345024,33.790000915527344,65.46367,-4.3,,,,,4XMM J011102.9+330940,3.56655e-14,59.97098644666846,2CXO J011102.9+330940,2.89772666156e-14,60.006381961385124,17.7623327600596,33.1612845373069,,0.16469900393974024,
ESO243-051,17.830311,-45.9321527,0.5211587146966521,0.29646266228999996,50.41,91.62205,1.1,2SXPS J011119.8-455618,4.06e-14,4.9253e-13,23.91778194337175,,,,,,,17.83273,-45.93858,,,
NGC0430,18.249729,-0.2524405,0.5888029867604037,0.4064152580820496,162.5399932861328,73.79043,-4.8,,,,,4XMM J011259.2-001437,2.93316e-14,32.747871213799804,,,,18.246855072803,-0.2438097763352,,,
PGC2832008,18.2618745,15.5273332,0.3672569340785574,0.304067500639359,,201.46518,-5.0,,,,,,,,2CXO J011302.1+153123,2.78139732232e-15,17.971519087015633,18.2590760666046,15.5231319174735,,,
PGC004461,18.5917395,-55.4001338,0.8221858616074681,0.8221858616074681,,48.70797,-1.0,,,,,,,,2CXO J011423.8-552332,8.63787726281e-15,31.58283164020727,18.5992930032635,-55.3924810274914,,,
PGC004461,18.5917395,-55.4001338,0.8221858616074658,0.8221858616074658,,48.70797,-1.0,2SXPS J011424.8-552445,1.921e-14,2.0242e-14,50.99590262770917,,,,,,,18.60349,-55.41263,,,
PGC004461,18.5917395,-55.4001338,0.8221858616074681,0.8221858616074681,,48.70797,-1.0,,,,,,,,2CXO J011426.1-552353,2.02482806479e-14,35.65097620982511,18.6087986420935,-55.3980772070675,,,
PGC073855,18.7851075,0.3036317,0.1729696889130612,0.1364488891404018,133.02000427246094,203.98582,-2.5,,,,,,,,2CXO J011507.9+001817,3.10715294681e-15,8.099800852439635,18.7832528756656,0.304905558959292,,,
PGC1162545,18.818055,0.3094985,0.1425509133751956,0.08452204658216339,103.5999984741211,189.84537,-5.0,,,,,,,,2CXO J011515.8+001837,4.80237983836e-15,7.366279439358692,18.8162003121024,0.310362862068814,,,
PGC073879,18.876837,0.2227993,0.28771996866857846,0.19905358527674863,56.61000061035156,197.60594,-4.1,,,,,4XMM J011531.1+001335,4.48812e-15,17.099114788447967,,,,18.879787095509,0.22652183064235,,,
NGC0447,18.906666,33.0676389,1.1065473548028188,1.0763908673621865,,82.60379,0.2,2SXPS J011534.5+330446,3.94e-14,2.188e-13,57.482458665908545,,,,,,,18.89407,33.07962,,,
NGC0444,18.9567255,31.0801809,0.7833755350540748,0.17217496538166926,159.85,47.86304,6.4,2SXPS J011549.8+310418,7.713e-14,1.708e-13,30.294247354478657,,,,,,,18.95761,31.0718,,,
UGC00833,19.5369165,11.38175,0.7210576757624345,0.49200555288056697,43.7599983215332,70.14552,5.8,,,,,4XMM J011810.3+112302,7.82753e-15,22.852839933604688,,,,19.542924103041,11.384118927559,,,
PGC663162,19.7797095,-34.3781475,0.21825791612008302,0.06901921323014426,138.5,355.14032,,,,,,4XMM J011906.5-342230,3.23197e-14,12.2825734242391,,,,19.7774813126107,-34.3752737280332,,,
ESO352-041,19.782699,-34.1033028,0.9682109819733035,0.5034658344259021,16.219999313354492,78.41515,-1.7,,,,,4XMM J011907.1-340705,1.41609e-15,53.902287318390634,,,,19.779949198653,-34.118101551313,,,
NGC0467,19.792101,3.3008277,0.8297934537187803,0.7429678211435035,124.5,80.20473,-2.0,,,,,4XMM J011909.5+031746,7.51279e-15,18.64268921037453,,,,19.789888098781,3.2961440690593,,,
NGC0470,19.936854,3.4099601,1.4320889849532898,0.810905048679468,155.5,39.99444,3.1,2SXPS J011942.7+032423,7.248e-13,1.3815e-12,33.701711350657654,4XMM J011942.7+032422,1.12855e-12,33.968002734749064,2CXO J011942.7+032422,1.43252639783e-13,34.025652149926664,19.9281717819884,3.40618946885455,0.7190154713565611,0.2212540363592783,
PGC094335,19.987695,-41.2417397,0.4304968760923002,0.1321204378660974,19.0,77.80366,6.2,,,,,,,,2CXO J011957.1-411413,3.53662001766e-15,17.011028068517493,19.98805673638,-41.2370222501351,,,
NGC0474,20.0277855,3.4153385,1.3273027809877695,1.2217152763469858,,29.51207,-2.0,2SXPS J012002.4+032456,2.256e-14,3.7491e-14,63.93473063083506,4XMM J012002.6+032501,1.66917e-14,60.6243107264393,,,,20.011006084759,3.4170819051452,5.890848429801406,,
NGC0474,20.0277855,3.4153385,1.3273027809877695,1.2217152763469858,,29.51207,-2.0,,,,,4XMM J012007.0+032533,3.17932e-14,39.245663865937715,,,,20.029558154319,3.4260955062841,,,
NGC0499,20.79798,33.4603155,0.841337030535234,0.5259809369116116,77.26000213623047,54.45027,-2.9,,,,,,,,2CXO J012314.3+332733,2.96464010996e-14,35.44484870187754,20.8097328685793,33.4594211933884,,,
IC1687,20.82945,33.2776067,0.3380414876959908,0.239315046161319,0.5,74.19933,-1.0,,,,,,,,2CXO J012319.5+331644,4.47166015993e-15,7.896608119255208,20.8315163334821,33.2789584552016,,,
NGC0508,20.9195265,33.2808629,0.5382326068149175,0.4819145118119856,25.0,82.41388,-4.9,,,,,,,,2CXO J012342.2+331706,3.84400694517e-15,24.67824453524945,20.9259057321902,33.2851701842534,,,
NGC0527,20.9921775,-35.1151325,0.8953029270176469,0.21378144307579303,15.020000457763672,80.79789,0.1,,,,,4XMM J012358.3-350635,2.7434e-15,19.192865672745246,,,,20.992919014642,-35.109835767623,,,
NGC0527B,20.9972715,-35.1273611,0.4354817949780402,0.134886971622246,28.969999313354492,82.60379,3.9,,,,,,,,2CXO J012358.6-350745,9.29810510281e-15,10.896992336707036,20.9943679090139,-35.1292380537689,,,
NGC0520,21.146187,3.7923901,2.046303298650054,0.803470626506436,130.0,30.56328,1.3,,,,,4XMM J012433.4+034747,1.97081e-14,28.26604635700238,2CXO J012433.4+034748,5.55013119564e-14,28.65258891539023,21.1395551028949,3.79681243973513,,0.8389805586855732,
NGC0524,21.19875,9.5387778,1.6825578468774536,1.674827195789138,,23.98832,-1.2,,,,,4XMM J012441.1+093230,1.58149e-14,97.8882329323659,,,,21.171350107949,9.5418157746413,,,
NGC0524,21.19875,9.5387778,1.6825578468774536,1.674827195789138,,23.98832,-1.2,,,,,4XMM J012446.8+093039,1.45256e-14,101.0189437247412,,,,21.195207651856,9.5109352990843,,,
NGC0524,21.19875,9.5387778,1.6825578468774536,1.674827195789138,,23.98832,-1.2,,,,,4XMM J012450.7+093116,1.57154e-14,77.55619578760214,,,,21.21144263216,9.521244097676,,,
PGC094305,21.2338845,8.6672881,0.2233417960754814,0.1945225724971404,66.98999786376953,202.67493,,,,,,,,,2CXO J012456.3+083953,5.83227402157e-15,9.479217255928203,21.2347695817242,8.66480461162343,,,
NGC0533,21.380787,1.7591167,1.721749653816692,1.2049527143432972,50.34000015258789,52.723,-4.9,,,,,4XMM J012525.4+014457,9.86681e-15,96.15230086584916,,,,21.355882155674,1.7494368643971,,,
NGC0533,21.380787,1.7591167,1.72174965381669,1.2049527143432999,50.34000015258789,52.723,-4.9,,,,,,,,2CXO J012532.2+014614,3.24807817477e-15,43.6528943415585,21.3842176770416,1.77074755300696,,,
NGC0541,21.4346475,-1.379486,1.081359261863508,0.7481178280472159,69.0,66.37433,-3.6,,,,,4XMM J012540.8-012311,1.79629e-14,58.46026221408108,2CXO J012540.7-012311,1.06386236047e-14,59.22355149408865,21.4198226354957,-1.38662647521031,,0.7649327458614242,
NGC0541,21.4346475,-1.379486,1.081359261863508,0.7481178280472159,69.0,66.37433,-3.6,,,,,,,,2CXO J012545.0-012302,3.6790606374947e-15,19.64548065068697,21.4378407976768,-1.38391188733773,,,
NGC0541,21.4346475,-1.379486,1.081359261863508,0.7481178280472159,69.0,66.37433,-3.6,,,,,,,,2CXO J012546.5-012205,2.9647156695053e-15,52.01771437207679,21.443764035548,-1.36827347531433,,,
NGC0541,21.4346475,-1.379486,1.081359261863508,0.7481178280472159,69.0,66.37433,-3.6,,,,,,,,2CXO J012547.0-012302,5.70654569458e-15,43.732601583740596,21.4458862210045,-1.3841052169453,,,
NGC0543,21.458208,-1.2928056,0.4054805289269202,0.18662507889785998,90.25,99.54062,-2.8,,,,,,,,2CXO J012550.5-011731,4.7395821058798e-15,8.672799941092041,21.4604709136887,-1.29197756443926,,,
NGC0545,21.49644,-1.3401635,1.5065030120930638,0.9749222998790219,55.0,66.98849,-2.8,,,,,,,,2CXO J012556.7-012023,3.2832980479e-15,36.62577922943561,21.4862661765039,-1.33992540052689,,,
NGC0545,21.49644,-1.3401635,1.5065030120930638,0.9749222998790219,55.0,66.98849,-2.8,,,,,,,,2CXO J012600.5-012015,2.13143427987e-15,22.60155936266584,21.5021391288319,-1.33752653300869,,,
NGC0545,21.49644,-1.3401635,1.5065030120930638,0.9749222998790219,55.0,66.98849,-2.8,,,,,,,,2CXO J012601.8-012030,2.7444590208465e-15,40.87805878334377,21.5076844841913,-1.3417657534827,,,
NGC0545,21.49644,-1.3401635,1.5065030120930638,0.9749222998790219,55.0,66.98849,-2.8,,,,,,,,2CXO J012602.0-012021,5.7329952457939e-15,44.09230213589591,21.5086613981054,-1.33930957103413,,,
NGC0547,21.50268,-1.3451745,1.53451099419558,0.9637624565954699,102.5,72.44357,-4.8,,,,,,,,2CXO J012602.6-012100,1.73920204915e-15,35.538469998274714,21.5111437685175,-1.35025944156133,,,
NGC0547,21.50268,-1.3451745,1.53451099419558,0.9637624565954699,102.5,72.44357,-4.8,,,,,4XMM J012605.9-012113,1.02239e-14,85.25050827441513,2CXO J012605.9-012114,8.71057556597e-15,85.78531915728165,21.5248479971543,-1.353931548625,,0.9348213887833065,
NGC0536,21.590709,34.7029722,1.4620761889216678,0.7463972047894982,66.5,64.5654,3.1,,,,,4XMM J012617.5+344130,1.31754e-14,65.60800497955518,,,,21.573105233543,34.691897247027,,,
NGC0536,21.590709,34.7029722,1.4620761889216678,0.7463972047894982,66.5,64.5654,3.1,,,,,4XMM J012624.6+344220,1.70078e-14,37.09671736559845,,,,21.602752169475,34.705829113044,,,
NGC0550,21.6771225,2.0223285,0.9077578313865676,0.344326148172138,120.0,84.41119,1.2,,,,,4XMM J012640.1+020143,2.70378e-15,41.799743095730555,,,,21.667453849332,2.0287666848619,,,
PGC005379,21.6812295,-1.3062222,0.34195582364071464,0.18791870214422207,138.5,71.81249,2.0,,,,,4XMM J012644.0-011832,7.35277e-15,13.265748190272044,,,,21.683717215215,-1.3089412449046,,,
NGC0584,22.836393,-6.868085,1.8922129235854679,1.253054626516056,97.44000244140625,20.04472,-4.7,,,,,,,,2CXO J013119.9-065207,2.11248005137e-14,11.180929589905611,22.8333152489259,-6.8686408765213,,,
NGC0582,22.99191,33.4765292,1.0326900779052661,0.24432617967141662,58.290000915527344,62.51726,3.1,2SXPS J013156.8+332817,1.044e-13,2.388e-13,23.73304112438706,,,,2CXO J013156.8+332817,7.38158293147e-14,22.765500756148036,22.9870735713304,33.4716594199198,,,1.00213887255614
NGC0596,23.216271,-7.0315417,1.0689810447511163,0.792446596230557,37.11000061035156,21.67704,-4.3,,,,,4XMM J013250.9-070248,2.35562e-14,56.70790683908025,,,,23.212258721414,-7.0467822733124,,,
NGC0613,23.575806,-29.4184424,2.6913489125814425,2.2129418618131336,122.16000366210938,26.42409,4.0,,,,,4XMM J013411.8-292404,2.83694e-14,102.7767294571619,,,,23.549563450488,-29.4013414804213,,,
NGC0613,23.575806,-29.4184424,2.6913489125814425,2.2129418618131336,122.16,26.42409,4.0,2SXPS J013412.5-292435,4.583e-14,3.1368e-13,79.71772282660234,,,,,,,23.55231,-29.40999,,,
NGC0613,23.575806,-29.4184424,2.6913489125814425,2.2129418618131336,122.16000366210938,26.42409,4.0,,,,,4XMM J013413.8-292413,2.3929e-14,77.14069619985331,,,,23.55779959888,-29.40384388702,,,
PGC005858,23.604963,-15.8190795,0.48974499270434935,0.4139710818561672,40.0,84.41119,5.0,,,,,,,,2CXO J013424.4-154910,4.06488086303e-15,10.304320417528835,23.6020427166134,-15.8196258708539,,,
PGC005858,23.604963,-15.8190795,0.48974499270434935,0.4139710818561672,40.0,84.41119,5.0,,,,,,,,2CXO J013425.7-154902,3.82875723082e-15,10.021806495974545,23.6072091450956,-15.8173246661616,,,
NGC0628,24.17395833333,15.78366666667,4.9427654732846955,4.666271503984957,,10.19,5.2,,,,,4XMM J013636.4+155036,2.41183e-13,228.17387475666362,,,,24.152064605891,15.843445356126,,,
NGC0628,24.17395833333,15.78366666667,4.9427654732846955,4.666271503984957,,10.19,5.2,2SXPS J013644.0+154818,5.341e-14,2.0762e-13,83.8059495086931,,,,,,,24.18357,15.80503,,,
NGC0628,24.17395833333,15.78366666667,4.9427654732846955,4.666271503984957,,10.19,5.2,2SXPS J013651.0+154546,3.463e-13,8.722e-13,153.70319330998694,4XMM J013651.1+154546,1.79945e-13,154.74642247602534,,,,24.2130159965354,15.7628114136231,1.0471939739256986,,
PGC006186,25.1052105,-7.9023885,0.739554194084106,0.1640476465565592,64.20999908447266,78.99507,,,,,,,,,2CXO J014024.4-075419,8.15398408631e-15,15.719172723200897,25.1020146987453,-7.90539611546522,,,
PGC006186,25.1052105,-7.9023885,0.739554194084106,0.1640476465565592,64.20999908447266,78.99507,,,,,,,,,2CXO J014026.6-075355,3.02797886383e-14,24.737716759577264,25.1111033205315,-7.89876227895987,,,
UGC01214,25.9906665,2.3498889,0.5247712143261613,0.4797003157579661,,73.62071,-1.2,,,,,,,,2CXO J014358.1+022036,4.09614965934e-15,23.51061863148984,25.9921909404592,2.34353827972035,,,
IC0170,27.9897285,-8.5176682,0.38812355831434586,0.3019743146881899,92.37999725341797,73.62071,-5.0,,,,,4XMM J015156.4-083053,1.5443e-14,18.613768333436685,,,,27.985403552092,-8.5147632012596,,,
NGC0704,28.157067,36.1267371,0.5482390980715925,0.3459154854594684,139.0,58.88432,-3.5,,,,,4XMM J015239.5+360726,7.88374e-14,24.421551280397004,2CXO J015239.5+360726,4.31799456248e-14,25.191233400615214,28.1649944626534,36.123914977583,,0.7702436024475222,
NGC0703,28.165281,36.171172,0.495415972446384,0.345119901920121,47.75,72.77803,-3.1,,,,,,,,2CXO J015239.6+361024,2.24348539898e-15,8.594655496634777,28.1650934225887,36.1735545975344,,,
NGC0708,28.193919,36.1519464,1.2822420182588579,0.613719615579204,38.25,71.1213,-4.9,,,,,,,,2CXO J015246.5+360936,7.24496394185e-15,29.784263888642496,28.1940094397356,36.1602194843776,,,
NGC0708,28.193919,36.1519464,1.2822420182588579,0.613719615579204,38.25,71.1213,-4.9,,,,,,,,2CXO J015247.1+360944,5.98174059053e-15,37.84073715058156,28.1962597143204,36.1622864216646,,,
NGC0708,28.193919,36.1519464,1.2822420182588579,0.613719615579204,38.25,71.1213,-4.9,,,,,,,,2CXO J015248.5+360917,1.92496776759e-15,26.286063791261398,28.2022753798578,36.1547372345963,,,
NGC0708,28.193919,36.1519464,1.2822420182588579,0.613719615579204,38.25,71.1213,-4.9,,,,,,,,2CXO J015250.1+361005,5.88044281727e-15,72.92145277183037,28.208950597696,36.1681642674249,,,
NGC0708,28.193919,36.1519464,1.2822420182588579,0.613719615579204,38.25,71.1213,-4.9,,,,,,,,2CXO J015250.5+360918,2.08275447826e-15,49.80951737601201,28.2105995903251,36.1551137567341,,,
PGC006966,28.2041115,-3.4469242,1.6068302693201586,0.21084825171429114,162.60000610351562,70.79458,5.0,,,,,4XMM J015250.7-032756,6.55718e-15,72.76785217183772,,,,28.211513323527,-3.4657388039844,,,
NGC0710,28.2249225,36.0528481,0.5211587146966523,0.3364883281421586,28.5,35.64511,5.9,,,,,,,,2CXO J015253.3+360320,1.00457550321e-14,12.427017011851067,28.2222960768643,36.0555697351581,,,
NGC0720,28.2521685,-13.7385851,2.243726949665658,1.188420143312436,143.1699981689453,26.06156,-4.9,,,,,,,,2CXO J015255.8-134350,1.32933679918e-14,74.05507737171705,28.2325563679375,-13.7308257962656,,,
NGC0720,28.2521685,-13.7385851,2.2437269496656604,1.188420143312438,143.1699981689453,26.06156,-4.9,,,,,4XMM J015256.1-134347,5.4405e-14,70.2826298677604,,,,28.2341503506838,-13.7299368633114,,,
NGC0720,28.2521685,-13.7385851,2.243726949665658,1.188420143312436,143.1699981689453,26.06156,-4.9,,,,,,,,2CXO J015259.3-134357,1.38345820762e-14,27.062708358156183,28.2474850307199,-13.7326006735144,,,
NGC0720,28.2521685,-13.7385851,2.243726949665658,1.188420143312436,143.1699981689453,26.06156,-4.9,,,,,,,,2CXO J015300.0-134411,1.3410304457612e-14,9.691084480384307,28.2503738233819,-13.7365338892193,,,
NGC0720,28.2521685,-13.7385851,2.243726949665658,1.188420143312436,143.1699981689453,26.06156,-4.9,,,,,,,,2CXO J015300.8-134449,1.68565658517e-14,30.99999064795024,28.2535233335163,-13.7470950477122,,,
NGC0720,28.2521685,-13.7385851,2.243726949665658,1.188420143312436,143.1699981689453,26.06156,-4.9,,,,,,,,2CXO J015301.1-134419,1.88463846204e-14,8.756047588290537,28.2546618866596,-13.7388074771606,,,
NGC0720,28.2521685,-13.7385851,2.243726949665658,1.188420143312436,143.1699981689453,26.06156,-4.9,,,,,,,,2CXO J015301.2-134447,1.68565658517e-14,30.36878298822477,28.2550896915297,-13.7465293107191,,,
NGC0720,28.2521685,-13.7385851,2.2437269496656604,1.188420143312438,143.1699981689453,26.06156,-4.9,,,,,4XMM J015306.5-134538,2.65095e-14,118.45371005083855,,,,28.2772357541185,-13.7607163213851,,,
NGC0731,28.734333,-9.0108717,0.8491218262308723,0.7498424177511869,155.5,54.60092,-4.0,,,,,4XMM J015456.4-090124,3.71368e-14,45.45100464151995,,,,28.73523789361,-9.0234653076335,,,
NGC0741,29.0875215,5.6287675,1.4156959978996921,1.134932425941912,92.69999694824219,80.20473,-4.8,,,,,,,,2CXO J015618.2+053835,2.04688872665e-15,65.62722807919126,29.0761596283937,5.64306708021552,,,
NGC0741,29.0875215,5.6287675,1.4156959978996921,1.134932425941912,92.69999694824219,80.20473,-4.8,,,,,,,,2CXO J015619.9+053644,1.98491759834e-15,60.72847034278282,29.0831568313106,5.6124673089943,,,
NGC0741,29.0875215,5.6287675,1.4156959978996921,1.134932425941912,92.69999694824219,80.20473,-4.8,,,,,,,,2CXO J015624.9+053751,1.81166201691e-15,59.6440125133314,29.1040112156682,5.63104731194831,,,
NGC0766,29.674959,8.3467222,0.903587063005464,0.5571472667958648,27.0,117.21954,-4.9,,,,,,,,2CXO J015841.1+082053,1.5414920534e-14,13.517025656371437,29.6714410835911,8.34813042076881,,,
NGC0765,29.699916,24.8925278,1.31210927169222,1.31210927169222,,74.81695,3.9,,,,,,,,2CXO J015844.7+245346,1.08188655334e-14,45.96353000615262,29.6864145520143,24.896136753522,,,
NGC0765,29.699916,24.8925278,1.31210927169222,1.31210927169222,,74.81695,3.9,,,,,4XMM J015844.8+245344,1.97142e-14,43.470599286633494,2CXO J015844.9+245344,3.03100413389e-14,42.82034695262642,29.6872971982096,24.8957621683785,,0.8624321798067628,
NGC0765,29.699916,24.8925278,1.31210927169222,1.31210927169222,,74.81695,3.9,,,,,4XMM J015852.2+245249,3.18939e-14,72.72887620195766,2CXO J015852.2+245248,1.30664537869e-14,73.78596625159713,29.7179146034147,24.8801379494615,,1.1168408463603292,
ESO477-020,30.150636,-25.0514607,0.6165524166144545,0.18279739580656243,71.86000061035156,55.18233,-2.0,,,,,4XMM J020035.1-250311,1.09851e-14,15.175251268631852,,,,30.146358846087,-25.053120621411,,,
ESO477-021,30.2079255,-25.0267392,0.7243859267723809,0.5997496515746895,47.29999923706055,71.44965,-2.1,,,,,4XMM J020047.8-250135,7.26545e-14,27.624214808268146,,,,30.199458348166,-25.0266027149243,,,
PGC007900,31.131066,-6.1989563,1.5558581685530093,0.6280149818474376,91.5,18.53532,9.0,,,,,4XMM J020434.3-061209,5.59782e-14,45.21988376722294,,,,31.14314896499,-6.20262862798598,,,
PGC007942,31.271667,-6.5074722,0.5793886780775631,0.5235642740254499,,74.81695,6.0,,,,,4XMM J020505.6-063001,4.99043e-14,25.93141020675065,,,,31.273435106605,-6.5004865317477,,,
UGC01651,32.410965,35.7971069,0.5740768107484416,0.4644831933899682,94.0,169.51183,-4.9,,,,,4XMM J020937.6+354727,8.51887e-14,24.85551813667434,2CXO J020937.6+354727,4.29563060242e-14,25.666629988741388,32.4066814945764,35.7908811784557,,0.820776471980208,
NGC0838,32.410569,-10.1463508,0.668297758273224,0.4830254394949068,77.20999908447266,54.00078,-1.1,,,,,,,,2CXO J020937.9-100848,6.04955693268e-15,8.40019435888609,32.4082394907957,-10.1467826527838,,,
UGC01651,32.410965,35.7971069,0.5740768107484416,0.4644831933899682,94.0,169.51183,-4.9,,,,,,,,2CXO J020938.0+354729,1.05527556088e-14,20.953683518387844,32.4084835322824,35.7916455269214,,,
NGC0838,32.410569,-10.1463508,0.668297758273224,0.4830254394949068,77.20999908447266,54.00078,-1.1,,,,,,,,2CXO J020938.3-100834,4.2755174128415e-15,12.669544422569759,32.4097219499796,-10.1429316826307,,,
NGC0838,32.410569,-10.1463508,0.668297758273224,0.4830254394949068,77.20999908447266,54.00078,-1.1,,,,,,,,2CXO J020940.6-100826,3.23702484495e-15,36.79792023790395,32.4191951204298,-10.1406604592009,,,
UGC01697,33.0850755,-2.1415432,0.5860976827740653,0.23332969015714433,135.0,162.9297,3.0,2SXPS J021218.5-020805,3.24e-14,1.8535e-13,37.333617412551774,,,,,,,33.07709,-2.13492,,,
PGC008726,34.3307055,-5.4806651,0.7395541940841036,0.39625066524023583,140.0,75.40497,9.0,,,,,4XMM J021718.0-052828,3.83266e-15,29.48125688466478,,,,34.325294388528,-5.4744966083216,,,
NGC0895,35.401959,-5.5213909,1.6671320638161746,1.116786111415266,105.47000122070312,29.3765,6.0,,,,,4XMM J022134.2-053104,4.27165e-14,35.78680585243941,,,,35.3925517697522,-5.51805295196889,,,
NGC0895,35.401959,-5.5213909,1.6671320638161746,1.116786111415266,105.47000122070312,29.3765,6.0,,,,,4XMM J022138.8-053134,1.10365e-14,39.426432088010124,,,,35.411818786421,-5.5262516645931,,,
NGC0891,35.639511,42.3476344,6.515833892261501,1.5134567140506536,22.0,9.12011,3.1,2SXPS J022231.1+422025,2.65e-13,8.0955e-13,36.390655930364005,4XMM J022231.4+422024,1.05789e-13,35.73122466373439,,,,35.630895003344,42.3400213761257,3.0875206198637377,,
NGC0891,35.639511,42.3476344,6.515833892261501,1.5134567140506536,22.0,9.12011,3.1,2SXPS J022231.1+422025,2.65e-13,8.0955e-13,36.390655930364005,4XMM J022231.5+422023,5.51871e-13,35.41104387199288,,,,35.6312768355133,42.3399068335412,4.1763773836153355,,
NGC0891,35.639511,42.3476344,6.515833892261501,1.5134567140506536,22.0,9.12011,3.1,2SXPS J022232.4+422027,1.025e-12,5.7738e-12,26.682629458507574,,,,,,,35.63504,42.341,,,
NGC0891,35.639511,42.3476344,6.51583389226152,1.5134567140506539,22.0,9.12011,3.1,,,,,4XMM J022233.4+422027,2.41165e-12,24.248081488987978,2CXO J022233.4+422026,5.67018112037e-13,24.654330892000882,35.639408824037,42.3407863911515,,0.40675994941016635,
NGC0891,35.639511,42.3476344,6.515833892261501,1.5134567140506536,22.0,9.12011,3.1,2SXPS J022234.4+422024,5.357e-13,7.5122e-12,29.022846756342737,,,,,,,35.64373,42.3402,,,
NGC0891,35.639511,42.3476344,6.515833892261501,1.5134567140506536,22.0,9.12011,3.1,2SXPS J022236.2+422237,1.333e-13,2.8937e-13,110.27706783946502,,,,,,,35.65108,42.37705,,,
NGC0891,35.639511,42.3476344,6.515833892261501,1.5134567140506536,22.0,9.12011,3.1,2SXPS J022241.9+422403,1.113e-13,3.2433e-13,213.68161114195644,,,,,,,35.67463,42.40102,,,
UGC01841,35.7991335,42.991546,1.093880811974778,0.77440830945624,144.0,73.79043,-4.9,,,,,,,,2CXO J022310.4+425956,1.56840424564e-15,30.932384541724353,35.7936921977793,42.999161062144,,,
UGC01841,35.7991335,42.991546,1.093880811974778,0.77440830945624,144.0,73.79043,-4.9,,,,,,,,2CXO J022310.6+425906,2.4877638082e-15,26.161793902985437,35.794276009218,42.9852067300231,,,
UGC01841,35.7991335,42.991546,1.093880811974778,0.77440830945624,144.0,73.79043,-4.9,,,,,,,,2CXO J022311.8+430009,3.83125998164e-15,40.03862656981951,35.79948627673,43.0026648474329,,,
UGC01841,35.7991335,42.991546,1.093880811974778,0.77440830945624,144.0,73.79043,-4.9,,,,,,,,2CXO J022315.2+425902,1.8071017748e-15,46.716194412466464,35.8135360968952,42.9839698064545,,,
PGC3080366,36.017334,-4.8033333,0.2930690822570144,0.2930690822570144,,191.16132,4.8,,,,,4XMM J022404.6-044830,8.17486e-15,19.392868215616012,,,,36.019228741773,-4.8083784886321,,,
NGC0922,36.2680485,-24.7883352,1.047056227925448,0.870903436695804,26.809999465942383,41.64856,6.0,,,,,,,,2CXO J022503.7-244757,2.42705146863e-14,40.303598034481006,36.2656555497197,-24.7993178569237,,,
NGC0922,36.2680485,-24.7883352,1.047056227925448,0.870903436695804,26.809999465942383,41.64856,6.0,,,,,,,,2CXO J022504.0-244702,9.22804193826e-15,15.802003529360425,36.2667750962526,-24.7841007373549,,,
NGC0922,36.2680485,-24.7883352,1.047056227925448,0.870903436695804,26.809999465942383,41.64856,6.0,,,,,,,,2CXO J022504.9-244759,8.57250894754e-15,42.153305336186484,36.2704764644078,-24.7998351245341,,,
NGC0922,36.2680485,-24.7883352,1.047056227925448,0.870903436695804,26.809999465942383,41.64856,6.0,,,,,,,,2CXO J022505.2-244705,5.85139995763e-15,17.172498873173666,36.2716899042387,-24.7848964541421,,,
NGC0922,36.2680485,-24.7883352,1.047056227925448,0.870903436695804,26.809999465942383,41.64856,6.0,,,,,,,,2CXO J022505.6-244752,6.81807682439e-14,38.79826331458984,36.2734751552278,-24.7979206058248,,,
NGC0922,36.2680485,-24.7883352,1.047056227925448,0.870903436695804,26.809999465942383,41.64856,6.0,,,,,,,,2CXO J022505.7-244701,1.35198058398e-14,25.286243787297636,36.2739857272381,-24.7838317808121,,,
NGC0922,36.2680485,-24.7883352,1.047056227925448,0.870903436695804,26.809999465942383,41.64856,6.0,,,,,,,,2CXO J022506.8-244650,5.2557686247e-15,44.17929674143928,36.2785485163038,-24.7806068753674,,,
NGC0918,36.46185,18.4962296,1.5451477162567953,0.866901998877069,157.01,16.14359,5.2,2SXPS J022552.1+182913,4.489e-14,1.5829e-12,37.40892734645556,,,,,,,36.46716,18.48714,,,
NGC0924,36.6951255,20.4974167,1.016178505468111,0.5888029867604038,52.0,70.46936,-1.9,,,,,4XMM J022643.7+202944,1.58719e-14,44.13886604280763,,,,36.682187231741,20.495558673238,,,
NGC0924,36.6951255,20.4974167,1.016178505468111,0.5888029867604038,52.0,70.46936,-1.9,,,,,4XMM J022646.2+203013,8.16852e-14,24.115579032726686,,,,36.6926866935333,20.5037139433309,,,
PGC009313,36.7348755,20.5329444,0.4549566363161257,0.35972448900184967,55.0,34.6737,5.6,,,,,4XMM J022655.9+203213,2.68686e-14,15.985178911859455,,,,36.733217372218,20.537104378724,,,
PGC009313,36.7348755,20.5329444,0.4549566363161257,0.35972448900184967,55.0,34.6737,5.6,,,,,4XMM J022657.9+203151,2.17043e-14,23.549199837875065,,,,36.741574284624,20.531090542538,,,
NGC0925,36.82033333333,33.57916666667,5.35759652618803,2.8771996866857834,107.24,8.66962,7.0,2SXPS J022720.0+333413,2.107e-13,9.7254e-13,50.1213220641089,,,,,,,36.83344,33.57053,,,
NGC0925,36.82033333333,33.57916666667,5.357596526188032,2.877199686685782,107.23999786376953,8.66962,7.0,2SXPS J022721.4+333501,5.976e-13,8.6702e-13,60.11698698424137,4XMM J022721.5+333501,3.7233e-13,60.18073234116028,2CXO J022721.5+333500,2.74672885843e-13,59.942393806511106,36.8396264182579,33.5835141043582,0.5950168010787168,0.696473646641585,
NGC0925,36.82033333333,33.57916666667,5.357596526188032,2.877199686685782,107.23999786376953,8.66962,7.0,2SXPS J022727.5+333443,3.37e-12,5.0206e-12,133.01114263034074,4XMM J022727.5+333443,2.42168e-12,133.24402092835467,2CXO J022727.5+333442,1.33512261499e-12,133.05031968302038,36.8646891383033,33.5785909555206,0.5334441263200977,0.5259726289864648,
UGC01934,36.9643185,0.5014981,0.709528760844546,0.14486717938506613,111.44999694824219,179.4734,4.0,,,,,4XMM J022748.9+003023,2.21884e-14,41.995859026963196,,,,36.953756426987,0.50645143397812,,,
UGC01934,36.9643185,0.5014981,0.709528760844546,0.14486717938506602,111.44999694824219,179.4734,4.0,,,,,,,,2CXO J022752.3+002959,9.16700935854e-15,15.408544531057336,36.9682444769633,0.499792938285131,,,
PGC009390,37.046784,-5.8387582,0.8259808991145076,0.17020409485050042,7.619999885559082,86.81605,3.0,,,,,4XMM J022812.0-055003,7.61672e-15,20.261439924288137,,,,37.050154893033,-5.8342381372335,,,
NGC0953,37.790667,29.5886944,0.732773920477956,0.5820630147052458,13.5,69.43845,-4.9,,,,,,,,2CXO J023110.5+293518,1.82783282939e-15,10.965094429049664,37.7941625503162,29.5885008982966,,,
NGC0953,37.790667,29.5886944,0.732773920477956,0.5820630147052458,13.5,69.43845,-4.9,,,,,,,,2CXO J023111.0+293446,6.677020794027e-15,36.95203809955428,37.7959449306944,29.5795133189604,,,
NGC0974,38.607375,32.9544444,1.5994475548456988,1.3000797815826357,15.0,66.46607,3.0,,,,,4XMM J023422.6+325642,1.55001e-14,51.62929059650974,,,,38.594457462243,32.945054079686,,,
NGC0978,38.6957085,32.8461667,0.9161572111856057,0.767308491399647,84.94999694824219,70.01644,-3.0,,,,,4XMM J023444.0+325042,1.15157e-14,37.34007504110003,,,,38.6834167330917,32.8451961660899,,,
NGC0988,38.865498,-9.3559501,2.1625691551750434,0.8550076575451437,119.6,15.13561,5.9,2SXPS J023531.7-092200,5.604e-14,5.6042e-14,71.87318425653235,,,,,,,38.88249,-9.36679,,,
IC0239,39.115959,38.9690278,2.123097819731562,2.004333588136512,,11.28,6.0,,,,,,,,2CXO J023623.7+385908,6.66695439943e-14,76.7294486970425,39.0988044719385,38.9856540049599,,,
NGC1015,39.5482155,-1.3187224,0.9816801384180233,0.8202948865997696,7.6,36.3915,1.0,2SXPS J023812.3-011811,1.243e-14,3.5744e-14,57.232756874920064,,,,,,,39.55156,-1.30318,,,
NGC1003,39.8195985,40.8724963,1.73368425226266,0.4158818855513358,96.0,11.01539,6.0,2SXPS J023909.1+405229,6.134e-14,6.6697e-13,86.18151591627631,,,,2CXO J023909.2+405233,1.06993727003e-13,84.91643407174404,39.7887268530162,40.8758827260243,,,4.1674870417987675
NGC1012,39.812334,30.1516667,1.05188921988324,0.5259809369116116,23.5,15.4953,0.3,,,,,,,,2CXO J023914.3+300854,1.51928444137e-13,13.865752715274315,39.80975484691,30.1485264932777,,,
NGC1042,40.0999125,-8.433591,1.9452257249714042,1.0689810447511139,5.519999980926514,4.20727,6.0,2SXPS J024025.6-082429,1.048e-12,1.4386e-12,94.61120983279383,4XMM J024025.6-082429,1.58181e-12,94.26668364861045,2CXO J024025.6-082430,6.20712296379e-13,93.78909121430921,40.1068395103121,-8.40845577213665,0.3447428322166499,0.4853370777088584,
NGC1055,40.4383785,0.4434215,3.4591548545946837,1.7659158489597842,103.86000061035156,19.40886,3.1,,,,,,,,2CXO J024138.7+002736,3.75463939991e-14,113.81054514394418,40.411578216165,0.460191622176758,,,
NGC1055,40.4383785,0.4434215,3.4591548545946837,1.7659158489597842,103.86000061035156,19.40886,3.1,,,,,,,,2CXO J024141.0+002644,3.18704699781e-14,63.24566267265009,40.4209549780853,0.44567587415612,,,
PGC3112720,40.6198215,-0.0367643,0.2534953541373522,0.15274605566077562,143.63999938964844,691.19403,-5.0,,,,,,,,2CXO J024228.5-000202,1.39938079532e-14,10.716949880972734,40.6187787393646,-0.033975973260251,,,
PGC010253,40.6274235,-21.5847331,0.3475121587943984,0.3147530914285988,,108.64256,7.9,,,,,4XMM J024229.4-213502,6.48576e-15,15.862781255581059,,,,40.622756717798,-21.583968785082,,,
NGC1068,40.6697295,-0.0132779,3.0547101245278605,2.552524999877032,72.65,10.09253,3.0,2SXPS J024237.8-000116,0.0,8.1599e-13,52.60229024176642,,,,,,,40.65753,-0.02132,,,
NGC1056,40.7012505,28.5740972,0.9396584084016344,0.6822915682944625,162.4600067138672,30.61964,1.0,,,,,4XMM J024249.5+283358,2.33629e-14,32.56309833110856,,,,40.706507755506,28.566319023114,,,
NGC1057,40.762041,32.4911944,0.5793886780775631,0.35972448900184983,118.18000030517578,84.9963,-1.9,,,,,4XMM J024303.3+322949,2.52726e-14,21.806060215736355,,,,40.763885484096,32.497048447079,,,
NGC1066,40.9581195,32.4750829,0.9119478511598187,0.6396906520787621,59.5,64.09144,-5.0,,,,,4XMM J024351.4+322907,5.60873e-15,41.09173888074987,,,,40.964203038158,32.485278542966,,,
NGC1084,41.4996555,-7.5785815,1.6981263629520418,1.1271196060762145,39.94,19.23092,4.8,2SXPS J024601.1-073407,1.543e-13,3.9974e-13,40.37502569918964,,,,,,,41.50495,-7.56867,,,
NGC1097,41.5795935,-30.2750483,5.284087546068292,3.2282711451732777,133.88,15.77611,3.3,2SXPS J024607.5-301441,7.616e-14,5.8095e-13,185.2247287911664,,,,,,,41.53129,-30.24494,,,
UGC02238,41.572833,13.0956389,0.617973716722254,0.3273180870336378,159.05999755859375,92.85387,8.5,,,,,,,,2CXO J024618.0+130537,2.95101932447e-15,10.789833990214992,41.5752284486438,13.0937575625174,,,
NGC1097,41.5795935,-30.2750483,5.284087546068294,3.228271145173278,133.8800048828125,15.77611,3.3,2SXPS J024619.7-301603,2.723e-13,4.5007e-13,27.96312628005731,,,,2CXO J024619.8-301602,1.30861405679e-13,28.781275636170946,41.5825278337104,-30.2674657891619,,,1.0212553385112737
NGC1097,41.5795935,-30.2750483,5.284087546068292,3.2282711451732777,133.88,15.77611,3.3,2SXPS J024621.8-301748,3.608e-14,3.6083e-14,85.79647511335418,,,,,,,41.591,-30.29675,,,
NGC1097,41.5795935,-30.2750483,5.284087546068292,3.2282711451732777,133.88,15.77611,3.3,2SXPS J024624.5-301726,8.178e-14,4.1608e-13,90.19867864417253,,,,,,,41.60225,-30.2907,,,
NGC1097,41.5795935,-30.2750483,5.284087546068294,3.228271145173278,133.8800048828125,15.77611,3.3,,,,,,,,2CXO J024625.0-301719,5.36550494853e-14,91.523771385902,41.6044738264873,-30.2886392613183,,,
NGC1097,41.5795935,-30.2750483,5.284087546068292,3.2282711451732777,133.88,15.77611,3.3,2SXPS J024636.5-301939,4.66e-14,4.9837e-14,294.7050959375407,,,,,,,41.65239,-30.3275,,,
NGC1097,41.5795935,-30.2750483,5.284087546068292,3.2282711451732777,133.88,15.77611,3.3,2SXPS J024638.7-301813,4.309e-14,2.1561e-13,274.353406662115,,,,,,,41.66139,-30.30367,,,
IC1860,42.391191,-31.1893845,1.3212043786609742,0.901508870429784,4.28000020980835,92.04494,-4.8,,,,,,,,2CXO J024932.1-311120,1.13882561758e-14,21.715492532364173,42.384159090314,-31.1889379975652,,,
NGC1129,43.614324,41.57901,1.409191465632228,0.5357596526188032,77.43000030517578,77.80366,-4.9,,,,,,,,2CXO J025428.1+413435,1.30803175807e-14,12.247430494278767,43.6174020083779,41.5765055175367,,,
NGC1129,43.614324,41.57901,1.409191465632228,0.5357596526188032,77.43000030517578,77.80366,-4.9,,,,,,,,2CXO J025430.5+413429,1.0853170277108e-14,37.418946714213,43.6271168900349,41.5749534975519,,,
NGC1129,43.614324,41.57901,1.409191465632228,0.5357596526188032,77.43000030517578,77.80366,-4.9,,,,,,,,2CXO J025433.0+413436,4.6263869464508e-15,63.670173900211644,43.6377956714675,41.5768852654771,,,
NGC1140,43.639803,-10.0282842,1.0208689723347648,0.4988500319112768,7.74,17.29817,9.2,2SXPS J025433.8-100121,3.267e-13,3.8808e-13,20.610553699002615,,,,,,,43.64089,-10.02266,,,
PGC010980,43.6859535,41.5283499,0.48861861047790534,0.3792887875145916,62.5,65.85671,-5.0,,,,,,,,2CXO J025445.5+413144,1.9336811518e-14,10.517703849125404,43.6897128621192,41.529134191477,,,
ESO154-023,44.2090665,-54.5706416,4.064152580820496,0.9505391399616498,40.2,6.02559,8.9,2SXPS J025704.3-543244,1.69e-13,2.3124e-13,152.3749918902115,,,,,,,44.26814,-54.54578,,,
PGC011199,44.439873,5.9528438,0.3953393139999126,0.10185210388528619,140.75,102.56519,4.7,,,,,4XMM J025746.3+055700,1.35135e-14,15.082718366759202,2CXO J025746.3+055657,1.06527381894e-14,17.794306317368175,44.4432383722007,5.9492067811964,,3.1650359892289326,
NGC1161,45.308844,44.8970718,1.342672222829256,0.9182691716741761,23.0,29.97782,-2.0,,,,,,,,2CXO J030114.1+445433,1.05864272982e-14,43.752883778133146,45.3089150301944,44.909225274694,,,
NGC1161,45.308844,44.8970718,1.342672222829256,0.9182691716741761,23.0,29.97782,-2.0,,,,,,,,2CXO J030117.5+445304,9.99814566482e-15,58.278591542239354,45.3231979392061,44.8844758920714,,,
IC0278,45.376833,37.7660556,1.08385205240985,1.08385205240985,,72.41024,-5.0,,,,,,,,2CXO J030129.9+374530,4.84399419453e-15,27.465529852412814,45.374941311303,37.7585742939149,,,
NGC1172,45.400125,-14.8366111,1.137548715386034,0.783375535054074,27.579999923706055,21.1836,-3.8,,,,,,,,2CXO J030133.3-145046,2.48055824797e-14,51.328626176335845,45.3891370739317,-14.8461229879779,,,
NGC1167,45.4265265,35.2057302,0.9098504293049917,0.6886047344469732,70.0,73.01297,-2.4,,,,,4XMM J030143.7+351244,8.12233e-15,29.590076901462602,,,,45.432402297855,35.21240189633,,,
NGC1187,45.6566175,-22.8671808,2.0795530524701102,1.5204425128381396,131.32,21.7771,5.0,2SXPS J030229.8-225139,1.642e-14,2.0351e-13,109.64875920133645,,,,,,,45.62423,-22.86109,,,
NGC1187,45.6566175,-22.8671808,2.0795530524701102,1.5204425128381396,131.32,21.7771,5.0,2SXPS J030240.6-225255,1.997e-14,1.9971e-14,68.573532936863,,,,,,,45.66943,-22.88213,,,
NGC1189,45.852207,-15.6234159,0.709528760844546,0.23494705430260768,179.0,34.64176,7.9,,,,,4XMM J030324.5-153748,1.59883e-14,24.0524461323403,,,,45.852350443088,-15.630095706785,,,
NGC1199,45.910458,-15.6138572,1.288160578501288,1.0567445199183236,50.52000045776367,33.88444,-4.8,,,,,4XMM J030336.8-153734,8.21014e-14,50.75635439637929,,,,45.9033801711756,-15.6261989045483,,,
PGC011590,46.235472,-27.5050411,0.41780150911562397,0.2123097819731562,84.4000015258789,90.44821,-2.8,,,,,,,,2CXO J030455.0-273026,1.66781980242e-15,21.32521133859442,46.229332354979,-27.5073724167631,,,
PGC011590,46.235472,-27.5050411,0.41780150911562397,0.2123097819731562,84.4000015258789,90.44821,-2.8,,,,,,,,2CXO J030455.8-273016,2.2708804465e-15,8.861906550494307,46.2327210990651,-27.5047151895896,,,
PGC011590,46.235472,-27.5050411,0.41780150911562397,0.2123097819731562,84.4000015258789,90.44821,-2.8,,,,,,,,2CXO J030457.1-273017,1.46177331256e-15,8.408971751908977,46.2380837659609,-27.5047417299533,,,
NGC1231,46.6220625,-15.5690972,0.48861861047790534,0.42166737888213773,,31.72488,5.0,,,,,4XMM J030628.0-153352,5.08899e-14,23.79999970382722,,,,46.617053991886,-15.564577440468,,,
ESO300-014,47.409333,-41.0320833,2.218043219657163,0.7708502264747797,168.97,9.59401,8.9,2SXPS J030940.3-410134,5.357e-13,7.1652e-12,31.933011661344782,,,,,,,47.41826,-41.02631,,,
NGC1232,47.439399,-20.5790414,3.396018163085922,2.883832316961252,102.01000213623047,15.19148,5.0,,,,,,,,2CXO J030940.6-203457,4.50507149695e-14,69.00353600993586,47.419266944032,-20.5825317690847,,,
NGC1232,47.439399,-20.5790414,3.396018163085922,2.883832316961252,102.01000213623047,15.19148,5.0,,,,,,,,2CXO J030946.3-203513,3.65157993768e-14,30.938282022700587,47.4430015990854,-20.5869459357094,,,
NGC1232,47.439399,-20.5790414,3.396018163085922,2.883832316961252,102.01000213623047,15.19148,5.0,,,,,,,,2CXO J030947.6-203531,6.56032363435e-14,56.5863571213411,47.448601557122,-20.5921887073159,,,
NGC1232,47.439399,-20.5790414,3.396018163085922,2.883832316961252,102.01000213623047,15.19148,5.0,,,,,,,,2CXO J030956.7-203428,5.24176786292e-14,159.31371820048005,47.4864427066645,-20.574720744976,,,
NGC1232A,47.50848,-20.6000395,0.424590237518157,0.394430058809277,,92.85387,9.0,,,,,,,,2CXO J031001.0-203553,3.43048183337e-14,15.720010956546886,47.504211035002,-20.5982789406848,,,
NGC1232A,47.50848,-20.6000395,0.424590237518157,0.394430058809277,,92.85387,9.0,,,,,,,,2CXO J031002.1-203611,9.08985368369e-15,11.327442397019837,47.5089541602088,-20.6031545513006,,,
NGC1232A,47.50848,-20.6000395,0.424590237518157,0.394430058809277,,92.85387,9.0,,,,,,,,2CXO J031002.9-203601,7.13462570243e-15,12.436963437001772,47.5121520522179,-20.6003863654426,,,
PGC011890,47.83125,1.3132778,0.2132897594007966,0.16480485608872858,5.0,139.44405,4.0,,,,,,,,2CXO J031119.1+011853,2.12095594735e-15,7.892794382297689,47.8297747114867,1.3148999819493,,,
IC0302,48.213666,4.7069722,0.9182691716741733,0.6011322173087066,35.90999984741211,84.41119,4.0,,,,,4XMM J031251.8+044242,8.2718e-14,19.805370912561568,,,,48.216100871256,4.7119095858625,,,
UGC02619,49.065834,41.18075,0.5780561210960493,0.4655539377339151,3.5,92.85387,-2.0,,,,,4XMM J031614.9+411106,2.56957e-14,18.392317308945245,,,,49.062107880583,41.185020530539,,,
IC0310,49.1791215,41.3248405,0.7481178280472159,0.7078968899785381,,58.61382,-2.0,,,,,,,,2CXO J031643.1+411849,5.64275336558e-15,39.84311654827024,49.1796594127332,41.3137803435359,,,
NGC1291,49.327476,-41.1079941,5.584316238902806,4.977027086757635,137.60000610351562,9.08,0.1,2SXPS J031713.8-411033,1.303e-13,2.6013e-13,250.7399509279314,4XMM J031713.8-411034,3.2041e-13,251.2611707533328,,,,49.307690052346,-41.176179786266,0.6057406071909733,,
PGC012206,49.306674,41.435541,0.24488940968422324,0.22854409480743781,,73.62071,-5.0,,,,,4XMM J031714.0+412555,4.82958e-14,13.494580824422725,2CXO J031714.0+412555,1.48694446775e-14,12.926229279745243,49.3084114540732,41.4321949920714,,0.5839322456531801,
NGC1291,49.327476,-41.1079941,5.584316238902808,4.977027086757635,137.60000610351562,9.08,0.1,,,,,,,,2CXO J031714.3-410717,2.51761405088e-13,68.02885542147237,49.3098974880705,-41.1214737643405,,,
PGC012243,49.430043,42.3850745,0.5874487774697646,0.2877199686685788,168.63999938964844,71.21968,-2.0,,,,,,,,2CXO J031744.2+422249,2.2207715145713e-15,20.610143233747518,49.4345026669566,42.3803921375414,,,
NGC1313,49.5655215,-66.4978677,5.533118919888333,4.570566207351252,23.3799991607666,4.24619,7.0,,,,,4XMM J031747.4-663009,6.47937e-13,169.8769636723854,,,,49.4477949806808,-66.5026721661653,,,
NGC1265,49.5653235,41.8575695,0.950539139961648,0.816525973947168,165.0,111.07083,-4.1,,,,,,,,2CXO J031813.4+415137,1.18885647193e-15,27.12713206221439,49.555927224422,41.8603633288206,,,
NGC1265,49.5653235,41.8575695,0.950539139961648,0.816525973947168,165.0,111.07083,-4.1,,,,,4XMM J031813.3+415212,2.75619e-14,52.653123707088454,2CXO J031813.5+415212,3.64918508802e-14,51.05332702837132,49.5563845569762,41.870091362681,,2.4277401574946853,
NGC1265,49.5653235,41.8575695,0.950539139961648,0.816525973947168,165.0,111.07083,-4.1,,,,,,,,2CXO J031813.7+415111,9.6913606374e-16,26.55736876747706,49.5573774676064,41.8531657852257,,,
NGC1265,49.5653235,41.8575695,0.950539139961648,0.816525973947168,165.0,111.07083,-4.1,,,,,,,,2CXO J031815.5+415150,9.38132795962e-16,23.054912833585384,49.5646661556062,41.8639549022763,,,
NGC1265,49.5653235,41.8575695,0.950539139961648,0.816525973947168,165.0,111.07083,-4.1,,,,,,,,2CXO J031816.3+415127,1.27246700348e-15,7.979637837869673,49.5682987501986,41.857518740908,,,
NGC1265,49.5653235,41.8575695,0.950539139961648,0.816525973947168,165.0,111.07083,-4.1,,,,,,,,2CXO J031816.8+415128,7.76308270991e-16,12.743727813327732,49.5700610922856,41.8578526883024,,,
NGC1313,49.5655215,-66.4978677,5.533118919888333,4.570566207351252,23.3799991607666,4.24619,7.0,2SXPS J031818.4-663002,2.957e-13,1.1718e-12,18.888969814643417,4XMM J031818.3-663002,4.89662e-13,19.037247375002487,,,,49.5766173515857,-66.5007637891666,0.6629029951678783,,
NGC1313,49.5655215,-66.4978677,5.533118919888333,4.570566207351252,23.3799991607666,4.24619,7.0,2SXPS J031819.8-662909,4.385e-12,1.287e-11,49.22409735355719,4XMM J031819.9-662910,1.22784e-11,48.40238994199387,,,,49.5830052739027,-66.4863726381794,1.1120889839621488,,
NGC1313,49.5655215,-66.4978677,5.533118919888333,4.570566207351252,23.3799991607666,4.24619,7.0,2SXPS J031820.8-663033,5.294e-14,9.4803e-13,51.696482765818466,4XMM J031820.9-663034,6.28904e-13,52.62062015792938,,,,49.5871657179149,-66.5096654560853,0.9703394218680356,,
PGC012378,49.8239055,41.6442723,0.3459154854594684,0.2811706625951748,64.26000213623047,89.94978,-5.0,,,,,,,,2CXO J031918.3+413847,1.3581162382248e-14,10.776755490605117,49.826355129105,41.6466409356506,,,
PGC012425,49.9458525,0.5845571,0.4497487907650176,0.3491162020385857,91.11000061035156,103.75284,0.5,,,,,4XMM J031945.7+003511,2.72312e-14,19.60979678414787,,,,49.940809331476,0.58661640153729,,,
NGC1275,49.9510875,41.5115451,1.078872204576336,0.72605580879387,110.0,62.51726,-2.2,,,,,,,,2CXO J031947.4+413052,9.6500217488307e-14,14.179588913186977,49.9475720425199,41.5144750237687,,,
NGC1302,49.9627635,-26.0605611,2.127992065668714,1.9452257249714042,,21.84741,0.1,,,,,,,,2CXO J031952.1-260459,2.73624254169e-14,82.35234309251359,49.9670871721654,-26.0831046620013,,,
NGC1278,49.975728,41.5631945,0.714446979255552,0.651583389226152,,66.98849,-4.8,,,,,,,,2CXO J031956.0+413315,1.49917360862e-14,38.59085604208306,49.9837291486476,41.5543025587535,,,
NGC1313A,50.023899,-66.7011379,0.6236917571214717,0.1644258154379916,29.600000381469727,76.59493,3.1,,,,,4XMM J032004.9-664213,6.72196e-14,10.642187864140142,,,,50.0206123443106,-66.7037929296161,,,
IC0313,50.241222,41.8938359,0.6280149818474374,0.4374918876137181,42.130001068115234,78.70456,-4.0,,,,,4XMM J032059.3+415410,1.41146e-14,36.99391495480117,,,,50.247454328115,41.90300533303,,,
UGC02688,50.3329425,41.9319302,0.532071509112158,0.3944300588092772,,44.58615,2.8,,,,,4XMM J032120.7+415524,1.90423e-14,31.658410981679285,,,,50.33650702473,41.923545596503,,,
NGC1309,50.5273125,-15.4000556,1.1802391165902886,1.1040023665094498,,31.18891,3.9,2SXPS J032206.2-152338,1.032e-13,3.7515e-12,21.695951362677828,,,,,,,50.52623,-15.39412,,,
NGC1316,50.674956,-37.208308,6.775947061755183,3.88123558314346,50.15999984741211,17.45821,-1.8,,,,,4XMM J032237.7-371323,1.57611e-13,73.68973131231293,,,,50.657205410073,-37.223112408439,,,
NGC1316,50.674956,-37.208308,6.775947061755183,3.88123558314346,50.16,17.45821,-1.8,2SXPS J032240.5-371135,1.558e-13,1.1196e-11,56.71532315174414,,,,,,,50.66906,-37.19327,,,
NGC1316,50.674956,-37.208308,6.775947061755183,3.88123558314346,50.16,17.45821,-1.8,2SXPS J032241.2-371250,0.0,1.277e-12,22.63441729457486,,,,,,,50.67174,-37.21405,,,
NGC1316,50.674956,-37.208308,6.775947061755183,3.88123558314346,50.16,17.45821,-1.8,2SXPS J032243.1-371107,5.25e-14,7.2871e-13,84.07858102299699,,,,,,,50.67992,-37.18529,,,
NGC1316,50.674956,-37.208308,6.77594706175518,3.8812355831434617,50.15999984741211,17.45821,-1.8,2SXPS J032251.1-370948,2.642e-14,1.6159e-13,194.8432314064784,4XMM J032251.2-370948,5.23082e-14,195.18157552616606,2CXO J032251.2-370948,4.75238351948e-14,195.26424557901305,50.7134966484313,-37.1635953695803,0.5953517484111974,0.29974604350889356,
NGC1316,50.674956,-37.208308,6.775947061755183,3.88123558314346,50.15999984741211,17.45821,-1.8,,,,,4XMM J032305.7-371111,3.62053e-14,294.3914508006448,,,,50.773866178381,-37.1864054985313,,,
PGC2171536,51.233301,40.8272352,0.3154786722400967,0.19009469816028063,24.420000076293945,83.79151,-5.0,,,,,4XMM J032455.0+404925,6.5963e-15,16.52547545003972,,,,51.229425722691,40.823703534801,,,
NGC1332,51.57177,-21.3353431,2.66054129633397,1.922958910226766,120.93000030517578,24.5471,-2.9,,,,,4XMM J032614.7-212125,4.68901e-14,85.68794077190609,2CXO J032614.8-212126,6.09896808441e-14,85.4809929407043,51.5620176626163,-21.3572817733654,,1.2436437709472559,
NGC1332,51.57177,-21.3353431,2.66054129633397,1.922958910226766,120.93000030517578,24.5471,-2.9,,,,,,,,2CXO J032620.1-212029,1.6390125015915e-14,46.45198610625847,51.5838746010604,-21.3416180430039,,,
NGC1332,51.57177,-21.3353431,2.660541296333971,1.9229589102267677,120.93000030517578,24.5471,-2.9,,,,,4XMM J032620.7-212151,1.7867e-14,115.2333428751576,,,,51.586337079164,-21.364334791712,,,
NGC1340,52.081809,-31.0681613,2.558409177701538,1.5666428621577961,164.9600067138672,18.62087,-4.0,,,,,4XMM J032820.7-310423,5.89683e-14,22.98646592815305,2CXO J032820.7-310423,4.04206269682e-14,23.649829757156294,52.0865747127338,-31.0733085730902,,0.8129728125006267,
NGC1340,52.081809,-31.0681613,2.5584091777015394,1.5666428621577932,164.9600067138672,18.62087,-4.0,,,,,4XMM J032821.7-310319,2.43634e-14,53.697838850955236,,,,52.090705767242,-31.055339121955,,,
UGC02755,52.349409,39.7922826,0.657612416096118,0.444600558928974,47.0,108.04384,-5.0,,,,,4XMM J032921.1+394719,6.90565e-15,33.94586931475354,2CXO J032921.2+394717,2.68448490253e-15,33.27680312409129,52.3385590363128,39.7882904403131,,1.9978952123809048,
UGC02755,52.349409,39.7922826,0.657612416096118,0.444600558928974,47.0,108.04384,-5.0,,,,,,,,2CXO J032923.3+394718,2.61800491676e-15,14.565990707418859,52.3473052280608,39.7885734406718,,,
ESO418-007,52.48671,-28.774652,0.5046264430383423,0.3483132570553844,140.52999877929688,138.03847,3.2,,,,,4XMM J032954.8-284623,5.75629e-14,26.371428759219402,,,,52.478500185654,-28.773281810523,,,
NGC1365,53.4016665,-36.1405075,6.011322173087066,3.0688100258239723,23.389999389648438,16.98243,3.2,,,,,4XMM J033321.1-360815,4.00777e-14,185.12425192436282,,,,53.3380934416165,-36.1375947723909,,,
NGC1365,53.4016665,-36.1405075,6.011322173087066,3.0688100258239723,23.389999389648438,16.98243,3.2,2SXPS J033323.1-360752,3.505e-14,3.5667e-13,163.7399032413255,4XMM J033323.1-360753,4.66219e-14,164.32705982573967,,,,53.3462589913699,-36.1314967068491,1.0883788591204966,,
NGC1365,53.4016665,-36.1405075,6.011322173087066,3.0688100258239723,23.389999389648438,16.98243,3.2,2SXPS J033326.3-360851,1.048e-14,5.1939e-13,124.20282603691128,4XMM J033326.2-360847,4.534e-14,124.94659447736059,,,,53.3593389843188,-36.1465278594607,3.9240130403469293,,
NGC1365,53.4016665,-36.1405075,6.01132217308704,3.068810025823974,23.389999389648438,16.98243,3.2,2SXPS J033331.6-360808,2.81e-14,1.5398e-12,60.36547609326208,,,,2CXO J033331.5-360808,3.38627016183e-14,60.786369664170564,53.3816064229443,-36.1357481461048,,,0.620945756660832
NGC1365,53.4016665,-36.1405075,6.011322173087066,3.0688100258239723,23.389999389648438,16.98243,3.2,2SXPS J033332.2-360642,7.353e-14,5.1121e-13,114.72692014284796,4XMM J033332.1-360643,5.40622e-14,114.6137338155801,,,,53.3839667084347,-36.1120607944726,1.079480065824872,,
NGC1365,53.4016665,-36.1405075,6.01132217308704,3.068810025823974,23.389999389648438,16.98243,3.2,2SXPS J033334.2-361102,3.695e-14,2.4845e-13,159.1722481438744,4XMM J033334.1-361102,1.12856e-13,158.85828372101366,2CXO J033334.1-361102,5.58092627929e-14,159.04080662941817,53.3922924142355,-36.1840324218084,0.8886384136668046,0.3290431513732914,
NGC1365,53.4016665,-36.1405075,6.011322173087066,3.0688100258239723,23.389999389648438,16.98243,3.2,2SXPS J033334.5-360937,1.09e-13,1.0259e-12,74.81140305777082,4XMM J033334.6-360936,1.96847e-13,73.84551685617937,,,,53.3943283488949,-36.1601456962633,1.0452500176733721,,
NGC1365,53.4016665,-36.1405075,6.011322173087066,3.0688100258239723,23.39,16.98243,3.2,2SXPS J033337.2-361027,1.143e-14,5.2734e-13,122.17191603144781,,,,,,,53.4054,-36.17431,,,
NGC1365,53.4016665,-36.1405075,6.01132217308704,3.068810025823974,23.389999389648438,16.98243,3.2,,,,,4XMM J033337.9-360935,4.87607e-14,71.88756116249694,2CXO J033338.0-360935,5.02019471673e-14,71.94112036912585,53.4084132852617,-36.1597342243317,,0.26250018399902264,
NGC1358,53.415417,-5.0895417,1.0640695229913562,0.5847496955099355,,56.36377,0.0,,,,,4XMM J033338.2-050549,1.92182e-14,35.24043775686621,,,,53.4092755129861,-5.09718396042242,,,
NGC1365,53.4016665,-36.1405075,6.011322173087066,3.0688100258239723,23.39,16.98243,3.2,2SXPS J033339.8-361037,1.694e-14,2.307e-13,138.22635872614367,,,,,,,53.41611,-36.17709,,,
NGC1365,53.4016665,-36.1405075,6.01132217308704,3.068810025823974,23.389999389648438,16.98243,3.2,2SXPS J033340.1-360720,4.476e-14,3.2042e-13,79.69050246418178,,,,2CXO J033340.2-360726,3.31729514414e-14,75.53411927684489,53.4178201108519,-36.1240752673205,,,6.990886810161316
NGC1365,53.4016665,-36.1405075,6.011322173087066,3.0688100258239723,23.389999389648438,16.98243,3.2,2SXPS J033340.6-360511,2.975e-14,1.0605e-13,201.48406328632586,4XMM J033340.6-360511,3.91393e-14,201.0502664209851,,,,53.4192661906348,-36.0865003609306,0.4900668329990978,,
NGC1365,53.4016665,-36.1405075,6.01132217308704,3.068810025823974,23.389999389648438,16.98243,3.2,,,,,,,,2CXO J033341.8-360731,2.36592013686e-13,85.40501948922021,53.4243027547488,-36.12538892084,,,
NGC1365,53.4016665,-36.1405075,6.011322173087066,3.0688100258239723,23.389999389648438,16.98243,3.2,2SXPS J033341.8-360731,1.39e-13,1.4063e-12,85.34581652692694,4XMM J033341.8-360736,5.69594e-14,82.14163644923823,,,,53.4243788147528,-36.1269377102137,4.998923791573033,,
NGC1365,53.4016665,-36.1405075,6.011322173087066,3.0688100258239723,23.39,16.98243,3.2,2SXPS J033342.0-360814,0.0,7.3217e-13,68.75419404384584,,,,,,,53.425,-36.1374,,,
NGC1365,53.4016665,-36.1405075,6.01132217308704,3.068810025823974,23.389999389648438,16.98243,3.2,,,,,,,,2CXO J033344.2-360717,4.6306799698e-14,117.07123929439777,53.434453800984,-36.1216322264783,,,
NGC1365,53.4016665,-36.1405075,6.011322173087066,3.0688100258239723,23.389999389648438,16.98243,3.2,2SXPS J033345.4-361016,2.552e-14,1.1072e-13,155.44117659937265,4XMM J033345.4-361014,3.13517e-14,154.27446974716062,,,,53.4394151619782,-36.1706322501861,2.0813014195260986,,
NGC1366,53.4735795,-31.1941097,1.023222318362337,0.4677028370737759,3.54,19.23092,-2.2,2SXPS J033352.7-311241,2.128e-14,2.368e-14,64.25825502503139,,,,,,,53.46959,-31.21163,,,
NGC1367,53.755542,-24.9332222,2.443261796714168,1.632939160861679,134.54,29.3765,1.1,2SXPS J033459.7-245527,1.813e-14,1.1704e-13,38.04416961276355,,,,,,,53.74906,-24.92444,,,
NGC1367,53.755542,-24.9332222,2.443261796714168,1.632939160861679,134.54,29.3765,1.1,2SXPS J033500.2-245437,8.601e-15,2.7559e-14,83.85904932936074,,,,,,,53.75097,-24.9103,,,
NGC1367,53.755542,-24.9332222,2.443261796714166,1.6329391608616801,134.5399932861328,29.3765,1.1,2SXPS J033505.9-245711,2.323e-14,1.4422e-13,95.83908378746986,,,,2CXO J033506.0-245712,1.63575675332e-14,97.37595625812496,53.7751642024774,-24.9535959262106,,,1.537063213644978
NGC1374,53.8190985,-35.2263035,1.442015751563303,1.3365032043316556,,20.51162,-4.5,2SXPS J033523.0-351313,2.452e-13,2.4516e-13,82.34823729055154,,,,,,,53.84619,-35.22052,,,
NGC1380,54.114948,-34.9760931,2.2907094335726677,1.1090982099001097,6.039999961853027,18.62087,-2.3,,,,,4XMM J033623.2-345835,3.26284e-14,53.59666679912263,,,,54.096786149605,-34.976527550956,,,
NGC1380,54.114948,-34.9760931,2.2907094335726677,1.1090982099001097,6.039999961853027,18.62087,-2.3,,,,,4XMM J033625.2-345918,1.17829e-13,52.891344839340945,,,,54.105179052622,-34.9884134984132,,,
NGC1380A,54.197838,-34.7395814,1.3802889281101731,0.38812355831434586,175.8800048828125,19.86095,-1.9,,,,,4XMM J033647.9-344450,5.98444e-14,28.640472322510792,,,,54.199818329208,-34.747368888477,,,
PGC074785,54.268914,-35.5906266,0.35397289219206896,0.326565276323736,,381.94427,-4.3,,,,,,,,2CXO J033705.9-353531,5.41381399536e-15,17.7804193697469,54.2747171124989,-35.5920841935447,,,
NGC1389,54.2987985,-35.7460455,1.28816057850129,0.716093949636774,29.3700008392334,19.23092,-2.8,,,,,4XMM J033713.6-354348,2.53216e-14,61.529606560901456,2CXO J033713.6-354349,5.71940732793e-14,61.08564139342948,54.3066872424702,-35.7303318317578,,0.49113614011452333,
NGC1399,54.62112,-35.4506257,4.255690191011882,3.8456522014330483,,22.08004,-4.6,,,,,4XMM J033817.3-352805,1.83367e-14,156.65199090903153,,,,54.5722461509637,-35.4681968669619,,,
NGC1399,54.62112,-35.4506257,4.25569019101188,3.8456522014330496,,22.08004,-4.6,,,,,4XMM J033821.9-352928,2.63083e-14,170.0219724456262,2CXO J033821.9-352928,2.20199871892e-14,170.45976743837412,54.5913289791872,-35.4912873160911,,0.45139743995153614,
NGC1399,54.62112,-35.4506257,4.255690191011882,3.8456522014330483,,22.08004,-4.6,,,,,4XMM J033825.2-352522,2.47491e-14,110.13541246168911,,,,54.6053340507583,-35.4228674800006,,,
NGC1395,54.623766,-23.0274404,2.4097389881256372,2.0182269648380253,116.91999816894531,23.76839,-4.9,,,,,4XMM J033827.2-230240,6.97437e-14,70.7625913234107,,,,54.613412005181,-23.044632828363,,,
NGC1399,54.62112,-35.4506257,4.25569019101188,3.8456522014330496,,22.08004,-4.6,,,,,4XMM J033829.7-352505,3.7064e-14,117.12986461459457,2CXO J033829.6-352504,2.7032217983e-14,117.70690056522483,54.6235491931963,-35.4179893005279,,1.3569907631174036,
NGC1399,54.62112,-35.4506257,4.255690191011882,3.8456522014330483,,22.08004,-4.6,2SXPS J033829.9-352612,3.46e-14,3.9663e-13,51.18418852750032,,,,,,,54.62498,-35.43676,,,
NGC1399,54.62112,-35.4506257,4.255690191011882,3.8456522014330483,,22.08004,-4.6,2SXPS J033830.3-352636,0.0,1.6508e-12,30.366642434938328,,,,,,,54.62638,-35.44336,,,
NGC1399,54.62112,-35.4506257,4.255690191011882,3.8456522014330483,,22.08004,-4.6,,,,,4XMM J033831.2-352412,2.37279e-14,172.25918227083133,,,,54.630175130447,-35.403348255265,,,
NGC1399,54.62112,-35.4506257,4.255690191011882,3.8456522014330483,,22.08004,-4.6,,,,,4XMM J033831.7-353057,4.15136e-14,237.4059867161891,,,,54.6322148986407,-35.5159500337349,,,
NGC1399,54.62112,-35.4506257,4.255690191011882,3.8456522014330483,,22.08004,-4.6,,,,,4XMM J033831.8-352603,6.45479e-14,67.38358046021564,,,,54.6325738883286,-35.4343999564768,,,
NGC1399,54.62112,-35.4506257,4.255690191011882,3.8456522014330483,,22.08004,-4.6,,,,,4XMM J033832.6-352704,1.42066e-13,43.46159393578323,,,,54.6359278662742,-35.451116545335,,,
NGC1399,54.62112,-35.4506257,4.255690191011882,3.8456522014330483,,22.08004,-4.6,,,,,4XMM J033833.4-352302,5.5123e-14,245.55961481452402,,,,54.6391858151997,-35.3840225409132,,,
NGC1395,54.623766,-23.0274404,2.4097389881256372,2.0182269648380253,116.91999816894531,23.76839,-4.9,,,,,4XMM J033834.1-230029,2.93351e-14,92.41521389480641,,,,54.64208873199,-23.008085758359,,,
NGC1399,54.62112,-35.4506257,4.255690191011882,3.8456522014330483,,22.08004,-4.6,,,,,4XMM J033836.7-352747,3.70731e-14,104.33424950827762,,,,54.6532078884838,-35.463147064826,,,
NGC1399,54.62112,-35.4506257,4.25569019101188,3.8456522014330496,,22.08004,-4.6,,,,,4XMM J033838.8-352554,2.26386e-14,137.03628279774028,2CXO J033838.7-352554,2.53279775081e-14,136.49736138909108,54.6615932900346,-35.4319085201092,,0.552852761480775,
NGC1399,54.62112,-35.4506257,4.25569019101188,3.8456522014330496,,22.08004,-4.6,,,,,4XMM J033845.3-352737,2.73225e-14,202.36598617215355,2CXO J033845.3-352737,1.91477347069e-14,202.0693060965978,54.6889868310747,-35.4603475111679,,0.36362537961043484,
NGC1398,54.717063,-26.3377639,3.475121587943982,2.4601976784072543,100.52999877929688,28.57589,2.0,,,,,,,,2CXO J033847.7-261918,1.86534839027e-14,82.27605003990577,54.6988524414161,-26.3217657556129,,,
NGC1398,54.717063,-26.3377639,3.475121587943982,2.4601976784072543,100.52999877929688,28.57589,2.0,,,,,,,,2CXO J033847.7-261907,6.66280151009e-14,89.84636714938492,54.6990772984145,-26.3187109900883,,,
NGC1398,54.717063,-26.3377639,3.475121587943982,2.4601976784072543,100.52999877929688,28.57589,2.0,,,,,,,,2CXO J033849.6-261955,5.24677373284e-14,38.00328444136523,54.7070830346382,-26.3321567408682,,,
NGC1398,54.717063,-26.3377639,3.475121587943982,2.4601976784072543,100.52999877929688,28.57589,2.0,,,,,,,,2CXO J033851.1-262017,1.19331915886e-14,12.943049279847344,54.7130704644935,-26.3381152569206,,,
NGC1398,54.717063,-26.3377639,3.475121587943982,2.4601976784072543,100.52999877929688,28.57589,2.0,,,,,,,,2CXO J033852.1-262109,1.69457659041e-14,53.95834994927504,54.7172018129141,-26.3527518143283,,,
NGC1398,54.717063,-26.3377639,3.475121587943982,2.4601976784072543,100.52999877929688,28.57589,2.0,,,,,,,,2CXO J033853.5-261942,1.88391553418e-14,38.82565992692569,54.7233041849582,-26.3285429165424,,,
NGC1398,54.717063,-26.3377639,3.475121587943982,2.4601976784072543,100.52999877929688,28.57589,2.0,,,,,,,,2CXO J033853.6-262053,1.4632114925e-14,43.13299194635687,54.7234307251694,-26.348299077076,,,
NGC1398,54.717063,-26.3377639,3.475121587943982,2.4601976784072543,100.52999877929688,28.57589,2.0,,,,,,,,2CXO J033854.6-262219,1.05012494973e-14,127.70995256276511,54.7276472080523,-26.3719476161935,,,
NGC1404,54.7163115,-35.5942321,2.505936168136362,2.132897594007966,163.39999389648438,18.79318,-4.8,,,,,,,,2CXO J033854.7-353500,2.57636351606e-14,51.874206672289084,54.7282724624854,-35.583600880609,,,
NGC1398,54.717063,-26.3377639,3.475121587943982,2.4601976784072543,100.52999877929688,28.57589,2.0,,,,,,,,2CXO J033900.3-261928,1.23825945413e-14,120.38977380443448,54.7513027049021,-26.3244733978584,,,
NGC1398,54.717063,-26.3377639,3.475121587943982,2.4601976784072543,100.52999877929688,28.57589,2.0,,,,,,,,2CXO J033903.4-261956,1.13480417658e-14,154.5015220270891,54.7645550807806,-26.3322633734973,,,
PGC132167,54.91248,-35.4208196,0.24432617967141662,0.1836411502490424,129.5,199.52623,5.0,,,,,,,,2CXO J033938.1-352512,4.60848023152e-15,10.57122020279573,54.9090055045999,-35.4200413410527,,,
NGC1407,55.0496505,-18.5804571,2.992057975301598,2.760387196403784,,28.18383,-4.5,,,,,,,,2CXO J034005.8-183432,1.13434101422e-14,87.24783530289275,55.0245610073731,-18.575790998637,,,
NGC1407,55.0496505,-18.5804571,2.992057975301598,2.760387196403784,,28.18383,-4.5,,,,,,,,2CXO J034008.9-183447,1.17886064881e-14,42.69731878232055,55.0371497810352,-18.5799417284755,,,
NGC1407,55.0496505,-18.5804571,2.992057975301598,2.7603871964037863,,28.18383,-4.5,,,,,4XMM J034010.1-183257,1.10961e-14,114.96814192744773,,,,55.042427347626,-18.549264202017,,,
NGC1407,55.0496505,-18.5804571,2.992057975301598,2.7603871964037863,,28.18383,-4.5,,,,,4XMM J034010.2-183225,2.42633e-14,145.92781437635813,,,,55.042850473705,-18.540437458428,,,
NGC1407,55.0496505,-18.5804571,2.992057975301598,2.760387196403784,,28.18383,-4.5,,,,,,,,2CXO J034011.2-183435,2.3185262719104e-14,17.603735190518474,55.046772607699,-18.5763987963389,,,
NGC1427A,55.038822,-35.6245057,1.1323221537965298,0.7095287608445461,84.0999984741211,10.86426,9.9,,,,,4XMM J034012.2-353741,1.77861e-13,38.35971779664674,,,,55.051177002364,-35.628067463639,,,
NGC1407,55.0496505,-18.5804571,2.992057975301598,2.7603871964037863,,28.18383,-4.5,,,,,4XMM J034013.2-183328,1.60437e-14,83.40235846249821,,,,55.055335433092,-18.557925261275,,,
NGC1407,55.0496505,-18.5804571,2.992057975301598,2.760387196403784,,28.18383,-4.5,,,,,4XMM J034014.4-183240,1.85866e-14,134.5117094788776,2CXO J034014.5-183240,1.4554555765e-14,134.17233119211667,55.0604710124996,-18.5446263656293,,1.0197074072130954,
NGC1407,55.0496505,-18.5804571,2.992057975301598,2.760387196403784,,28.18383,-4.5,,,,,4XMM J034014.5-183636,2.06773e-14,113.16127282149438,2CXO J034014.5-183637,1.94938998959e-14,114.38582226479389,55.0605145370355,-18.6105162329218,,1.2332854291463058,
NGC1407,55.0496505,-18.5804571,2.992057975301598,2.7603871964037863,,28.18383,-4.5,,,,,4XMM J034018.2-183602,3.22312e-14,115.05435235089298,,,,55.075842241017,-18.6005848776983,,,
NGC1416,55.2619995,-22.7191667,0.7498424177511867,0.503465834425902,171.81,28.23579,-4.4,2SXPS J034104.4-224334,3.47e-14,3.4696e-14,33.03002147188544,,,,,,,55.2684,-22.72619,,,
NGC1427,55.5808605,-35.3927299,2.1526330524585537,1.4320889849532898,77.83999633789062,19.95262,-4.0,,,,,,,,2CXO J034218.6-352240,2.56872639456e-14,54.48726141206086,55.5778982937399,-35.3777884636772,,,
ESO156-008,55.7523165,-53.6377667,0.41684059230981724,0.3827983034556282,,240.99052,-2.5,,,,,,,,2CXO J034301.3-533807,4.18809468774e-15,10.818782456901964,55.7556051025197,-53.6354798882657,,,
PGC013653,55.752162,-53.6383302,1.061622231000108,0.4507855688029782,95.5,253.62964,-4.2,,,,,,,,2CXO J034305.8-533835,8.32091131408e-15,50.15627716759652,55.7741918047132,-53.6431817869488,,,
NGC1448,56.132688,-44.6445564,3.9807967520865937,0.7567806242181041,41.68,17.21869,6.0,2SXPS J034428.6-443946,2.131e-14,1.3956e-13,74.59864410994876,,,,,,,56.1193,-44.66296,,,
NGC1448,56.132688,-44.6445564,3.9807967520865937,0.7567806242181041,41.68,17.21869,6.0,2SXPS J034429.4-443838,7.202e-14,1.1599e-13,25.377259283520143,,,,,,,56.12281,-44.64401,,,
NGC1439,56.208309,-21.9207205,1.479006233275776,1.412439987457854,,25.70395,-4.8,,,,,,,,2CXO J034445.8-215434,1.65709485845e-14,70.07005948636653,56.1912014381521,-21.9094535425589,,,
PGC394821,56.37918,-57.0243874,0.2409738988125636,0.19587093855389162,70.36000061035156,257.03958,,,,,,,,,2CXO J034532.3-570120,7.07179344658e-15,13.458955346755454,56.3849822865012,-57.0223866218806,,,
PGC128758,56.4450195,-57.0657827,0.3664122665694522,0.2529123310015572,74.0999984741211,257.03958,0.0,,,,,,,,2CXO J034548.2-570353,9.14098835043e-15,12.398596324978548,56.4511751161965,-57.0649695966993,,,
IC0342,56.7021255,68.0960926,9.8848482005593,9.39658408401634,,3.38844,6.0,2SXPS J034555.7+680457,5.616e-12,1.1611e-11,299.32663506794165,,,,,,,56.48228,68.08256,,,
IC0342,56.7021255,68.0960926,9.88484820055932,9.39658408401636,,3.38844,6.0,2SXPS J034615.8+681114,5.702e-12,1.1991e-11,375.75469246379794,4XMM J034615.8+681113,1.24797e-11,374.6925654471923,2CXO J034615.7+681112,1.5174337724e-12,374.62881228892815,56.5656674082348,68.186911317252,1.2618393405869566,0.7649478171117114,
IC0342,56.7021255,68.0960926,9.8848482005593,9.39658408401634,,3.38844,6.0,2SXPS J034657.7+680620,4.381e-13,1.2694e-12,62.24358009494214,,,,,,,56.74045,68.10582,,,
UGC02855,57.086388,70.1328806,1.7699867054171734,0.7344631388219335,110.34,14.38799,5.0,2SXPS J034811.8+700739,4.307e-13,1.1706e-12,48.93860678975999,,,,,,,57.04957,70.12757,,,
UGC02855,57.086388,70.1328806,1.7699867054171734,0.7344631388219335,110.34,14.38799,5.0,2SXPS J034832.1+700722,4.987e-14,1.1625e-13,68.79554783010978,,,,,,,57.13413,70.12279,,,
UGC02866,57.5619585,70.0946944,0.5259809369116114,0.4265500570087947,73.5,21.84741,5.0,2SXPS J035008.9+700528,5.244e-14,1.7766e-13,32.92541354005636,,,,,,,57.53716,70.09118,,,
NGC1511,59.909874,-67.6365789,1.849140898901334,0.7210576757624341,123.05999755859375,15.27566,2.0,,,,,,,,2CXO J035934.7-673756,2.01730262196e-13,25.548632251849636,59.8948740994192,-67.6323613610399,,,
NGC1511,59.909874,-67.6365789,1.8491408989013314,0.7210576757624345,123.05999755859375,15.27566,2.0,,,,,4XMM J035936.9-673736,2.87452e-13,36.309750005113045,,,,59.90383758492,-67.62675795071,,,
NGC1511,59.909874,-67.6365789,1.8491408989013314,0.7210576757624345,123.05999755859375,15.27566,2.0,,,,,4XMM J035941.9-673820,9.90997e-14,21.997777796872526,,,,59.924675286741,-67.638950918574,,,
UGC02916,60.640959,71.7059167,0.66217076759733,0.60390691755339,,68.83352,2.0,,,,,,,,2CXO J040234.7+714234,8.98379212514e-15,13.874444659731573,60.6446373294052,71.7095937304574,,,
UGC02916,60.640959,71.7059167,0.66217076759733,0.60390691755339,,68.83352,2.0,,,,,,,,2CXO J040236.2+714148,5.84019877352e-15,34.68208202408793,60.6511382996704,71.6968283617991,,,
UGC02916,60.640959,71.7059167,0.66217076759733,0.60390691755339,,68.83352,2.0,,,,,4XMM J040238.4+714242,1.69258e-14,30.445133064271594,2CXO J040238.4+714241,1.48648579051e-14,29.95336691856116,60.6604091564962,71.7115704785778,,0.7271104025356405,
NGC1521,62.0788755,-21.0519167,1.636703474394192,1.018521038852862,9.460000038146973,69.5024,-4.2,,,,,,,,2CXO J040815.7-210253,2.74768498411e-15,46.5542055370779,62.0655957582225,-21.0482248761837,,,
NGC1521,62.0788755,-21.0519167,1.636703474394192,1.018521038852862,9.460000038146973,69.5024,-4.2,,,,,,,,2CXO J040816.6-210426,2.08988476222e-15,85.9903277384965,62.0694364581766,-21.0741194727127,,,
NGC1521,62.0788755,-21.0519167,1.636703474394192,1.018521038852862,9.460000038146973,69.5024,-4.2,,,,,,,,2CXO J040817.8-210408,1.79449955091e-15,63.60949269908924,62.0743235566876,-21.06906778738,,,
NGC1532,63.018042,-32.8741944,5.635987280877553,1.5702543469381087,34.22,19.95262,3.2,2SXPS J041215.6-324951,2.812e-14,6.3807e-14,211.5452994295027,,,,,,,63.06539,-32.83094,,,
NGC1549,63.9380925,-55.5923174,2.558409177701538,2.1825791612008323,146.22000122070312,17.37801,-4.3,,,,,,,,2CXO J041546.4-553601,6.06325178813e-14,31.49537059157468,63.9434620048684,-55.6005232291053,,,
NGC1549,63.9380925,-55.5923174,2.5584091777015394,2.18257916120083,146.22000122070312,17.37801,-4.3,,,,,4XMM J041553.8-553721,2.95174e-14,131.75449983015662,,,,63.9744202694716,-55.6226220933532,,,
NGC1553,64.043676,-55.780018,3.1258634638784297,2.147682133824437,150.39999389648438,15.63147,-2.3,,,,,4XMM J041602.6-554656,3.92647e-14,66.23654831539608,,,,64.011225675341,-55.7823660671448,,,
NGC1559,64.399083,-62.7836667,2.0939678255895924,1.1014632315267283,62.869998931884766,12.13389,5.9,2SXPS J041728.0-624817,3.185e-13,6.3864e-13,93.05371125387633,4XMM J041728.1-624817,1.69137e-13,92.73195105623255,,,,64.367092515559,-62.804870723972,0.4699685747723151,,
NGC1559,64.399083,-62.7836667,2.0939678255895924,1.1014632315267283,62.869998931884766,12.13389,5.9,2SXPS J041731.1-624722,3.982e-13,8.1342e-13,38.58886499241514,4XMM J041730.7-624722,3.01583e-13,40.559418767970556,,,,64.378074813542,-62.789551979939,2.563245364189904,,
NGC1559,64.399083,-62.7836667,2.0939678255895924,1.1014632315267283,62.869998931884766,12.13389,5.9,2SXPS J041731.3-624643,1.977e-13,4.4878e-13,35.09579565798471,4XMM J041731.6-624647,8.19863e-14,31.642758649079546,,,,64.381841980803,-62.779784254203,4.121672924350036,,
NGC1559,64.399083,-62.7836667,2.0939678255895924,1.1014632315267283,62.87,12.13389,5.9,2SXPS J041739.2-624627,1.417e-13,3.7252e-13,41.12731737213202,,,,,,,64.41372,-62.77441,,,
NGC1559,64.399083,-62.7836667,2.0939678255895924,1.1014632315267283,62.87,12.13389,5.9,2SXPS J041741.9-624649,3.722e-13,1.4703e-12,43.9755935045125,,,,,,,64.42483,-62.78042,,,
NGC1566,65.001642,-54.9378097,3.6138490180108516,2.4488940968422312,44.19,6.60694,4.0,2SXPS J041955.8-545636,7.065e-14,4.769e-13,43.61928458210521,,,,,,,64.98291,-54.94338,,,
NGC1566,65.001642,-54.9378097,3.6138490180108516,2.4488940968422312,44.19,6.60694,4.0,2SXPS J041956.5-545527,1.238e-13,2.694e-13,59.11153957828564,,,,,,,64.9855,-54.92426,,,
PGC980563,66.506667,-10.2480833,0.3507276492099856,0.20987949199550376,40.09,143.15285,2.0,2SXPS J042602.0-101431,8.938e-14,8.9377e-14,22.894827896841058,,,,,,,66.50868,-10.24204,,,
PGC015260,67.343166,-53.7667778,0.2013585171627294,0.1412439987457854,147.0,174.58221,-4.1,,,,,,,,2CXO J042922.0-534550,8.41988028664e-15,9.883862090965637,67.3420401243326,-53.7641141597158,,,
NGC1587,67.666266,0.6616683,1.042245441548646,0.739554194084106,72.81999969482422,51.0505,-4.8,,,,,,,,2CXO J043039.4+004009,7.21121137549e-15,28.017489554597343,67.6645442690631,0.66925812643826,,,
NGC1587,67.666266,0.6616683,1.042245441548646,0.739554194084106,72.81999969482422,51.0505,-4.8,,,,,,,,2CXO J043040.5+003933,4.88290683457e-15,12.605136634610929,67.6689343962258,0.659401011351338,,,
NGC1589,67.689672,0.8635097,1.5309817168453381,0.48974499270434935,159.57000732421875,52.82019,2.4,,,,,,,,2CXO J043045.0+005203,4.42499914247e-15,15.90003068321461,67.6878348068047,0.867526229728649,,,
NGC1600,67.9160415,-5.0860833,1.66329776647002,1.011509589339138,5.78000020980835,65.85671,-4.6,,,,,,,,2CXO J043137.3-050457,2.2525890536e-15,39.58310471580349,67.9055755902214,-5.08258733380021,,,
NGC1600,67.9160415,-5.0860833,1.66329776647002,1.011509589339138,5.78000020980835,65.85671,-4.6,,,,,,,,2CXO J043138.3-050536,4.72551050931e-15,35.367709352883466,67.9096347414942,-5.09355288066322,,,
NGC1600,67.9160415,-5.0860833,1.66329776647002,1.011509589339138,5.78000020980835,65.85671,-4.6,,,,,,,,2CXO J043139.8-050407,3.01720685927e-15,62.83235140945439,67.915936501627,-5.06863018241273,,,
NGC1600,67.9160415,-5.0860833,1.66329776647002,1.011509589339138,5.78000020980835,65.85671,-4.6,,,,,,,,2CXO J043139.8-050552,5.78782277434e-15,42.464329927143034,67.9160607809212,-5.09787893156801,,,
NGC1600,67.9160415,-5.0860833,1.66329776647002,1.011509589339138,5.78000020980835,65.85671,-4.6,,,,,,,,2CXO J043140.1-050541,2.45883446575e-15,31.412625246139434,67.9172511908573,-5.09472543625507,,,
NGC1600,67.9160415,-5.0860833,1.66329776647002,1.011509589339138,5.78000020980835,65.85671,-4.6,,,,,,,,2CXO J043141.2-050543,3.87530828131e-15,39.03186482838154,67.9217651624754,-5.09530558786706,,,
NGC1600,67.9160415,-5.0860833,1.66329776647002,1.011509589339138,5.78000020980835,65.85671,-4.6,,,,,,,,2CXO J043143.2-050411,3.02233528611e-15,77.68701318621476,67.9303422520594,-5.06987295573299,,,
PGC075215,68.3340975,-13.4394984,0.2443261796714168,0.2046303298650054,150.5,142.56076,2.1,,,,,4XMM J043320.5-132634,2.61665e-14,13.556617675487564,,,,68.3357197685513,-13.4429176315124,,,
PGC015524,68.4075,-13.2616389,0.946171809322488,0.609494799462432,179.75999450683594,150.66066,-4.0,,,,,,,,2CXO J043338.4-131612,4.7926127937e-14,32.18118908103527,68.410081647451,-13.2702176930117,,,
NGC1614,68.500104,-8.5790833,0.6294627058970821,0.4774962930107178,,66.46607,5.0,,,,,,,,2CXO J043400.3-083427,5.86944690195e-15,17.24713128690334,68.5013117978028,-8.57444367688732,,,
NGC1614,68.500104,-8.5790833,0.6294627058970821,0.4774962930107178,,66.46607,5.0,,,,,,,,2CXO J043400.3-083432,4.37978037036e-15,12.866863066972687,68.5014061507148,-8.5757491559535,,,
NGC1637,70.3674585,-2.8579167,1.588437035324886,1.370787085963944,20.610000610351562,17.45821,5.0,,,,,,,,2CXO J044132.9-025126,1.3787712137726e-13,71.53358361426268,70.3873471117468,-2.85740614509337,,,
UGC03134,70.4510835,-1.3018056,0.5807243069201712,0.5023078951391976,71.81999969482422,123.36728,5.0,,,,,,,,2CXO J044147.6-011743,2.28188999322e-15,24.52411481344768,70.4485578674373,-1.29547857362811,,,
NGC1672,71.4271395,-59.2473109,3.0758843635493403,2.716251657462166,154.9,15.4953,3.3,2SXPS J044533.7-591441,4.774e-13,1.1021e-12,67.62569254970956,,,,,,,71.39069,-59.24497,,,
NGC1672,71.4271395,-59.2473109,3.0758843635493403,2.716251657462166,154.89999389648438,15.4953,3.3,2SXPS J044534.3-591254,2.762e-14,1.1013e-13,131.58972788877145,4XMM J044534.2-591256,1.0122e-13,130.44480930324448,,,,71.392888877194,-59.215594284975,1.3495546047161802,,
NGC1672,71.4271395,-59.2473109,3.0758843635493403,2.716251657462166,154.9,15.4953,3.3,2SXPS J044540.8-591743,2.414e-14,5.0559e-14,173.53609560883615,,,,,,,71.42034,-59.29539,,,
NGC1672,71.4271395,-59.2473109,3.0758843635493403,2.716251657462166,154.9,15.4953,3.3,2SXPS J044550.5-591424,8.526e-14,2.7896e-13,66.56446290748204,,,,,,,71.46054,-59.24023,,,
NGC1672,71.4271395,-59.2473109,3.0758843635493403,2.716251657462168,154.89999389648438,15.4953,3.3,2SXPS J044552.8-591455,1.844e-13,3.942e-13,79.27629803678896,4XMM J044552.7-591456,1.08966e-13,79.03633537618546,2CXO J044552.8-591456,2.15136168756e-13,79.31869609142817,71.4701147042098,-59.2489199443562,0.38001550220440256,0.29395768621901336,
NGC1672,71.4271395,-59.2473109,3.0758843635493403,2.716251657462166,154.9,15.4953,3.3,2SXPS J044554.7-591406,6.385e-14,1.2864e-13,103.57104737533228,,,,,,,71.47802,-59.23504,,,
ESO158-003,71.5724415,-57.3434428,0.7673084913996471,0.39807967520865933,177.8,13.3,9.0,2SXPS J044615.0-572026,1.572e-13,2.6215e-13,21.2808927562878,,,,,,,71.56268,-57.34076,,,
NGC1703,73.21725,-59.7421944,1.339584162409518,1.25594321575479,,17.79918,3.2,,,,,,,,2CXO J045249.8-594442,5.01086089328e-14,20.18175526179623,73.2076485951098,-59.7450268553073,,,
NGC1700,74.234736,-4.8658996,1.55585816855301,0.988484820055932,91.98999786376953,41.49541,-4.7,,,,,,,,2CXO J045652.1-045218,9.88115966941e-15,65.76008108747196,74.2173668748277,-4.87174414365471,,,
NGC1709,74.6833335,-0.4782778,0.46341491168967464,0.34353422000711614,45.779998779296875,67.29765,-1.9,,,,,4XMM J045844.7-002821,1.1563e-14,23.21550245196799,,,,74.686265910224,-0.47253428647298,,,
NGC1729,75.0653745,-3.3525,0.9056700463098,0.731088587228358,8.6899995803833,37.6704,5.0,,,,,,,,2CXO J050015.4-032038,7.59035049245e-15,30.527310335586957,75.0645674314886,-3.34405855384014,,,
NGC1729,75.0653745,-3.3525,0.9056700463098,0.731088587228358,8.6899995803833,37.6704,5.0,,,,,,,,2CXO J050017.3-032047,1.23603583957e-14,32.967004840432665,75.0724423044151,-3.34666249151762,,,
NGC1729,75.0653745,-3.3525,0.9056700463098,0.731088587228358,8.6899995803833,37.6704,5.0,,,,,,,,2CXO J050017.3-032111,9.39096050555e-15,25.625079470356198,75.0724785878296,-3.35310957827658,,,
NGC1729,75.0653745,-3.3525,0.9056700463098,0.731088587228358,8.6899995803833,37.6704,5.0,,,,,,,,2CXO J050017.6-032133,4.14259768725e-14,38.37207866202188,75.0736946298148,-3.3591801962118,,,
PGC146838,75.286083,-38.7262222,0.28311964451912663,0.23012828679067798,,226.67311,,,,,,4XMM J050107.9-384321,5.19793e-14,15.537260885856925,,,,75.283083993441,-38.722595525512,,,
NGC1741,75.410067,-4.2582355,0.60390691755339,0.3104345171150322,64.5,55.79561,8.9,,,,,,,,2CXO J050138.5-041516,1.70337213414e-14,13.518648495675913,75.410826858311,-4.25455756936108,,,
NGC1741,75.410067,-4.2582355,0.60390691755339,0.3104345171150322,64.5,55.79561,8.9,,,,,,,,2CXO J050139.7-041511,9.11742568968e-15,27.04462396999097,75.4157167956919,-4.25326642792573,,,
IC0399,75.4337025,-4.2887587,0.2685158981851266,0.2228281241987514,81.1500015258789,55.76992,9.7,,,,,,,,2CXO J050143.6-041728,1.64105929573e-14,10.860718593274072,75.4319844037304,-4.29124187239674,,,
NGC1738,75.444099,-18.1575315,0.672930177027972,0.4054805289269202,35.63999938964844,52.82019,4.0,,,,,,,,2CXO J050144.9-180943,1.9696388693e-14,28.255215551651144,75.4373763659563,-18.162091963865,,,
NGC1738,75.444099,-18.1575315,0.672930177027972,0.4054805289269202,35.63999938964844,52.82019,4.0,,,,,,,,2CXO J050147.0-180905,1.14165777731e-14,22.987520134681777,75.4460855580809,-18.1514314728882,,,
NGC1738,75.444099,-18.1575315,0.672930177027972,0.4054805289269202,35.63999938964844,52.82019,4.0,,,,,,,,2CXO J050147.2-180925,1.47145662946e-14,10.078273957433119,75.446980152151,-18.1569463531125,,,
NGC1738,75.444099,-18.1575315,0.672930177027972,0.4054805289269202,35.63999938964844,52.82019,4.0,,,,,,,,2CXO J050147.6-180902,1.00065385282e-14,28.470614853892194,75.4485093073058,-18.1508246458273,,,
ESO552-052,75.502938,-21.137,0.6965784014726515,0.4942765473284694,67.47,55.71856,-3.2,2SXPS J050159.5-210833,1.046e-13,2.8902e-13,26.129033834734432,,,,,,,75.49808,-21.14267,,,
NGC1779,76.3251045,-9.1472361,1.3334293322607398,0.5942511137185091,111.98999786376953,36.98282,-0.3,,,,,4XMM J050513.7-090827,1.02211e-14,66.85529703487096,,,,76.307347369665,-9.1411102007088,,,
NGC1792,76.310133,-37.9806372,2.7795212863520184,1.3771143516690838,136.1,11.16863,4.0,2SXPS J050515.5-375826,2.57e-13,2.7724e-13,27.157755935829098,,,,,,,76.31482,-37.97406,,,
NGC1792,76.310133,-37.9806372,2.7795212863520184,1.3771143516690838,136.1,11.16863,4.0,2SXPS J050516.7-375918,7.057e-14,2.5762e-13,39.608008041408716,,,,,,,76.31991,-37.98849,,,
ESO422-041,77.6957145,-31.5970943,1.2675643152489535,1.1533735943600343,,10.8,8.5,2SXPS J051045.5-313626,1.882e-13,4.6573e-13,41.045399972188676,,,,,,,77.68977,-31.60731,,,
ESO362-008,77.7879405,-34.3933844,0.6515833892261497,0.30547101245278596,166.3000030517578,64.68447,-1.5,,,,,4XMM J051109.4-342302,1.08646e-14,33.86217357239287,,,,77.789431197574,-34.384059029308,,,
PGC017271,81.410991,-31.5523739,0.4634149116896748,0.3198674177413242,160.0,146.89262,0.0,,,,,,,,2CXO J052538.8-313330,1.05924591713e-14,22.563279863053026,81.4120096914161,-31.5585810732752,,,
ESO306-003,82.280151,-39.4221404,0.612308099632524,0.2951005400859222,20.420000076293945,63.4746,4.2,,,,,4XMM J052907.3-392459,2.94828e-14,19.801669163575074,2CXO J052907.2-392458,2.08369526406e-14,20.84363698020812,82.280054379935,-39.4163509819789,,1.4854075565700937,
NGC1954,83.2014585,-14.0627778,1.8112149920834928,0.9289022275458492,152.11,66.68064,4.4,2SXPS J053246.8-140437,1.128e-13,3.3851e-13,55.58652048933306,,,,,,,83.19514,-14.07695,,,
PGC493675,84.0253755,-47.926,0.2785928744659649,0.20652375099508072,106.4800033569336,153.17928,,,,,,4XMM J053607.1-475529,1.05043e-14,11.465300468229573,,,,84.029825181324,-47.924880919254,,,
UGC03326,84.904614,77.312496,1.674827195789136,0.16480485608872858,66.75,78.34301,5.8,,,,,,,,2CXO J053926.4+771827,7.43458342623e-15,39.084853567444235,84.860413926801,77.3076385087857,,,
UGC03326,84.904614,77.312496,1.674827195789136,0.16480485608872858,66.75,78.34301,5.8,,,,,,,,2CXO J053958.8+771914,1.95194702683e-14,77.45911025508431,84.9950187402603,77.3207998106649,,,
ESO306-017,85.0279695,-40.8362699,1.132322153796528,0.7177447166768279,3.430000066757202,155.02438,-3.9,,,,,,,,2CXO J054006.7-404921,2.39231981877e-14,49.0224140755649,85.0283026782859,-40.8226548965843,,,
ESO306-019,85.096497,-41.4844921,0.4965580242104669,0.31115014258457974,66.12999725341797,174.58214,4.2,,,,,4XMM J054020.5-412911,6.89496e-15,29.822332256371,,,,85.085777686259,-41.486527300312,,,
NGC1961,85.5199785,69.3786639,2.2078522367665627,1.5487096496082902,85.0,59.92389,4.2,,,,,4XMM J054156.0+692134,3.57585e-15,82.31132643203402,,,,85.483673709566,69.359712808098,,,
NGC1961,85.5199785,69.3786639,2.2078522367665627,1.5487096496082902,85.0,59.92389,4.2,,,,,4XMM J054157.5+692158,1.94633e-14,58.9060948250881,,,,85.489952284483,69.366180019171,,,
NGC1961,85.5199785,69.3786639,2.2078522367665623,1.54870964960829,85.0,59.92389,4.2,,,,,,,,2CXO J054158.1+692239,4.77319091766e-15,35.29603233924429,85.4922608991029,69.3777532797016,,,
NGC1961,85.5199785,69.3786639,2.2078522367665623,1.54870964960829,85.0,59.92389,4.2,,,,,4XMM J054200.5+692238,6.33421e-14,22.631322984304834,2CXO J054201.3+692239,2.51578982376e-14,18.754054123934505,85.5055028911983,69.3775934489378,,3.879425800942655,
NGC1961,85.5199785,69.3786639,2.2078522367665627,1.5487096496082902,85.0,59.92389,4.2,,,,,4XMM J054205.2+692353,4.07503e-15,69.85559767323772,,,,85.521949944355,69.398055817793,,,
NGC1961,85.5199785,69.3786639,2.2078522367665623,1.54870964960829,85.0,59.92389,4.2,,,,,,,,2CXO J054209.2+692250,5.33734193164e-15,24.833737112686713,85.5385806223941,69.3808245339077,,,
NGC1961,85.5199785,69.3786639,2.2078522367665623,1.54870964960829,85.0,59.92389,4.2,,,,,,,,2CXO J054210.4+692308,3.89805750525e-15,39.06948253882827,85.5436824016375,69.3855999131118,,,
NGC1961,85.5199785,69.3786639,2.2078522367665623,1.54870964960829,85.0,59.92389,4.2,,,,,,,,2CXO J054212.3+692155,1.25501926645e-14,61.85954772902165,85.551507164926,69.3655533351143,,,
NGC1961,85.5199785,69.3786639,2.2078522367665627,1.5487096496082902,85.0,59.92389,4.2,,,,,4XMM J054213.5+692234,7.72529e-15,47.24507870387184,,,,85.556612722159,69.376267211219,,,
NGC1961,85.5199785,69.3786639,2.2078522367665623,1.54870964960829,85.0,59.92389,4.2,,,,,,,,2CXO J054214.5+692202,6.09523543953e-15,65.84826358287116,85.5605906798863,69.3672675219927,,,
NGC1961,85.5199785,69.3786639,2.2078522367665627,1.5487096496082902,85.0,59.92389,4.2,,,,,4XMM J054226.8+692250,5.42503e-15,116.76668526733495,,,,85.6118784131964,69.3808020307756,,,
ESO424-012,85.8871665,-27.6514722,0.5740768107484416,0.4344802146431508,39.31999969482422,39.31878,-2.0,,,,,,,,2CXO J054331.8-273844,1.03627878569e-14,24.920362373270102,85.8827355081267,-27.645770200998,,,
PGC017719,86.268117,-25.8405965,0.27287893054563545,0.133342933226074,12.25,168.26741,-1.2,,,,,4XMM J054503.8-255039,7.06248e-15,14.672603682808104,,,,86.266208336669,-25.844292540987,,,
ESO554-035,86.9480625,-19.8664306,0.635287052604271,0.3655695417417088,160.58,120.89268,-1.9,2SXPS J054746.6-195132,1.533e-13,3.3734e-13,29.881934950437138,,,,,,,86.94426,-19.85894,,,
PGC393843,87.784479,-57.1134306,0.2773128564789552,0.2157595384138824,104.0,266.9316,,,,,,,,,2CXO J055107.0-570640,2.17313402064e-14,13.091892795153669,87.7793071315434,-57.1111200591144,,,
ESO120-016,87.8968245,-59.0456566,0.4456254690668727,0.14553585590333026,0.57,52.23962,3.3,2SXPS J055135.0-590217,1.707e-13,2.4296e-13,26.95010749997962,,,,,,,87.89609,-59.03818,,,
IC0438,88.250313,-17.8760556,1.3994906598171815,0.9098504293049918,55.74,39.99444,5.0,2SXPS J055303.7-175229,6.291e-14,3.3062e-13,52.54835609567837,,,,,,,88.26561,-17.875,,,
NGC2139,90.2831775,-23.6723296,1.462076188921668,1.0739152370652658,125.1500015258789,36.98282,5.9,,,,,,,,2CXO J060105.0-234006,3.21763505631e-14,42.674728401529215,90.2709068482202,-23.6685587046177,,,
NGC2139,90.2831775,-23.6723296,1.462076188921668,1.0739152370652658,125.1500015258789,36.98282,5.9,,,,,,,,2CXO J060105.1-234102,1.80141289745e-14,56.41678251260784,90.2716232546125,-23.6838890568265,,,
NGC2139,90.2831775,-23.6723296,1.462076188921668,1.0739152370652658,125.1500015258789,36.98282,5.9,,,,,,,,2CXO J060106.3-234044,1.69494793612e-14,33.12232746776434,90.2763973171541,-23.6791188439336,,,
NGC2139,90.2831775,-23.6723296,1.462076188921668,1.0739152370652658,125.1500015258789,36.98282,5.9,,,,,,,,2CXO J060106.5-234017,6.64555587338e-15,19.58683849836152,90.2772992459938,-23.6715431844473,,,
NGC2139,90.2831775,-23.6723296,1.462076188921668,1.0739152370652658,125.1500015258789,36.98282,5.9,,,,,,,,2CXO J060106.6-234008,5.43513726902e-14,22.166759525474518,90.2775295829687,-23.6689894413702,,,
NGC2139,90.2831775,-23.6723296,1.462076188921668,1.0739152370652658,125.1500015258789,36.98282,5.9,,,,,,,,2CXO J060106.8-234054,1.43557068894e-14,36.80251934711328,90.2787283658811,-23.6817053978357,,,
NGC2139,90.2831775,-23.6723296,1.462076188921668,1.0739152370652658,125.1500015258789,36.98282,5.9,,,,,,,,2CXO J060108.7-234017,6.07362182126e-14,11.152612219076605,90.2864357162622,-23.6714973640223,,,
NGC2139,90.2831775,-23.6723296,1.462076188921668,1.0739152370652658,125.1500015258789,36.98282,5.9,,,,,,,,2CXO J060108.8-233945,3.55862420915e-14,36.84524036497999,90.2867829539273,-23.6626421662192,,,
NGC2139,90.2831775,-23.6723296,1.462076188921668,1.0739152370652658,125.1500015258789,36.98282,5.9,,,,,,,,2CXO J060111.1-234040,9.88013304184e-15,47.75178028898853,90.2963013514209,-23.6779403132885,,,
ESO555-027,90.903291,-20.6542083,0.9593343703351446,0.7327739204779556,16.95,25.32795,6.7,2SXPS J060333.6-203923,3.843e-13,6.0181e-13,44.982609222208914,,,,,,,90.89016,-20.65648,,,
ESO364-029,91.4373105,-33.0816082,1.3582196344195412,0.6323681737355756,55.78,9.0365,10.0,2SXPS J060546.8-330410,1.83e-12,1.8303e-12,49.39160773408911,,,,,,,91.44523,-33.0696,,,
NGC2179,92.009208,-21.7466806,0.993047458678686,0.71939928912792,165.39999389648438,36.96579,0.1,,,,,,,,2CXO J060801.9-214459,2.72684448217e-14,12.248603896888664,92.0081781283164,-21.7499457553118,,,
NGC2196,93.040191,-21.8059326,1.3834708227057557,1.078872204576333,45.97,30.56328,1.2,2SXPS J061206.3-214849,5.571e-14,5.6813e-14,54.611886830258875,,,,,,,93.02626,-21.81386,,,
NGC2196,93.040191,-21.8059326,1.3834708227057557,1.078872204576333,45.97,30.56328,1.2,2SXPS J061209.5-214920,4.721e-14,4.8698e-14,58.89360524004533,,,,,,,93.03992,-21.82229,,,
ESO365-001,93.5354985,-33.4988682,0.7924465962305567,0.136448889140402,105.2300033569336,164.43716,4.7,,,,,4XMM J061406.9-332949,6.04611e-15,20.368975903336803,,,,93.529010657586,-33.497212061327,,,
ESO365-001,93.5354985,-33.4988682,0.7924465962305567,0.136448889140402,105.2300033569336,164.43716,4.7,2SXPS J061410.2-332953,1.076e-13,1.424e-13,21.722331471511822,4XMM J061410.3-332954,8.01036e-14,22.934909133029144,,,,93.5431239321976,-33.4984778356386,1.8286962619754512,,
UGC03422,93.783981,71.1367402,0.9035870630054634,0.42263942258014486,43.75,64.56542,3.0,2SXPS J061507.0+710735,6.767e-14,2.0408e-13,37.04998454619292,,,,,,,93.77931,71.12656,,,
UGC03426,93.9017955,71.0375877,0.856978653754212,0.7361562512163601,15.0,61.12234,-2.0,,,,,4XMM J061529.8+710141,5.54806e-14,47.034337224420135,2CXO J061529.8+710141,2.05501552563e-14,46.81519265092066,93.874269094416,71.0281502893823,,0.3225234886876768,
NGC2207,94.091796,-21.3727095,2.40419674224864,1.339584162409518,115.63999938964844,36.3915,4.6,2SXPS J061616.1-212208,1.126e-13,2.3552e-13,82.53173087366018,4XMM J061616.0-212204,9.71381e-15,85.50870962893129,2CXO J061615.8-212203,7.06428243519e-15,87.61117852717614,94.0662383269445,-21.3676301525724,4.455345182789823,2.321267573396939,
NGC2207,94.091796,-21.3727095,2.40419674224864,1.339584162409518,115.63999938964844,36.3915,4.6,,,,,4XMM J061616.0-212232,9.3729e-14,84.53536246393085,2CXO J061615.9-212232,4.94848379726e-14,86.24672485422631,94.0662756843424,-21.3757396376459,,1.7143345610453529,
NGC2207,94.091796,-21.3727095,2.40419674224864,1.339584162409518,115.63999938964844,36.3915,4.6,,,,,,,,2CXO J061616.6-212227,1.48548279712e-14,75.1956667643044,94.0694341638717,-21.3743408137508,,,
NGC2207,94.091796,-21.3727095,2.40419674224864,1.339584162409518,115.63999938964844,36.3915,4.6,,,,,4XMM J061616.9-212108,1.15901e-14,101.70203882534982,2CXO J061616.9-212109,2.65713260049e-14,101.25250271484381,94.0705388011612,-21.3527308575196,,1.1905386009155714,
NGC2207,94.091796,-21.3727095,2.40419674224864,1.339584162409518,115.63999938964844,36.3915,4.6,,,,,,,,2CXO J061616.9-212232,1.01805251288e-14,72.10707752831188,94.0705472678498,-21.3758168967936,,,
NGC2207,94.091796,-21.3727095,2.40419674224864,1.339584162409518,115.63999938964844,36.3915,4.6,2SXPS J061617.2-212252,1.417e-13,5.4523e-13,73.86820533985707,4XMM J061617.3-212249,2.21755e-14,71.6999619040671,2CXO J061617.2-212250,4.11565254538e-14,72.75066027887529,94.071859162746,-21.3806916731781,3.4543262957357177,1.1748578229164481,
NGC2207,94.091796,-21.3727095,2.40419674224864,1.339584162409518,115.63999938964844,36.3915,4.6,,,,,,,,2CXO J061617.2-212135,9.70573115907e-15,80.83836113545999,94.0719762837021,-21.3599207613545,,,
NGC2207,94.091796,-21.3727095,2.40419674224864,1.339584162409518,115.63999938964844,36.3915,4.6,,,,,,,,2CXO J061617.5-212243,6.32448182638e-15,66.42049549565937,94.0730553637737,-21.3786972832354,,,
NGC2207,94.091796,-21.3727095,2.4041967422486423,1.3395841624095157,115.64,36.3915,4.6,2SXPS J061617.5-212222,1.163e-13,7.9229e-13,62.11704043230256,,,,,,,94.07327,-21.37302,,,
NGC2207,94.091796,-21.3727095,2.40419674224864,1.339584162409518,115.63999938964844,36.3915,4.6,,,,,4XMM J061617.9-212204,4.43065e-14,59.02410900293844,2CXO J061618.0-212204,1.78178813031e-14,58.883556280534485,94.0750125111339,-21.3678872522316,,0.3123735942495066,
NGC2207,94.091796,-21.3727095,2.40419674224864,1.339584162409518,115.63999938964844,36.3915,4.6,,,,,,,,2CXO J061618.0-212153,1.02393509341e-14,62.86766633622011,94.075111237948,-21.3647381378971,,,
NGC2207,94.091796,-21.3727095,2.40419674224864,1.339584162409518,115.63999938964844,36.3915,4.6,,,,,,,,2CXO J061618.0-212207,8.91068641641e-15,56.89376341916219,94.0753742128115,-21.3687226029437,,,
NGC2207,94.091796,-21.3727095,2.40419674224864,1.339584162409518,115.63999938964844,36.3915,4.6,,,,,,,,2CXO J061618.1-212214,1.02341304377e-14,55.188085551661864,94.0754647936227,-21.3707807078473,,,
NGC2207,94.091796,-21.3727095,2.40419674224864,1.339584162409518,115.63999938964844,36.3915,4.6,,,,,,,,2CXO J061618.3-212233,2.80021158459e-14,52.18387761841463,94.0766079159845,-21.3758849198342,,,
NGC2207,94.091796,-21.3727095,2.40419674224864,1.339584162409518,115.63999938964844,36.3915,4.6,,,,,4XMM J061618.7-212228,1.12299e-14,45.68668655238091,2CXO J061618.7-212227,1.84951102724e-14,45.6895338226546,94.0782794430769,-21.3743355038512,,0.6137394322966582,
NGC2207,94.091796,-21.3727095,2.40419674224864,1.339584162409518,115.63999938964844,36.3915,4.6,,,,,,,,2CXO J061619.2-212257,1.0009451881503e-14,52.96774764046382,94.0802514372652,-21.3827549885931,,,
NGC2207,94.091796,-21.3727095,2.4041967422486423,1.3395841624095157,115.64,36.3915,4.6,2SXPS J061619.3-212219,1.272e-13,3.4311e-13,37.999536543210695,,,,,,,94.08048,-21.3721,,,
NGC2207,94.091796,-21.3727095,2.40419674224864,1.339584162409518,115.63999938964844,36.3915,4.6,,,,,,,,2CXO J061619.3-212151,8.37743117723e-15,48.46307582595924,94.0806083505739,-21.3641843687862,,,
NGC2207,94.091796,-21.3727095,2.40419674224864,1.339584162409518,115.63999938964844,36.3915,4.6,,,,,,,,2CXO J061620.2-212306,1.09286682472e-14,50.96122569355277,94.084358895038,-21.3850557054162,,,
NGC2207,94.091796,-21.3727095,2.40419674224864,1.339584162409518,115.63999938964844,36.3915,4.6,,,,,,,,2CXO J061620.5-212210,1.49166810856e-14,23.613427819412273,94.0855397202972,-21.3696960508127,,,
NGC2207,94.091796,-21.3727095,2.40419674224864,1.339584162409518,115.63999938964844,36.3915,4.6,,,,,,,,2CXO J061620.8-212250,1.35292292235e-14,33.58005008153001,94.0868562279398,-21.3808241968578,,,
NGC2207,94.091796,-21.3727095,2.40419674224864,1.339584162409518,115.63999938964844,36.3915,4.6,,,,,,,,2CXO J061622.6-212139,1.51225343828e-14,43.51149850508372,94.0943812661007,-21.3608651877004,,,
NGC2207,94.091796,-21.3727095,2.4041967422486423,1.3395841624095157,115.64,36.3915,4.6,2SXPS J061623.5-212201,1.044e-13,2.6014e-13,28.81716553659714,,,,,,,94.09797,-21.36714,,,
NGC2207,94.091796,-21.3727095,2.40419674224864,1.339584162409518,115.63999938964844,36.3915,4.6,,,,,,,,2CXO J061623.5-212218,2.13778469861e-14,20.98097632585727,94.0979911619709,-21.3718829112344,,,
NGC2207,94.091796,-21.3727095,2.40419674224864,1.339584162409518,115.63999938964844,36.3915,4.6,,,,,4XMM J061623.5-212215,1.59409e-14,22.641607282398887,2CXO J061623.5-212215,9.18279456917e-15,22.801897521864074,94.09830956884,-21.3708859066108,,0.25224237925078113,
NGC2207,94.091796,-21.3727095,2.40419674224864,1.339584162409518,115.63999938964844,36.3915,4.6,,,,,,,,2CXO J061624.1-212311,8.75894588766e-15,58.261490932641514,94.1008090483702,-21.3865469223647,,,
NGC2207,94.091796,-21.3727095,2.40419674224864,1.339584162409518,115.63999938964844,36.3915,4.6,,,,,,,,2CXO J061625.1-212229,1.07213276436e-14,44.65229493224322,94.1049115503073,-21.3748717201142,,,
NGC2207,94.091796,-21.3727095,2.40419674224864,1.339584162409518,115.63999938964844,36.3915,4.6,,,,,,,,2CXO J061625.9-212237,8.35583954114e-15,57.66869279575482,94.1083281103054,-21.377137399584,,,
NGC2207,94.091796,-21.3727095,2.40419674224864,1.339584162409518,115.63999938964844,36.3915,4.6,2SXPS J061626.3-212215,8.095e-14,1.6248e-13,60.34055050758004,4XMM J061626.5-212213,4.72966e-14,27.774473658013342,2CXO J061626.5-212212,1.26864705295e-14,63.56697252542446,94.1105565117061,-21.3701465243716,4.154465444017528,1.057925033385416,
NGC2207,94.091796,-21.3727095,2.40419674224864,1.339584162409518,115.63999938964844,36.3915,4.6,,,,,,,,2CXO J061626.8-212211,1.31295295327e-14,67.98778356423024,94.1118392085548,-21.3698321194892,,,
NGC2207,94.091796,-21.3727095,2.40419674224864,1.339584162409518,115.63999938964844,36.3915,4.6,,,,,,,,2CXO J061627.0-212147,8.12872942691e-15,77.93906581938946,94.1126786043568,-21.3631952772006,,,
NGC2207,94.091796,-21.3727095,2.40419674224864,1.339584162409518,115.63999938964844,36.3915,4.6,,,,,,,,2CXO J061629.2-212205,8.21344223788e-15,102.61278645721144,94.1219972996169,-21.3680782068884,,,
NGC2207,94.091796,-21.3727095,2.40419674224864,1.339584162409518,115.63999938964844,36.3915,4.6,,,,,,,,2CXO J061629.9-212243,1.09352826375e-14,112.84421690788821,94.1248312179594,-21.3787262780584,,,
NGC2207,94.091796,-21.3727095,2.40419674224864,1.339584162409518,115.63999938964844,36.3915,4.6,,,,,,,,2CXO J061630.0-212244,1.4774593735e-14,114.19135384449524,94.1251502030522,-21.3791468810916,,,
NGC2146,94.656909,78.3569316,2.6544222211549426,2.1575953841388267,123.0,26.66859,2.3,,,,,4XMM J061805.0+782311,2.32908e-14,145.36209986286246,,,,94.521244482961,78.386641662533,,,
NGC2146,94.656909,78.3569316,2.654422221154944,2.157595384138824,123.0,26.66859,2.3,,,,,,,,2CXO J061813.0+782243,2.06004861427e-14,107.9440850408841,94.5545417911371,78.37868140474,,,
NGC2146,94.656909,78.3569316,2.654422221154944,2.157595384138824,123.0,26.66859,2.3,2SXPS J061817.1+782225,2.451e-14,2.4514e-14,86.87092411914573,4XMM J061817.2+782225,1.90829e-14,86.79240438987915,2CXO J061817.8+782226,1.28044531052e-14,86.0819919615579,94.5745242810608,78.3741284904729,0.1309598774932515,2.2762988814945424,
NGC2146,94.656909,78.3569316,2.654422221154944,2.157595384138824,123.0,26.66859,2.3,,,,,,,,2CXO J061831.8+782141,1.24439313062e-14,24.045593425051823,94.6326305801385,78.3614720130328,,,
NGC2146,94.656909,78.3569316,2.654422221154944,2.157595384138824,123.0,26.66859,2.3,,,,,,,,2CXO J061834.6+782133,2.74043891655e-14,12.560174385489681,94.644442324437,78.3593490293837,,,
NGC2146,94.656909,78.3569316,2.654422221154944,2.157595384138824,123.0,26.66859,2.3,,,,,,,,2CXO J061839.6+782114,6.52973254976e-14,12.04311216866424,94.6652250469094,78.3540378614258,,,
NGC2146,94.656909,78.3569316,2.654422221154944,2.157595384138824,123.0,26.66859,2.3,,,,,,,,2CXO J061840.0+782116,1.8348318265824e-14,11.131812053822738,94.6668915138349,78.3545859564958,,,
NGC2146,94.656909,78.3569316,2.654422221154944,2.157595384138824,123.0,26.66859,2.3,,,,,,,,2CXO J061840.8+782125,2.02952963169e-14,9.543004124519362,94.6700413510015,78.3569853826856,,,
NGC2146,94.656909,78.3569316,2.654422221154944,2.157595384138824,123.0,26.66859,2.3,,,,,,,,2CXO J061841.5+782113,1.61115359236e-14,16.11258149156033,94.6731359605203,78.3538812304418,,,
NGC2146,94.656909,78.3569316,2.654422221154944,2.157595384138824,123.0,26.66859,2.3,,,,,,,,2CXO J061842.4+782113,2.47086991538e-14,18.264999695735554,94.6767314020609,78.3538117021662,,,
NGC2146,94.656909,78.3569316,2.654422221154944,2.157595384138824,123.0,26.66859,2.3,,,,,,,,2CXO J061845.6+782043,1.1810365589538e-14,48.12666597606749,94.690019962469,78.3453548617161,,,
NGC2146,94.656909,78.3569316,2.654422221154944,2.157595384138824,123.0,26.66859,2.3,,,,,,,,2CXO J061846.5+782100,2.71863844651e-14,36.177992164996226,94.6941062388298,78.350252872488,,,
NGC2146,94.656909,78.3569316,2.6544222211549426,2.1575953841388267,123.0,26.66859,2.3,2SXPS J061846.8+782127,6.858e-14,7.6548e-13,28.01899411344781,,,,,,,94.69532,78.35763,,,
NGC2146,94.656909,78.3569316,2.654422221154944,2.157595384138824,123.0,26.66859,2.3,,,,,4XMM J061905.2+781951,2.15723e-14,125.13979752435093,2CXO J061905.5+781951,1.78357485199e-14,125.74360146421324,94.7730568851616,78.3310594452924,,0.8954762503266567,
NGC2146,94.656909,78.3569316,2.654422221154944,2.157595384138824,123.0,26.66859,2.3,2SXPS J061913.1+782143,2.626e-14,3.5292e-13,108.99572637303046,4XMM J061913.8+782144,1.45388e-13,111.3766897074079,2CXO J061914.0+782145,4.89850503377e-14,111.83516901232323,94.808376741082,78.3625058872815,2.4530333121778733,0.6304479022873019,
PGC018855,95.232159,-8.495589,1.3151339959476909,0.503465834425902,85.72,10.47129,5.9,2SXPS J062057.7-082939,1.511e-13,1.5112e-13,30.071823298145574,,,,,,,95.24051,-8.49434,,,
NGC2217,95.41554,-27.2336829,2.32257637611375,2.065237509950808,,25.46829,-0.6,2SXPS J062139.4-271304,1.909e-13,6.1375e-13,56.367009135010875,,,,2CXO J062139.2-271311,3.24963054559e-14,49.90808616603736,95.4134055863331,-27.2199500724283,,,7.471959524793428
NGC2217,95.41554,-27.2336829,2.32257637611375,2.065237509950808,,25.46829,-0.6,2SXPS J062140.6-271235,6.554e-14,1.4741e-13,86.70995772536006,,,,2CXO J062140.4-271243,2.20869712438e-14,78.30911417621593,95.4185851358483,-27.2120995672393,,,8.484943148531983
ESO121-026,95.411976,-59.7400048,1.2049527143432972,0.8911893837240445,113.15,40.36452,3.9,2SXPS J062144.9-594516,6.83e-14,1.7201e-13,69.59302278617203,,,,,,,95.43725,-59.75455,,,
NGC2217,95.41554,-27.2336829,2.3225763761137475,2.065237509950807,,25.46829,-0.6,2SXPS J062146.3-271252,1.274e-14,9.6206e-14,112.27613016784589,,,,,,,95.44315,-27.21445,,,
NGC2217,95.41554,-27.2336829,2.3225763761137475,2.065237509950807,,25.46829,-0.6,2SXPS J062147.1-271524,2.957e-14,1.5466e-13,129.29712035784343,,,,,,,95.44641,-27.25685,,,
NGC2235,95.591916,-64.9340278,0.7046443992109375,0.5727564707227678,56.62,86.29787,-4.8,2SXPS J062226.1-645600,9.645e-13,1.2677e-12,25.853631262070095,,,,,,,95.6088,-64.93339,,,
PGC088489,96.3976245,-53.8498056,0.1794609673225026,0.0878961806979348,131.72000122070312,247.05861,,,,,,,,,2CXO J062536.1-535105,3.31998585355e-15,9.247669782606412,96.4007187008438,-53.8516131426979,,,
ESO365-026,98.023053,-35.6236,0.42851892261518465,0.3068810025823974,86.9000015258789,117.81484,,,,,,,,,2CXO J063206.5-353730,2.12193203287e-15,13.984641316875782,98.0274189125142,-35.6251798717462,,,
NGC2272,100.672083,-27.4594722,1.10146323152673,0.77440830945624,118.9000015258789,27.0645,-3.0,,,,,,,,2CXO J064244.7-272721,1.15758938838e-14,47.05631931451542,100.686255081915,-27.4559070818592,,,
PGC019481,100.774764,-74.2361454,0.9035870630054634,0.49541597244638363,10.0,91.62205,-2.8,,,,,4XMM J064258.9-741446,6.78046e-15,46.08312265978146,,,,100.74581373706,-74.246247006993,,,
PGC019481,100.774764,-74.2361454,0.903587063005464,0.49541597244638336,10.0,91.62205,-2.8,,,,,,,,2CXO J064304.8-741343,5.96838439113e-15,27.438339962800207,100.770019338073,-74.2286334790453,,,
PGC019481,100.774764,-74.2361454,0.903587063005464,0.49541597244638336,10.0,91.62205,-2.8,,,,,,,,2CXO J064306.5-741448,1.38580048835e-15,38.665082009318375,100.777123243463,-74.2468665715902,,,
PGC019481,100.774764,-74.2361454,0.903587063005464,0.49541597244638336,10.0,91.62205,-2.8,,,,,,,,2CXO J064310.5-741406,2.80487881941e-15,19.085818191210375,100.793979333539,-74.2352212014303,,,
PGC019481,100.774764,-74.2361454,0.903587063005464,0.49541597244638336,10.0,91.62205,-2.8,,,,,,,,2CXO J064310.6-741434,5.25418690442e-15,31.25100002544353,100.794290331003,-74.2430176726194,,,
NGC2256,101.8081665,74.2365,1.0863505894318723,0.9839431448534226,,77.19692,-3.2,2SXPS J064706.9+741404,5.242e-13,5.2418e-13,29.48216141150963,,,,,,,101.77889,74.23455,,,
NGC2307,102.2116665,-64.3355556,0.9246343094890379,0.858954193578792,,46.94615,2.9,,,,,4XMM J064846.2-642000,1.11385e-14,30.401414210260302,2CXO J064846.2-641959,8.45962547301e-15,31.067689933337526,102.192531044997,-64.3331502465678,,0.9415416617253053,
ESO207-007,102.664101,-52.1420985,0.957127962510543,0.38456522014330485,17.35,12.0,9.0,2SXPS J065042.6-520749,9.982e-14,1.6183e-13,51.686908954470375,,,,,,,102.67757,-52.13036,,,
IC0451,103.216584,74.4807222,0.6713824805689319,0.5345274396113285,143.8000030517578,75.40497,3.0,,,,,,,,2CXO J065249.0+742922,4.1432650858e-15,33.97437724718692,103.204196260999,74.4895586790809,,,
IC0451,103.216584,74.4807222,0.6713824805689319,0.5345274396113285,143.8000030517578,75.40497,3.0,,,,,,,,2CXO J065252.1+742833,1.95332131346e-15,17.098801927243585,103.217383949728,74.4759773593078,,,
IC0451,103.216584,74.4807222,0.6713824805689318,0.5345274396113289,143.8000030517578,75.40497,3.0,,,,,4XMM J065258.3+742855,8.30664e-15,25.944474464895222,,,,103.24301750155,74.482107986646,,,
NGC2315,105.6378405,50.5905812,0.785181402166776,0.1475604613333194,115.5,93.45445,0.0,,,,,,,,2CXO J070232.3+503529,4.98823513211e-15,7.933619471362046,105.634651768387,50.5914521650485,,,
PGC020246,107.264667,48.5733611,0.2923950420722406,0.24601976784072538,134.64999389648438,78.99507,5.0,,,,,,,,2CXO J070902.5+483427,2.44443794339e-14,9.957918485953202,107.260783311472,48.5743848704527,,,
NGC2341,107.299836,20.602884,0.40829118567929623,0.3935228948475493,,75.40497,4.9,,,,,4XMM J070912.4+203552,2.62259e-14,19.43408057752645,,,,107.30198833382,20.597875687128,,,
NGC2369,109.1575275,-62.3437661,1.5169455920971353,0.3388207538053375,175.3699951171875,34.3558,1.2,,,,,4XMM J071638.2-622013,1.26224e-13,24.74111482590993,,,,109.15947604935,-62.336953356056,,,
NGC2357,109.4207205,23.3566929,1.6105343956417173,0.24097389881256367,120.0,32.2107,5.8,2SXPS J071735.8+232206,5.634e-14,2.8438e-13,82.64504602384768,,,,,,,109.39919,23.36837,,,
UGC03805,110.0034795,17.9456972,0.572756470722768,0.1844887992850752,146.3300018310547,120.28182,3.0,,,,,,,,2CXO J072000.3+175655,2.89252940174e-15,12.528218406336652,110.001595744357,17.9486803563524,,,
PGC020735,110.2245,55.7218333,0.28771996866857846,0.26851589818512633,,166.34126,,,,,,4XMM J072055.8+554317,4.55715e-15,16.5992650814298,,,,110.23265263717,55.721412675391,,,
NGC2397A,110.282937,-69.1153472,0.5482390980715927,0.41876464106344136,169.43,59.92389,5.9,2SXPS J072103.6-690706,3.198e-14,3.7435e-13,25.709807837496346,,,,,,,110.26503,-69.11855,,,
PGC096373,111.609792,-35.9059444,0.46662715039849556,0.2944218276777945,167.0,126.4154,-1.0,2SXPS J072625.9-355359,6.12e-14,1.2592e-13,21.87921061112933,,,,,,,111.60823,-35.9,,,
NGC2276,111.804396,85.7513925,1.1142175746351541,0.866901998877072,18.5,39.31878,5.4,,,,,,,,2CXO J072637.5+854534,5.94929938093e-14,49.12265407200151,111.656652633994,85.7595544699147,,,
NGC2276,111.804396,85.7513925,1.1142175746351541,0.866901998877072,18.5,39.31878,5.4,2SXPS J072645.9+854543,2.358e-13,5.3361e-13,48.66295756118757,4XMM J072647.8+854550,5.24321e-13,53.42348745770048,2CXO J072646.0+854548,8.49967367051e-15,52.45920847985104,111.691892739241,85.7633537262173,7.591177100824815,3.20810135576723,
NGC2276,111.804396,85.7513925,1.1142175746351541,0.866901998877072,18.5,39.31878,5.4,2SXPS J072645.9+854543,2.358e-13,5.3361e-13,48.66295756118757,4XMM J072647.8+854550,5.24321e-13,53.42348745770048,2CXO J072648.0+854552,2.78859052946e-14,54.73376228358021,111.700286327918,85.7645016888812,7.591177100824815,1.661829802329494,
NGC2276,111.804396,85.7513925,1.1142175746351541,0.866901998877072,18.5,39.31878,5.4,2SXPS J072645.9+854543,2.358e-13,5.3361e-13,48.66295756118757,4XMM J072647.8+854550,5.24321e-13,53.42348745770048,2CXO J072648.3+854554,5.36882616788e-14,56.792183659237956,111.701324139472,85.7652037438117,7.591177100824815,4.204166978342261,
NGC2276,111.804396,85.7513925,1.1142175746351541,0.866901998877072,18.5,39.31878,5.4,2SXPS J072645.9+854543,2.358e-13,5.3361e-13,48.66295756118757,4XMM J072647.8+854550,5.24321e-13,53.42348745770048,2CXO J072648.3+854548,5.64133109591e-14,51.732978022397106,111.701487737014,85.7635805098491,7.591177100824815,1.7458749073443618,
NGC2276,111.804396,85.7513925,1.1142175746351541,0.866901998877072,18.5,39.31878,5.4,,,,,,,,2CXO J072725.9+854525,1.43822590616e-14,25.0935257391599,111.857930334702,85.7571264721867,,,
NGC2389,112.269333,33.8609722,0.7815738213204769,0.44665274186664755,79.33000183105469,70.46936,5.2,,,,,4XMM J072902.1+335135,8.20742e-15,30.94385568152956,,,,112.25906135872,33.859909279064,,,
NGC2389,112.269333,33.8609722,0.7815738213204769,0.44665274186664755,79.33000183105469,70.46936,5.2,,,,,4XMM J072903.8+335204,8.05274e-15,26.82477654007818,,,,112.26608659656,33.867918824538,,,
NGC2389,112.269333,33.8609722,0.7815738213204769,0.44665274186664755,79.33000183105469,70.46936,5.2,,,,,4XMM J072906.0+335129,3.67732e-14,19.660243255049295,,,,112.27502822972,33.858241315178,,,
NGC2300,113.085333,85.7088611,1.52394749481399,1.169418619329678,73.5,31.72488,-3.4,,,,,,,,2CXO J073124.1+854204,1.07086352037e-14,68.90739171589138,112.850586576838,85.7012906874235,,,
NGC2300,113.085333,85.7088611,1.5239474948139915,1.1694186193296774,73.5,31.72488,-3.4,,,,,4XMM J073314.8+854254,9.22722e-15,64.97483312799704,,,,113.31201404475,85.715064370293,,,
NGC2442,114.099156,-69.5307523,2.3386757064359904,1.5558581685530084,12.34,17.22662,3.7,2SXPS J073606.6-693117,2.044e-14,3.9242e-13,95.83617402381678,,,,,,,114.02775,-69.52154,,,
NGC2442,114.099156,-69.5307523,2.3386757064359904,1.5558581685530084,12.34,17.22662,3.7,2SXPS J073609.8-693249,2.876e-14,2.0509e-13,93.9122956466701,,,,,,,114.04114,-69.54716,,,
NGC2442,114.099156,-69.5307523,2.3386757064359904,1.5558581685530084,12.34,17.22662,3.7,2SXPS J073618.3-693025,3.028e-14,3.3157e-13,90.25217464937907,,,,,,,114.07666,-69.50695,,,
NGC2403,114.21416666667,65.60255555556,9.976311574844395,5.03465834425902,126.33000183105469,3.17687,6.0,2SXPS J073625.5+653538,1.565e-12,1.5649e-12,163.21072938413332,4XMM J073625.5+653539,1.5603e-12,162.82857615847885,,,,114.106493539878,65.5943676718601,0.885576624250805,,
NGC2427,114.117075,-47.6354241,2.870582311036637,1.2301838020738134,123.1,10.32761,7.7,2SXPS J073625.6-473750,1.55e-13,1.9129e-13,29.86133946803282,,,,,,,114.10703,-47.63063,,,
ESO059-011,114.550095,-69.4754405,1.1116549453257016,0.47639808201182593,160.75999450683594,17.79918,-1.1,,,,,4XMM J073815.6-692927,5.48546e-14,59.415551630043794,,,,114.56512877378,-69.491081141503,,,
UGC03974,115.480833,16.8025,2.172551120857857,2.118214830247705,,8.16582,9.9,2SXPS J074152.9+164655,1.134e-13,2.5805e-13,81.62825739334913,,,,,,,115.47069,16.78201,,,
NGC2466,116.316687,-71.4104306,0.7550400770820743,0.7277295402909831,,73.01297,5.0,2SXPS J074512.3-712410,1.321e-13,3.5052e-13,32.66934107131212,,,,,,,116.30138,-71.40278,,,
NGC2444,116.7210255,39.0319458,0.533298060615129,0.33034672400379783,35.0,58.74894,-2.0,,,,,,,,2CXO J074652.0+390134,1.57972617423e-14,23.317604264672873,116.716824876489,39.0263507288959,,,
NGC2445,116.729583,39.01525,0.9310435683314341,0.561009227150982,167.0,59.31984,9.4,,,,,,,,2CXO J074653.3+390051,7.4901205297e-15,20.222183482403082,116.722438766098,39.0143893499758,,,
NGC2445,116.729583,39.01525,0.9310435683314341,0.561009227150982,167.0,59.31984,9.4,,,,,,,,2CXO J074653.9+390027,2.61417935949e-15,30.304443495468142,116.724874294244,39.0076688035252,,,
NGC2445,116.729583,39.01525,0.9310435683314341,0.561009227150982,167.0,59.31984,9.4,,,,,,,,2CXO J074655.6+390021,3.3339806776e-15,34.23631001948181,116.732010220002,39.0059288059003,,,
PGC2519056,117.2618835,55.9187375,0.26240373012488644,0.239315046161319,,152.54572,,,,,,,,,2CXO J074902.3+555500,6.14217196472e-15,7.983140872252391,117.259974177631,55.9167951596045,,,
NGC2441,117.9782085,73.0156667,0.9884848200559304,0.9056700463098012,,44.66836,3.3,2SXPS J075149.2+730104,5.791e-14,1.1561e-13,25.20171535521701,,,,,,,117.95536,73.01778,,,
NGC2500,120.47157,50.7371623,1.233019668617172,1.169418619329678,,12.4,7.0,2SXPS J080148.0+504354,4.668e-13,8.9326e-13,52.11868168719741,,,,2CXO J080148.0+504354,2.74734691184e-13,51.88486205533864,120.450388882622,50.731870555226,,,0.5783530866493481
NGC2500,120.47157,50.7371623,1.2330196686171693,1.1694186193296772,,12.4,7.0,2SXPS J080157.6+504428,4.355e-14,7.0591e-14,45.22820773266791,,,,,,,120.49032,50.74129,,,
PGC1060849,120.559362,-4.2487358,0.4560054196779548,0.14091914656322269,110.0,163.23001,,,,,,4XMM J080212.6-041452,1.53063e-14,23.45043366504771,,,,120.55288387257,-4.2479012452044,,,
NGC2525,121.408419,-11.4270204,1.5380484073703542,1.0863505894318723,71.69,16.74944,5.1,2SXPS J080538.9-112451,7.24e-14,3.5406e-13,47.62501288004416,,,,,,,121.41209,-11.41429,,,
PGC2156773,122.2449195,39.8580651,0.34671290300828456,0.12415665526477851,91.23999786376953,92.25714,2.2,,,,,4XMM J080859.9+395130,1.17064e-14,14.083771826552121,,,,122.24999698285,39.858401820856,,,
ESO561-023,122.9688885,-18.3004621,1.1939056414565885,0.19587093855389148,92.16999816894531,81.65829,4.2,,,,,4XMM J081150.1-181759,1.37149e-14,34.43282909625257,,,,122.95884103124,-18.299766080645,,,
NGC2537,123.3112875,45.9901225,1.0350706743955214,0.9794223367529952,,12.2,8.8,2SXPS J081312.7+455941,4.231e-14,6.9783e-14,26.69737536073928,,,,,,,123.30316,45.99493,,,
IC2233,123.495366,45.7418232,1.442015751563303,0.19813901712771972,172.36,13.06171,6.5,2SXPS J081359.2+454327,9.369e-14,9.3687e-14,62.81709552399688,,,,,,,123.49673,45.7244,,,
NGC2545,123.5589615,21.3554613,0.9771697278876972,0.5296268625886444,168.66000366210938,67.29765,2.3,,,,,4XMM J081412.7+212043,2.44956e-14,40.765564905564354,,,,123.55310325182,21.345538719873,,,
NGC2541,123.66717,49.0616237,1.50997586020101,0.799779014307336,169.86000061035156,11.85769,6.0,,,,,,,,2CXO J081436.9+490326,1.46995329247e-13,34.566075221368436,123.654086154336,49.0573008404167,,,
PGC023326,124.771128,21.7914542,0.389018275519902,0.318397760453958,157.72000122070312,65.28298,2.3,,,,,,,,2CXO J081905.4+214709,1.10791330446e-14,20.75009526624648,124.772573492855,21.7858487428605,,,
UGC04305,124.77075,70.72002777778,3.962506652402359,2.7859287446596497,15.1899995803833,3.26588,9.9,2SXPS J081928.9+704218,4.97e-12,9.1404e-12,130.2371270433932,4XMM J081929.0+704219,7.82681e-12,130.2526936252887,,,,124.870861158802,70.7053429716252,0.9266028127066174,,
NGC2560,124.96626,20.9850001,0.801622695345021,0.19229589102267686,92.30999755859375,71.21968,-0.1,,,,,4XMM J081950.2+205900,1.14506e-14,23.633013577538687,,,,124.95944632562,20.983380439815,,,
UGC04344,125.0690025,20.8750862,0.35397289219206896,0.32060478829258077,,73.01297,7.9,,,,,,,,2CXO J082015.5+205237,3.82379053192e-15,16.065361231861758,125.06467285945,20.8769701893174,,,
NGC2563,125.1487275,21.0678351,1.011509589339138,0.8394020090612819,79.44000244140625,65.28298,-2.2,,,,,,,,2CXO J082034.7+210430,2.44516314555e-15,29.937419621137703,125.144672088855,21.075240138057,,,
NGC2563,125.1487275,21.0678351,1.011509589339138,0.8394020090612819,79.44000244140625,65.28298,-2.2,,,,,,,,2CXO J082035.2+210432,2.27745098693e-15,29.029215901875656,125.146845699776,21.075705257285,,,
UGC04374,125.7219885,3.5712202,0.6137196155792036,0.48749481885869345,64.55000305175781,35.64509,5.7,,,,,4XMM J082253.2+033402,2.24953e-14,14.25604976231875,,,,125.72190855216,3.5672609901556,,,
ESO018-007,125.784567,-77.8519566,0.8146480163198611,0.37236598695299444,37.59000015258789,75.99762,4.0,,,,,4XMM J082258.3-775126,1.95212e-14,36.97491980847485,,,,125.74312788538,-77.857385965774,,,
UGC04375,125.7969735,22.6646066,0.8491218262308723,0.5419634570106019,178.64999389648438,41.30479,5.3,,,,,4XMM J082311.3+224035,3.26356e-14,43.23045633653199,,,,125.797427923,22.676607737067,,,
PGC023546,125.892609,21.3477215,0.4435780060189806,0.2243726949665658,61.189998626708984,78.41515,5.7,,,,,,,,2CXO J082332.9+212043,9.03992394072e-15,19.81841923519659,125.887249298292,21.3454006788946,,,
NGC2613,128.3448045,-22.973597,3.8103950501270596,0.9035870630054634,113.45999908447266,23.98832,3.1,,,,,4XMM J083316.8-225827,4.14936e-14,81.74487174212707,,,,128.320149375162,-22.9741750304066,,,
NGC2623,129.6002805,25.7545702,1.196657878202694,0.3483132570553842,36.459999084472656,80.90962,2.7,,,,,,,,2CXO J083822.8+254504,1.45292232474e-15,19.89105727739239,129.595350969847,25.7512814203396,,,
PGC024369,130.009791,29.8174342,0.3349423047082632,0.304067500639359,,289.86783,6.0,,,,,,,,2CXO J084002.9+294918,2.5852587989776e-15,17.802141262068993,130.012226387041,29.8219050996474,,,
UGC04532,130.421907,18.8600017,0.5081243464353478,0.10494699418117619,35.02000045776367,67.92036,4.1,,,,,4XMM J084142.1+185157,5.00881e-14,25.432660738396727,,,,130.42570774125,18.866082267419,,,
ESO018-013,130.952604,-78.949375,1.1375487153860353,0.35315877713148097,120.01000213623047,80.16782,4.8,,,,,4XMM J084335.9-785631,1.09508e-14,44.710313438027995,,,,130.89985756057,-78.942166535242,,,
NGC2639,130.9085805,50.2055329,0.8053228175891339,0.60390691755339,140.0,49.29467,0.8,,,,,,,,2CXO J084340.2+501149,2.54705495833e-14,37.16754946571121,130.9178277182,50.1970738131317,,,
ESO563-021,131.8208175,-20.0356286,1.527460556607757,0.26119809449955994,167.3000030517578,80.90962,4.4,,,,,4XMM J084716.1-200106,2.88794e-15,63.354853831795644,,,,131.81734400229,-20.018335262825,,,
ESO563-021,131.8208175,-20.0356286,1.527460556607757,0.26119809449955994,167.3000030517578,80.90962,4.4,,,,,4XMM J084717.1-200236,3.30341e-15,28.549000315767735,,,,131.82154954036,-20.043529001793,,,
NGC2633,132.0193335,74.0987778,1.1533735943600345,0.7227198853729637,175.0,27.41572,3.0,,,,,4XMM J084808.3+740450,2.37925e-14,67.28280283320426,,,,132.034937098346,74.0805842000877,,,
NGC2633,132.0193335,74.0987778,1.1533735943600345,0.7227198853729637,175.0,27.41572,3.0,,,,,4XMM J084810.2+740535,3.53646e-14,30.566719508585948,,,,132.042703316782,74.0932026445766,,,
NGC2683,133.17220833333,33.42175,4.742092316504487,1.3488697162224603,43.59,8.95365,3.0,2SXPS J085245.6+332605,8.069e-14,1.0142e-12,71.58760667314698,,,,,,,133.19005,33.43493,,,
NGC2681,133.38633,51.313765,1.9859577473471999,1.9859577473471999,,16.44372,0.4,,,,,,,,2CXO J085333.6+511929,7.47748948301e-14,41.02929275315848,133.390217758323,51.3249000088331,,,
NGC2685,133.8946005,58.734394,2.1625691551750434,1.1560323950877973,38.0,16.06941,-1.0,2SXPS J085540.1+584308,5.401e-14,2.4421e-13,69.44852357384926,,,,,,,133.91725,58.7191,,,
NGC2685,133.8946005,58.734394,2.1625691551750434,1.1560323950877973,38.0,16.06941,-1.0,2SXPS J085546.9+584448,3.824e-14,1.4697e-13,105.25926732210533,,,,,,,133.94565,58.74677,,,
NGC2724,135.2574555,35.7623597,0.5997496515746894,0.34195582364071464,174.86000061035156,48.10608,4.9,,,,,4XMM J090101.4+354533,1.80462e-14,12.090582841178637,,,,135.25601051802,35.759212540203,,,
NGC2770,137.39034,33.1234992,1.7257186966792801,0.4054805289269202,146.39999389648438,25.70395,5.2,2SXPS J090931.5+330804,1.26e-13,4.0792e-13,47.755942964451215,,,,2CXO J090931.8+330805,6.81842983703e-14,46.80519546730595,137.382512454084,33.1347272039791,,,3.2565351996604495
SDSSJ091048.27+600323.4,137.7012195,60.0565207,0.172174965381669,0.1452011327232228,42.18000030517578,77.80366,10.0,,,,,,,,2CXO J091047.6+600316,4.22031307538e-15,8.28857001865865,137.698563657523,60.0546382803762,,,
PGC3133930,138.1167075,53.26307,0.318397760453958,0.2529123310015572,142.32000732421875,273.65286,3.0,,,,,,,,2CXO J091226.6+531558,4.34457615929e-15,16.374561777753286,138.111208498786,53.2662117875201,,,
NGC2783B,138.38772,30.0000317,0.72605580879387,0.1396271920618668,75.91000366210938,98.90084,3.4,,,,,,,,2CXO J091335.2+300011,5.51231965962e-15,31.166456007403006,138.396987132036,30.003278550207,,,
NGC2748,138.429291,76.4753333,1.300079781582636,0.5571472667958648,38.66999816894531,18.79318,4.0,2SXPS J091336.6+762809,6.553e-14,3.4197e-13,30.948450143371307,,,,2CXO J091337.4+762811,3.19169526507e-14,27.78831176091578,138.406055647607,76.469852109937,,,3.222279045048893
PGC026004,138.405597,29.9995148,0.219770807718912,0.14858330158690142,86.11000061035156,108.04384,-0.9,,,,,,,,2CXO J091338.0+295958,2.08078393843e-15,8.787933764388578,138.40841549991,29.9994845139252,,,
NGC2748,138.429291,76.4753333,1.300079781582636,0.5571472667958648,38.66999816894531,18.79318,4.0,,,,,,,,2CXO J091348.9+762828,5.93099754804e-14,21.112946242211432,138.454166448881,76.4745916790273,,,
NGC2782,138.521169,40.1137263,1.625436486927174,1.2049527143432999,20.0,39.90249,1.1,,,,,,,,2CXO J091404.2+400738,1.25892959406e-14,49.56274209620942,138.517715490315,40.1272380689261,,,
NGC2782,138.521169,40.1137263,1.625436486927174,1.2049527143432999,20.0,39.90249,1.1,,,,,,,,2CXO J091404.4+400748,6.09703408581e-15,59.79349352109152,138.518422541477,40.1302022933144,,,
NGC2782,138.521169,40.1137263,1.625436486927174,1.2049527143432999,20.0,39.90249,1.1,,,,,,,,2CXO J091410.1+400619,8.99026956702e-15,65.02467603970881,138.54217836998,40.1054763279059,,,
NGC2782,138.521169,40.1137263,1.625436486927174,1.2049527143432999,20.0,39.90249,1.1,,,,,,,,2CXO J091410.9+400715,6.54251940158e-15,72.01462874645945,138.545566099616,40.1209425919093,,,
UGC04904,139.34034,41.910946,0.4518247368611508,0.3147530914285986,138.52000427246094,26.485,8.0,,,,,,,,2CXO J091721.0+415442,1.46897783777e-13,7.670575236692957,139.337698363792,41.9117678146203,,,
UGC04904,139.34034,41.910946,0.4518247368611508,0.3147530914285986,138.52000427246094,26.485,8.0,,,,,,,,2CXO J091722.5+415433,1.8871015256e-14,11.487276329690188,139.343994879663,41.9092775148362,,,
NGC2798,139.345353,41.9998104,1.21330504754121,0.4073521420104198,160.0,27.0645,1.1,,,,,,,,2CXO J091724.2+415900,1.51902407201e-14,60.32410791579287,139.350889501337,41.98356681697,,,
NGC2835,139.470327,-22.3545759,3.2060478829258074,1.8619585312728422,1.26,8.74983,5.0,2SXPS J091750.3-222145,1.449e-13,2.6597e-13,46.00520647975525,,,,,,,139.45959,-22.36262,,,
NGC2832,139.94496,33.7496108,1.5994475548456988,1.0374567587274548,171.77,101.953,-4.3,2SXPS J091948.8+334450,1.156e-13,6.8655e-13,27.325756184869107,,,,,,,139.95364,33.74726,,,
PGC026378,139.952322,-12.2462632,0.7637830291190362,0.2710004452008119,23.0,26.485,9.9,,,,,4XMM J091948.8-121429,7.89178e-13,18.014135079098686,,,,139.95369835848,-12.241443436976,,,
UGC04956,140.0090385,1.0382932,0.993047458678686,0.5662001816177784,14.489999771118164,73.01297,-4.9,,,,,4XMM J092001.8+010122,1.12434e-14,55.17809397175241,2CXO J092001.8+010122,1.72270369199e-14,55.84617311789013,140.007841862467,1.0228265814883,,0.9179718632645667,
NGC2805,140.0849025,64.1029681,1.694220780696012,1.380288928110174,153.97999572753906,28.23579,6.9,,,,,,,,2CXO J092013.6+640606,6.77489766764e-14,44.27954792938257,140.056896971742,64.1016762365248,,,
NGC2805,140.0849025,64.1029681,1.694220780696012,1.380288928110174,153.97999572753906,28.23579,6.9,,,,,,,,2CXO J092019.5+640453,2.6833323587e-14,76.90060870531998,140.081307367861,64.0816646519519,,,
PGC2095830,140.3705145,37.2314172,0.2546654355285977,0.21182148302477055,178.64999389648438,313.04013,3.7,,,,,4XMM J092129.1+371338,6.18456e-15,14.787412966403924,,,,140.37162116219,37.227405207925,,,
UGC04978,140.52588,3.8972574,0.5701248937805844,0.5407169756489688,,59.31984,6.7,,,,,,,,2CXO J092205.5+035335,1.32678002228e-14,17.269049000125925,140.523190320239,3.89328124417264,,,
UGC04978,140.52588,3.8972574,0.5701248937805844,0.5407169756489688,,59.31984,6.7,,,,,,,,2CXO J092206.8+035320,1.52593778377e-14,31.221187921357267,140.528646880063,3.88903591426059,,,
UGC04978,140.52588,3.8972574,0.5701248937805844,0.5407169756489688,,59.31984,6.7,,,,,,,,2CXO J092207.3+035350,2.6333300905128e-15,17.631250198316742,140.530786528453,3.89741031142621,,,
IC2476,141.9700605,29.9857461,0.6515833892261497,0.5223601096104,39.939998626708984,117.81484,-3.0,,,,,4XMM J092752.2+295940,7.77894e-15,32.43255200494899,,,,141.96781524031,29.99454275832,,,
UGC05055,142.54899,55.8524189,0.6791567232935771,0.6323681737355756,,112.92757,3.1,2SXPS J093008.8+555031,3.94e-14,3.9397e-14,44.51202055267411,,,,,,,142.53702,55.84204,,,
NGC2903,143.042052,21.5015656,5.969940522321366,2.6422262588759042,21.969999313354492,9.33254,4.0,,,,,4XMM J093206.2+213058,1.57486e-13,76.07366960509889,2CXO J093206.1+213058,2.09661959065e-13,76.34513191801139,143.025682565263,21.516323621704,,0.5639880984398068,
NGC2903,143.042052,21.5015656,5.969940522321366,2.6422262588759025,21.97,9.33254,4.0,2SXPS J093208.8+212810,8.464e-14,2.0205e-13,116.03544918398548,,,,,,,143.03706,21.46967,,,
NGC2903,143.042052,21.5015656,5.969940522321366,2.6422262588759025,21.97,9.33254,4.0,2SXPS J093209.8+213106,1.169e-13,2.5145e-13,60.95866712573201,,,,,,,143.0412,21.51848,,,
NGC2903,143.042052,21.5015656,5.969940522321366,2.6422262588759025,21.97,9.33254,4.0,2SXPS J093212.2+212922,6.021e-14,2.0603e-13,52.3736070472513,,,,,,,143.05093,21.48959,,,
PGC027171,143.476278,34.0618708,0.48861861047790534,0.1995124511810712,25.780000686645508,117.21954,5.0,,,,,,,,2CXO J093354.9+340347,2.48133053801e-15,8.944480938894804,143.478760142776,34.0632653862154,,,
UGC05101,143.9651295,61.353165,0.601132217308704,0.601132217308704,,176.4412,-0.5,,,,,,,,2CXO J093552.7+612112,2.22007312499e-15,7.989138791186321,143.9697194824,61.3534527521822,,,
PGC027776,145.722621,9.494902,0.4344802146431508,0.3334033846068108,17.5,49.00044,5.4,2SXPS J094252.9+092916,2.289e-14,4.6998e-13,26.47320654000341,,,,2CXO J094253.1+092924,9.62920945795e-15,17.78412769137936,145.721623508948,9.49006092328652,,,8.936973836475094
PGC027784,145.7364555,9.4711691,1.0543140749666462,0.5444650466667168,130.60000610351562,46.94615,9.9,,,,,4XMM J094253.7+092825,1.74504e-14,46.12873020784505,2CXO J094253.5+092827,4.86901494331e-15,48.738240400828715,145.723082980262,9.47421993383107,,2.686344660680606,
PGC027776,145.722621,9.494902,0.4344802146431508,0.3334033846068108,17.5,49.00044,5.4,,,,,,,,2CXO J094253.7+092934,5.00668956503e-15,8.397632759510087,145.723777424184,9.49286719230714,,,
PGC027784,145.7364555,9.4711691,1.0543140749666462,0.5444650466667168,130.60000610351562,46.94615,9.9,2SXPS J094254.2+092818,3.075e-14,2.3539e-13,37.12134956395295,,,,2CXO J094254.1+092819,3.83349072544e-15,39.080051405154386,145.725487864698,9.47207007758818,,,1.990030947116534
PGC027784,145.7364555,9.4711691,1.0543140749666462,0.5444650466667168,130.60000610351562,46.94615,9.9,,,,,,,,2CXO J094257.7+092802,4.61711926919e-15,20.115572873386398,145.740725407341,9.46749713739422,,,
PGC027886,146.071476,54.1911983,0.28377230270427356,0.13739470765512,153.49000549316406,26.485,9.5,,,,,,,,2CXO J094416.4+541134,1.42415133703e-14,8.716084086759842,146.068508837064,54.1928859610176,,,
UGC05216,146.3443785,9.7674649,0.6560999495096018,0.2992057975301599,163.27999877929688,47.53352,7.0,,,,,4XMM J094521.9+094558,3.69054e-14,12.044700236755398,,,,146.341270207707,9.76611931738518,,,
UGC05216,146.3443785,9.7674649,0.6560999495096018,0.2992057975301599,163.27999877929688,47.53352,7.0,,,,,4XMM J094522.5+094638,5.00813e-14,35.78847894951754,,,,146.343973144906,9.77739811480766,,,
NGC2997,146.411625,-31.1910833,5.12825963125704,3.1475309142859857,98.93000030517578,7.07946,5.1,,,,,,,,2CXO J094522.6-311200,1.6953457308e-13,210.27651430365577,146.344180744273,-31.2002140844973,,,
UGC05216,146.3443785,9.7674649,0.6560999495096018,0.2992057975301599,163.27999877929688,47.53352,7.0,,,,,4XMM J094523.7+094604,1.08256e-14,16.318650116867072,,,,146.34895098868,9.7679566661221,,,
NGC2997,146.411625,-31.1910833,5.12825963125704,3.1475309142859857,98.93000030517578,7.07946,5.1,,,,,,,,2CXO J094529.2-311227,1.81532377305e-13,135.89915533812845,146.371999097506,-31.2077021886835,,,
NGC2992,146.425173,-14.3263754,1.458713507000586,0.345119901920121,17.0,31.72488,0.9,,,,,,,,2CXO J094542.7-141948,1.12566255911e-14,16.52129367292717,146.427945263619,-14.3300964813118,,,
NGC2993,146.4513015,-14.3683584,0.6775947061755181,0.5635987280877552,93.66000366210938,31.72488,1.2,,,,,,,,2CXO J094547.8-142201,5.70466991168e-14,7.611526292253056,146.449512470126,-14.3671472962924,,,
UGC05228,146.5150545,1.6683624,1.1375487153860353,0.2779521286352018,123.0,25.8226,4.9,2SXPS J094605.5+013954,1.677e-13,2.0345e-13,31.60263257932009,,,,,,,146.52327,1.66526,,,
IC0563,146.584734,3.0456208,0.4874948188586934,0.19813901712771959,110.9800033569336,86.81605,2.2,,,,,,,,2CXO J094619.9+030238,5.36499080913e-15,8.397625054662733,146.583093660933,3.04396000335434,,,
IC0563,146.584734,3.0456208,0.4874948188586934,0.19813901712771959,110.9800033569336,86.81605,2.2,,,,,,,,2CXO J094620.7+030236,4.37315126558e-15,9.67966098283042,146.586473898092,3.04356874942614,,,
IC0564,146.587887,3.0713372,0.8221858616074681,0.2233417960754814,68.19999694824219,86.21841,6.7,,,,,,,,2CXO J094620.8+030423,2.08885876426e-14,7.3122128994289595,146.586949265272,3.07313965166875,,,
NGC2976,146.8146105,67.9162633,2.883832316961253,1.5030381513141151,143.0,3.63078,5.2,2SXPS J094713.7+675545,5.175e-13,1.5037e-12,48.21950314871523,,,,,,,146.80714,67.92936,,,
ESO213-002,147.318762,-47.9200898,0.9310435683314339,0.8394020090612804,,24.75141,-2.1,2SXPS J094919.7-475436,7.885e-14,7.2565e-14,48.70573926971697,,,,,,,147.33226,-47.91003,,,
ESO499-008,147.496509,-25.0090507,0.5357596526188033,0.27477043692881237,108.69000244140625,32.88516,6.0,,,,,4XMM J094957.7-250018,1.16253e-13,23.740194775310822,,,,147.4905753066,-25.005233560855,,,
NGC3044,148.420374,1.5795904,2.0987949199550378,0.34831325705538435,114.29000091552734,20.6063,5.5,,,,,4XMM J095334.6+013539,4.10521e-14,107.27067667729226,,,,148.394422454039,1.59425053069199,,,
NGC3044,148.420374,1.5795904,2.0987949199550378,0.34831325705538435,114.29000091552734,20.6063,5.5,,,,,4XMM J095336.7+013516,3.39913e-14,68.81524564849487,,,,148.403132104569,1.58785723570794,,,
NGC3044,148.420374,1.5795904,2.0987949199550378,0.34831325705538435,114.29000091552734,20.6063,5.5,2SXPS J095343.7+013417,2.022e-13,3.6968e-13,52.088712705712624,4XMM J095343.8+013416,2.28155e-13,53.712378242655035,,,,148.432750789251,1.57125131078683,1.6649596587646596,,
NGC3031,148.8881565,69.0652757,10.8135926186351,5.623024869834632,157.0,3.6141,2.4,2SXPS J095443.5+691035,1.318e-14,6.5506e-13,480.3877132904859,,,,,,,148.6815,69.17655,,,
NGC3031,148.8881565,69.0652757,10.8135926186351,5.623024869834632,157.0,3.6141,2.4,2SXPS J095500.2+690741,2.244e-13,7.023e-13,286.8497728555563,,,,,,,148.75115,69.1282,,,
NGC3031,148.8881565,69.0652757,10.8135926186351,5.623024869834632,157.0,3.6141,2.4,2SXPS J095510.3+690502,4.729e-13,1.5124e-12,139.77836447811646,4XMM J095510.3+690501,6.84075e-13,139.03712314388636,,,,148.793275478252,69.0838035864815,0.8842840193003285,,
NGC3031,148.8881565,69.0652757,10.8135926186351,5.623024869834632,157.0,3.6141,2.4,2SXPS J095521.8+690638,1.145e-13,1.2568e-12,174.34580821784112,,,,,,,148.84103,69.11069,,,
NGC3031,148.8881565,69.0652757,10.8135926186351,5.623024869834632,157.0,3.6141,2.4,2SXPS J095524.3+690957,2.535e-12,2.5352e-12,366.0488628577958,4XMM J095524.2+690957,1.17181e-12,365.3678914379444,,,,148.851057927487,69.1659014362172,0.8961363648355997,,
NGC3031,148.8881565,69.0652757,10.8135926186351,5.623024869834632,157.0,3.6141,2.4,2SXPS J095529.5+691013,1.053e-13,2.3574e-12,379.2881734035497,,,,,,,148.87328,69.1705,,,
NGC3031,148.8881565,69.0652757,10.8135926186351,5.623024869834632,157.0,3.6141,2.4,2SXPS J095531.5+690447,1.72e-13,7.0583e-12,53.514178022103664,,,,,,,148.88134,69.07994,,,
NGC3031,148.8881565,69.0652757,10.8135926186351,5.623024869834632,157.0,3.6141,2.4,2SXPS J095532.9+690033,3.544e-12,7.1598e-12,201.26511973309107,4XMM J095532.9+690033,5.76698e-12,201.37211795457347,,,,148.887494763597,69.0093395015569,0.5207828905611002,,
NGC3031,148.8881565,69.0652757,10.8135926186351,5.623024869834632,157.0,3.6141,2.4,2SXPS J095534.3+685952,0.0,9.2224e-13,242.45415729940993,,,,,,,148.89304,68.99795,,,
NGC3031,148.8881565,69.0652757,10.8135926186351,5.623024869834632,157.0,3.6141,2.4,2SXPS J095537.4+690434,1.148e-13,1.5754e-12,45.97144420572854,,,,,,,148.90615,69.07631,,,
NGC3031,148.8881565,69.0652757,10.8135926186351,5.623024869834632,157.0,3.6141,2.4,2SXPS J095549.7+690532,5.329e-13,1.4279e-12,131.8476792726929,,,,,,,148.95732,69.09232,,,
NGC3034,148.96970833333,69.67938888889,5.495029197162606,2.552524999877028,65.75,3.53183,7.2,,,,,4XMM J095550.4+694045,5.69691e-11,11.994889987365118,2CXO J095550.1+694043,1.400718589247e-11,13.772497748997361,148.958826185439,69.6787938134808,,2.813022803062562,
NGC3034,148.96970833333,69.67938888889,5.495029197162605,2.552524999877031,65.75,3.53183,7.2,2SXPS J095554.8+694002,2.584e-13,8.0034e-12,44.48186927383069,,,,,,,148.97843,69.66741,,,
NGC3034,148.96970833333,69.67938888889,5.495029197162605,2.552524999877031,65.75,3.53183,7.2,2SXPS J095559.3+693918,2.742e-13,2.8304e-12,93.91076880377966,,,,,,,148.99724,69.65512,,,
IC0577,149.0165505,10.4988569,0.309008200069208,0.2837723027042736,,131.4014,4.8,2SXPS J095605.2+102950,2.973e-14,1.0465e-13,19.53961834961787,,,,,,,149.02189,10.49748,,,
NGC3031,148.8881565,69.0652757,10.8135926186351,5.623024869834632,157.0,3.6141,2.4,2SXPS J095619.5+690113,2.301e-14,2.0348e-12,296.7896219020725,,,,,,,149.08164,69.02047,,,
NGC3078,149.602197,-26.9260706,1.5134567140506539,1.233019668617172,176.72999572753906,35.97491,-4.8,,,,,,,,2CXO J095821.8-265417,2.3870381198e-14,84.04978319499385,149.591230428388,-26.9048699269386,,,
NGC3078,149.602197,-26.9260706,1.5134567140506539,1.233019668617172,176.72999572753906,35.97491,-4.8,,,,,,,,2CXO J095823.1-265558,7.16790865399e-15,30.340755702219337,149.596487771962,-26.9327878441969,,,
NGC3078,149.602197,-26.9260706,1.5134567140506539,1.233019668617172,176.72999572753906,35.97491,-4.8,,,,,,,,2CXO J095823.4-265519,8.43061178896e-15,20.385390105073125,149.597567922934,-26.9221936955972,,,
NGC3078,149.602197,-26.9260706,1.5134567140506539,1.233019668617172,176.72999572753906,35.97491,-4.8,,,,,,,,2CXO J095824.1-265523,1.52300319786e-14,11.174776581763725,149.600587404361,-26.9233181651364,,,
NGC3078,149.602197,-26.9260706,1.5134567140506539,1.233019668617172,176.72999572753906,35.97491,-4.8,,,,,,,,2CXO J095827.1-265517,6.97953234195e-15,38.71225765641816,149.613073677072,-26.9214241714837,,,
NGC3087,149.786145,-34.2251914,1.1694186193296774,1.030314956635,46.36,34.83372,-4.3,2SXPS J095913.8-341313,1.205e-13,2.7055e-13,66.18714583840601,,,,,,,149.80766,-34.22055,,,
NGC3079,150.491748,55.6799633,4.09232394067395,0.6456096368067672,166.1999969482422,20.6063,6.4,,,,,4XMM J100153.5+554229,5.26083e-14,108.50317265230072,,,,150.47314370727,55.708220302693,,,
NGC3079,150.491748,55.6799633,4.09232394067395,0.6456096368067661,166.1999969482422,20.6063,6.4,,,,,,,,2CXO J100158.7+553958,2.60216189727e-14,49.79465598093571,150.494795284277,55.6662386096419,,,
NGC3079,150.491748,55.6799633,4.09232394067395,0.6456096368067672,166.2,20.6063,6.4,2SXPS J100201.6+553931,4.693e-14,4.6929e-14,82.59730459472246,,,,,,,150.50681,55.65865,,,
NGC3079,150.491748,55.6799633,4.09232394067395,0.6456096368067661,166.1999969482422,20.6063,6.4,2SXPS J100202.9+553858,5.213e-14,1.8636e-13,116.51977929666624,4XMM J100202.8+553859,1.18713e-13,116.28300761872043,2CXO J100202.8+553858,7.12386653735e-14,116.51136761122191,150.511946040878,55.649670397958,0.33544477093209235,0.3679676937274584,
NGC3110,151.008798,-6.4747244,0.933189845417334,0.4487143972503744,170.5500030517578,72.41024,3.3,,,,,,,,2CXO J100401.3-062819,1.12236679351e-14,15.274598883285872,151.005441102788,-6.47210198681571,,,
NGC3110,151.008798,-6.4747244,0.933189845417334,0.4487143972503744,170.5500030517578,72.41024,3.3,,,,,,,,2CXO J100402.4-062853,8.45736756171e-15,25.063290123616536,151.010202489029,-6.48154512670318,,,
NGC3110,151.008798,-6.4747244,0.933189845417334,0.4487143972503744,170.5500030517578,72.41024,3.3,,,,,,,,2CXO J100402.5-062849,5.9870452984e-15,21.65352547497889,151.010533260165,-6.48048685040593,,,
NGC3110,151.008798,-6.4747244,0.933189845417334,0.4487143972503744,170.5500030517578,72.41024,3.3,,,,,,,,2CXO J100402.7-062833,4.25996488764e-15,10.31436168804697,151.011418562939,-6.47591972059307,,,
NGC3110,151.008798,-6.4747244,0.933189845417334,0.4487143972503744,170.5500030517578,72.41024,3.3,,,,,,,,2CXO J100403.7-062820,1.7637322691e-14,26.330798737251552,151.015753159952,-6.47232922508296,,,
NGC3115,151.308132,-7.7184976,3.547888839816944,1.4287952716874734,44.02,10.28016,-2.9,2SXPS J100505.8-074425,8.393e-14,4.2361e-13,143.82412252551924,,,,,,,151.27442,-7.74041,,,
NGC3115,151.308132,-7.7184976,3.5478888398169417,1.4287952716874759,44.02000045776367,10.28016,-2.9,2SXPS J100513.1-074239,8.982e-13,1.7933e-12,29.762440996965015,,,,2CXO J100513.1-074238,8.20103649039e-14,30.50241591777619,151.304801082847,-7.71069408514067,,,0.7406580185743487
UGC05454,151.795752,12.6513756,0.5128259631257037,0.34432614817213797,43.599998474121094,41.05821,8.1,,,,,4XMM J100710.3+123850,6.69959e-14,17.519396886484277,,,,151.792981053086,12.6473292604094,,,
NGC3137,152.2809555,-29.064169,2.7731285647895536,1.918536227461394,3.77,16.2181,5.9,2SXPS J100909.1-290258,4.204e-14,1.3928e-13,57.401253322140875,,,,,,,152.28829,-29.04957,,,
NGC3145,152.541084,-12.4337222,1.435390291012344,0.68702098750626,20.68000030517578,62.51726,4.0,,,,,,,,2CXO J101007.2-122626,2.7484655451e-15,45.433780100154095,152.530255639217,-12.4406114767457,,,
NGC3145,152.541084,-12.4337222,1.435390291012344,0.68702098750626,20.68000030517578,62.51726,4.0,,,,,,,,2CXO J101008.3-122714,3.79299626876e-15,76.06357739225754,152.534749047112,-12.4539250902357,,,
NGC3145,152.541084,-12.4337222,1.435390291012344,0.68702098750626,20.68000030517578,62.51726,4.0,,,,,,,,2CXO J101010.2-122627,3.72318987557e-15,26.303604063567622,152.542643864401,-12.440868209779,,,
NGC3145,152.541084,-12.4337222,1.435390291012344,0.68702098750626,20.68000030517578,62.51726,4.0,,,,,,,,2CXO J101010.6-122537,4.75823664449e-15,25.996101956520313,152.544269066466,-12.4272052794154,,,
NGC3145,152.541084,-12.4337222,1.435390291012344,0.68702098750626,20.68000030517578,62.51726,4.0,,,,,,,,2CXO J101011.0-122541,4.62716176461e-15,26.05677504143687,152.545905689172,-12.4282251861467,,,
NGC3145,152.541084,-12.4337222,1.435390291012344,0.68702098750626,20.68000030517578,62.51726,4.0,,,,,,,,2CXO J101011.0-122630,4.74654092052e-15,34.253892937126366,152.546191458501,-12.4418252003837,,,
NGC3145,152.541084,-12.4337222,1.435390291012344,0.68702098750626,20.68000030517578,62.51726,4.0,,,,,,,,2CXO J101012.8-122524,9.1627360357e-15,57.299125386287365,152.553599871812,-12.4235270270321,,,
NGC3169,153.561621,3.4664709,2.167554391937646,1.324250069303352,48.650001525878906,23.22737,1.2,,,,,,,,2CXO J101414.3+032810,1.94175842809e-14,13.287077420877486,153.559839293189,3.46970502226556,,,
NGC3169,153.561621,3.4664709,2.1675543919376445,1.3242500693033505,48.65,23.22737,1.2,2SXPS J101417.6+032857,1.443e-13,2.7437e-13,71.86370550283905,,,,,,,153.5735,3.48253,,,
NGC3175,153.6755355,-28.8719446,2.624037301248863,0.9726800408113314,55.11,16.51962,2.0,2SXPS J101445.0-285055,1.089e-13,2.9825e-13,91.92658482542156,,,,,,,153.68763,-28.84871,,,
PGC112808,153.8562915,-5.5622778,0.2084346917351676,0.13151339959476901,51.5,240.43628,,,,,,,,,2CXO J101525.0-053352,2.54406601127e-14,11.401811530096735,153.854207056802,-5.56467089408004,,,
NGC3147,154.223655,73.4007336,2.055748605522612,1.7740669461678782,151.67999267578125,39.26452,3.9,2SXPS J101648.6+732600,1.866e-14,1.6739e-14,120.2253455976788,4XMM J101649.0+732602,1.79919e-14,121.1145779085819,,,,154.20435454361,73.433922539701,1.891382858412006,,
NGC3147,154.223655,73.4007336,2.055748605522612,1.774066946167878,151.67999267578125,39.26452,3.9,,,,,,,,2CXO J101651.4+732408,1.73121828833e-14,11.187756719009313,154.214390392613,73.402362597325,,,
NGC3147,154.223655,73.4007336,2.055748605522612,1.7740669461678782,151.67999267578125,39.26452,3.9,,,,,4XMM J101715.0+732453,1.19813e-14,104.46784580203685,,,,154.31256012697,73.414789291445,,,
NGC3185,154.4107005,21.6883195,1.076390867362188,0.6151343854061879,130.64999389648438,26.4241,1.2,,,,,4XMM J101737.3+214144,2.8876e-14,31.42014704992404,2CXO J101737.3+214145,1.31904335443e-14,32.10419998533372,154.405667609705,21.6959128063882,,0.7876980623318572,
NGC3190,154.5260505,21.8326815,1.8195751806360354,0.6094947994624332,123.5199966430664,22.18196,0.9,,,,,4XMM J101803.9+214933,3.87237e-14,39.62774160862555,,,,154.51657355774,21.826065207622,,,
NGC3190,154.5260505,21.8326815,1.819575180636036,0.609494799462432,123.5199966430664,22.18196,0.9,,,,,,,,2CXO J101804.3+214931,2.02116351856e-14,37.362106805144656,154.517956444847,21.8255222462109,,,
NGC3184,154.57059,41.4243426,3.698026375291189,3.588971456356809,,11.12,5.9,2SXPS J101812.1+412422,4.137e-14,1.4729e-13,84.9134552142669,,,,,,,154.55062,41.40612,,,
NGC3184,154.57059,41.4243426,3.698026375291189,3.588971456356809,,11.12,5.9,2SXPS J101823.1+412739,8.571e-14,1.2343e-13,149.13165684877893,4XMM J101822.9+412741,7.30804e-14,150.07852369489174,,,,154.59569385394,41.461542109347,2.598876090185579,,
PGC030258,155.2237155,48.5234285,0.318397760453958,0.20699983740986522,93.86000061035156,237.90305,-3.0,,,,,,,,2CXO J102052.2+483118,6.07086354738e-15,14.953008976884247,155.217884068867,48.5219003699316,,,
PGC2129982,155.5760055,38.5443116,0.219770807718912,0.172571869667928,67.27999877929688,264.97202,0.0,,,,,,,,2CXO J102218.0+383247,2.08645496022e-15,8.124588294054162,155.575068802486,38.5464462128099,,,
NGC3221,155.5831965,21.5693726,0.8491218262308721,0.37928878751459216,165.77000427246094,61.0942,5.5,,,,,,,,2CXO J102219.7+213402,6.74176915392e-15,8.13150718275506,155.582298173813,21.5672740230538,,,
NGC3221,155.5831965,21.5693726,0.8491218262308721,0.37928878751459216,165.77000427246094,61.0942,5.5,,,,,,,,2CXO J102219.8+213328,5.98834466414e-15,40.970240793853044,155.582682398296,21.5580020253045,,,
NGC3221,155.5831965,21.5693726,0.8491218262308721,0.37928878751459216,165.77000427246094,61.0942,5.5,,,,,,,,2CXO J102220.1+213450,6.56829154597e-15,40.55100250992866,155.583872268602,21.5806192240209,,,
NGC3221,155.5831965,21.5693726,0.8491218262308721,0.37928878751459216,165.77000427246094,61.0942,5.5,,,,,4XMM J102220.9+213334,6.0228e-15,37.66345217219823,2CXO J102221.1+213335,5.62122118876e-15,37.57211935826321,155.58813103671,21.5599989911052,,3.4471559359349158,
NGC3222,155.6439255,19.8869873,0.5584316238902807,0.5069556928683399,,81.39543,-2.1,,,,,4XMM J102235.7+195309,3.65245e-14,17.222222469907813,,,,155.64891852656,19.886070511427,,,
NGC3227,155.8775385,19.8649777,1.9905358527674868,0.931043568331434,156.0,20.32357,1.5,,,,,4XMM J102328.4+195235,6.79022e-14,51.372083678782495,,,,155.86862736835,19.876527568721,,,
PGC155202,156.171174,-18.7045226,0.2685158981851266,0.1545147716256792,165.0,213.69777,-1.0,,,,,,,,2CXO J102440.6-184209,9.28980657066e-15,9.38739015482979,156.169283728807,-18.7026268355571,,,
NGC3239,156.2703045,17.1637013,1.8070493131980667,1.3550958159454216,,10.17,9.8,2SXPS J102505.9+170921,5.474e-14,4.2989e-13,31.733463016874136,,,,,,,156.27494,17.15608,,,
NGC3239,156.2703045,17.1637013,1.807049313198066,1.35509581594542,,10.17,9.8,,,,,,,,2CXO J102506.9+170947,9.90531027668e-14,30.11214134525205,156.279038308201,17.1631287536822,,,
NGC3239,156.2703045,17.1637013,1.807049313198066,1.35509581594542,,10.17,9.8,2SXPS J102508.1+170947,2.912e-13,4.8922e-13,47.164659065117434,,,,2CXO J102508.2+170948,1.4125919264e-13,47.90050149369099,156.284227956818,17.1634537395947,,,0.9318658921494741
NGC3256,156.9636465,-43.9037917,1.644258154379916,1.129717885110486,87.1500015258789,37.56644,4.0,,,,,,,,2CXO J102749.8-435426,1.37820387729e-14,19.968593191557993,156.957723679226,-43.9073353593358,,,
NGC3256,156.9636465,-43.9037917,1.644258154379916,1.129717885110486,87.1500015258789,37.56644,4.0,,,,,,,,2CXO J102751.2-435358,1.40080817304e-14,15.141564016526594,156.963499042222,-43.8995870521773,,,
NGC3256,156.9636465,-43.9037917,1.644258154379916,1.129717885110486,87.1500015258789,37.56644,4.0,,,,,,,,2CXO J102752.5-435349,1.09760867327e-14,27.55750927563134,156.968994650831,-43.8971775618537,,,
NGC3256,156.9636465,-43.9037917,1.644258154379916,1.129717885110486,87.1500015258789,37.56644,4.0,,,,,4XMM J102755.1-435446,5.54964e-14,53.53035032105535,2CXO J102755.1-435446,1.73905135797e-14,53.37653763104088,156.979810639989,-43.9129687354043,,0.20533257938913185,
IC2574,157.09783333333,68.41213888889,6.456096368067674,2.7859287446596506,48.41,3.89045,8.9,2SXPS J102843.1+682815,3.3e-13,8.7e-13,238.14752709596922,,,,,,,157.17973,68.47105,,,
NGC3268,157.502886,-35.3255322,1.7740669461678775,1.330362529899405,70.41999816894531,35.31834,-4.3,,,,,4XMM J102955.2-351850,9.23955e-15,78.17390264257331,,,,157.480261788246,-35.3140967114437,,,
NGC3268,157.502886,-35.3255322,1.7740669461678775,1.330362529899405,70.41999816894531,35.31834,-4.3,,,,,4XMM J102955.6-351912,6.71728e-15,65.26486521638287,,,,157.48172483658,-35.320003569768,,,
NGC3269,157.487766,-35.2244111,1.2559432157547898,0.51046974185384,9.489999771118164,36.81293,-0.8,,,,,4XMM J102957.3-351421,6.21123e-15,53.463579895773606,,,,157.489110174513,-35.2392214521277,,,
NGC3271,157.6094475,-35.3585397,1.5030381513141153,0.8317063251850847,106.0199966430664,52.82019,-1.8,,,,,4XMM J103030.3-352125,5.40981e-15,50.057985059007514,,,,157.62638999753,-35.356982550799,,,
NGC3271,157.6094475,-35.3585397,1.5030381513141153,0.8317063251850847,106.0199966430664,52.82019,-1.8,,,,,4XMM J103031.1-352159,5.41023e-14,66.2532165328533,,,,157.629704128877,-35.3666517035204,,,
NGC3278,157.8974625,-39.9546454,0.6760362815971379,0.5175710833396722,60.20000076293945,38.54784,5.1,,,,,,,,2CXO J103133.8-395719,7.45064422496e-15,17.553077114658343,157.891166139314,-39.9553376050399,,,
NGC3278,157.8974625,-39.9546454,0.6760362815971379,0.5175710833396722,60.20000076293945,38.54784,5.1,,,,,,,,2CXO J103135.9-395653,1.4659052439e-14,23.77406248608167,157.899605058035,-39.9482490026461,,,
NGC3274,158.07183,27.6687876,0.8127743778752422,0.40454794958919127,93.37,7.98,6.7,2SXPS J103220.0+274001,1.638e-13,2.6678e-13,37.521621985081076,,,,,,,158.08342,27.66698,,,
NGC3289,158.53092,-35.3233635,0.993047458678686,0.234947054302608,152.11000061035156,38.1417,-0.9,,,,,,,,2CXO J103409.6-351956,1.53570532312e-14,42.05725068683146,158.540090148347,-35.3323361918862,,,
NGC3287,158.697075,21.6482708,0.8911893837240445,0.4245902375181568,17.58,14.58814,7.6,2SXPS J103446.2+213823,3.449e-14,1.4865e-13,33.5385910864115,,,,,,,158.69261,21.63993,,,
ESO501-023,158.846577,-24.7541149,1.4688248259807661,1.1721144076599601,10.350000381469727,7.0,8.0,2SXPS J103521.8-244514,1.396e-12,2.8593e-12,17.433892596888988,,,,2CXO J103522.2-244512,6.01297215273e-13,13.292286565164066,158.84255073247,-24.7536006416571,,,4.378107424534731
PGC141471,159.0827715,-27.6564722,0.4255690191011886,0.2233417960754814,165.5,430.13025,-2.0,,,,,,,,2CXO J103619.8-273939,6.86569565542e-15,16.135352375878618,159.082704210922,-27.6609538460454,,,
PGC101367,159.1564035,-27.7169465,0.445625469066873,0.2338675706435988,84.5,52.23962,-1.0,,,,,4XMM J103638.5-274250,4.42173e-14,16.861821877684537,2CXO J103638.3-274249,2.15877932608e-14,15.834664839679277,159.159850218523,-27.7137784257748,,2.1658347892505176,
NGC3318,159.31464,-41.6275552,1.2588384638794279,0.6838644127979245,79.39,35.15604,3.7,2SXPS J103712.8-413755,7.202e-14,1.1962e-13,34.071304098222114,,,,,,,159.30344,-41.63197,,,
IC2597,159.4473465,-27.0812698,1.3151339959476909,0.8669019988770689,7.65,42.46194,-3.9,2SXPS J103747.1-270519,5.906e-14,2.1185e-13,27.51840168451839,,,,,,,159.44654,-27.08888,,,
NGC3310,159.6911745,53.5033384,0.899435457564396,0.866901998877066,,16.82674,4.0,,,,,4XMM J103844.9+533004,3.88285e-13,10.810533183075913,2CXO J103844.4+533004,3.9418797101e-14,14.522115635554966,159.685281638128,53.5013415554434,,4.425057070423109,
NGC3310,159.6911745,53.5033384,0.899435457564396,0.866901998877066,,16.82674,4.0,,,,,4XMM J103844.9+533004,3.88285e-13,10.810533183075913,2CXO J103844.6+533007,3.67146054442e-14,12.267243749889285,159.685854594486,53.5020737411113,,4.056048923342682,
NGC3310,159.6911745,53.5033384,0.899435457564396,0.866901998877066,,16.82674,4.0,,,,,,,,2CXO J103846.5+533038,4.14584490599e-14,26.708173116431393,159.694043881756,53.5105584072303,,,
NGC3310,159.6911745,53.5033384,0.899435457564396,0.866901998877066,,16.82674,4.0,,,,,,,,2CXO J103847.2+533027,1.05817531657e-13,20.102575603762492,159.696939139845,53.507746012856,,,
IC0632,159.7991565,-0.4094339,0.48974499270434946,0.28311964451912663,30.25,81.39543,1.5,,,,,4XMM J103911.1-002448,1.67792e-14,17.60897492574765,,,,159.79654919959,-0.41357249304004,,,
PGC083292,159.988794,-8.5840272,0.36472875512728437,0.1870552941360267,155.8800048828125,271.64392,1.9,,,,,4XMM J103956.7-083446,5.80651e-14,18.425779686906886,,,,159.986424641564,-8.57947661184236,,,
ESO264-032,160.1608785,-46.3167283,0.6965784014726515,0.515193060220808,21.389999389648438,97.0957,1.4,,,,,4XMM J104036.8-461915,2.55579e-14,23.734274578505207,,,,160.1536745498,-46.321053975407,,,
UGC05823,160.4725545,0.7932781,0.4549566363161257,0.39081390229416474,162.84,81.99738,9.4,2SXPS J104153.9+004800,2.535e-13,2.5349e-13,25.526167352610557,,,,,,,160.47472,0.80003,,,
NGC3341,160.631232,5.044062,0.5345274396113285,0.1552279794064176,22.670000076293945,120.89268,,,,,,,,,2CXO J104230.9+050218,2.00252006057e-15,21.249926543166907,160.629055721967,5.03857174220286,,,
NGC3341,160.631232,5.044062,0.5345274396113285,0.1552279794064176,22.670000076293945,120.89268,,,,,,,,,2CXO J104231.3+050221,2.21939096362e-15,17.07277720520599,160.630746317713,5.03934430419233,,,
NGC3351,160.9904175,11.7036846,3.6138490180108516,2.2231563373455434,10.68,10.56818,3.1,2SXPS J104352.8+114225,1.627e-13,1.1732e-12,72.69828794989833,,,,,,,160.97009,11.70709,,,
PGC032012,160.9757505,70.3734444,0.5,0.3012797930371789,37.5,178.97813,-2.5,2SXPS J104358.5+702216,3.184e-14,1.706e-13,23.46060680050794,,,,,,,160.99405,70.37128,,,
NGC3351,160.9904175,11.7036846,3.6138490180108516,2.2231563373455434,10.68,10.56818,3.1,2SXPS J104359.6+114207,4.478e-14,3.08e-13,28.642676331450527,,,,,,,160.9984,11.7022,,,
NGC3356,161.050917,6.7588201,0.847168900223664,0.410175772164909,98.12999725341797,75.5092,3.7,,,,,,,,2CXO J104409.7+064520,4.78786855199e-15,38.55123308894579,161.040591166716,6.75573318128574,,,
NGC3356,161.050917,6.7588201,0.847168900223664,0.410175772164909,98.12999725341797,75.5092,3.7,,,,,,,,2CXO J104410.7+064545,1.73850597033e-15,25.92389973861757,161.044770748576,6.76264145173218,,,
NGC3356,161.050917,6.7588201,0.847168900223664,0.410175772164909,98.12999725341797,75.5092,3.7,,,,,,,,2CXO J104411.0+064539,9.27684680355e-15,19.815491305503564,161.045866416514,6.76108778478008,,,
NGC3356,161.050917,6.7588201,0.847168900223664,0.410175772164909,98.12999725341797,75.5092,3.7,,,,,,,,2CXO J104411.5+064530,1.4737248558e-15,10.51206728864029,161.047993584711,6.7585062173489,,,
NGC3356,161.050917,6.7588201,0.847168900223664,0.410175772164909,98.12999725341797,75.5092,3.7,,,,,,,,2CXO J104412.8+064545,5.77962298367e-15,16.42191274329789,161.0535231525,6.76257651840878,,,
NGC3356,161.050917,6.7588201,0.847168900223664,0.410175772164909,98.12999725341797,75.5092,3.7,,,,,,,,2CXO J104413.0+064553,2.6342580474e-15,25.169046797287407,161.054397389721,6.76489747745032,,,
NGC3356,161.050917,6.7588201,0.847168900223664,0.410175772164909,98.12999725341797,75.5092,3.7,,,,,,,,2CXO J104413.0+064519,4.71595106851e-15,18.018388028829484,161.054578707455,6.75538082332917,,,
NGC3356,161.050917,6.7588201,0.847168900223664,0.410175772164909,98.12999725341797,75.5092,3.7,,,,,,,,2CXO J104413.4+064529,2.73454105474e-15,18.453763208061265,161.056045151319,6.75823475725612,,,
NGC3356,161.050917,6.7588201,0.847168900223664,0.410175772164909,98.12999725341797,75.5092,3.7,,,,,,,,2CXO J104413.8+064546,1.65264339822e-15,28.821219434154603,161.057776380444,6.76302668434272,,,
NGC3356,161.050917,6.7588201,0.847168900223664,0.410175772164909,98.12999725341797,75.5092,3.7,,,,,,,,2CXO J104414.6+064541,4.30230497129e-14,37.5423333228671,161.061035969144,6.76160889294038,,,
PGC032033,161.078991,52.7701315,0.4942765473284694,0.3792887875145916,79.51000213623047,111.68632,-4.2,,,,,,,,2CXO J104419.2+524627,2.06608705027e-14,15.684416358723704,161.080032497137,52.7744424789506,,,
NGC3353,161.343312,55.9603651,0.679156723293576,0.48861861047790534,75.69000244140625,17.22662,4.1,,,,,,,,2CXO J104523.0+555716,8.94405605381e-14,21.568647606076684,161.346047109342,55.9545727611892,,,
NGC3359,161.65347,63.2241505,2.036901389020564,1.41569599789969,167.42,18.87991,5.2,2SXPS J104627.9+631319,3.801e-14,4.4675e-14,60.61892568254478,,,,,,,161.6164,63.222,,,
NGC3367,161.6457375,13.7507951,1.4420157515633039,1.4156959978996921,,45.16479,5.1,,,,,,,,2CXO J104630.9+134432,5.29277143766e-15,65.7048849919557,161.629075746786,13.7423586290883,,,
NGC3367,161.6457375,13.7507951,1.4420157515633039,1.4156959978996921,,45.16479,5.1,,,,,,,,2CXO J104631.4+134503,5.34555002266e-15,50.67600369678442,161.631246701302,13.7509787941945,,,
NGC3367,161.6457375,13.7507951,1.4420157515633039,1.4156959978996921,,45.16479,5.1,,,,,,,,2CXO J104631.6+134450,1.23711843419e-14,49.82406474148745,161.63196290949,13.7472561016321,,,
NGC3367,161.6457375,13.7507951,1.4420157515633039,1.4156959978996921,,45.16479,5.1,2SXPS J104631.9+134528,1.288e-13,3.2066e-13,50.41213289471383,4XMM J104632.0+134526,4.97754e-14,49.1020303915645,2CXO J104631.7+134524,5.93491424281e-15,51.47423965041985,161.632386400406,13.7568174012839,1.715980757302046,4.318246483875372,
NGC3367,161.6457375,13.7507951,1.4420157515633039,1.4156959978996921,,45.16479,5.1,2SXPS J104631.9+134528,1.288e-13,3.2066e-13,50.41213289471383,4XMM J104632.0+134526,4.97754e-14,49.1020303915645,2CXO J104632.1+134528,3.52660873629e-14,49.25003695225586,161.633770770687,13.7580097049245,1.715980757302046,2.411351611079778,
NGC3367,161.6457375,13.7507951,1.4420157515633039,1.4156959978996921,,45.16479,5.1,,,,,,,,2CXO J104632.4+134506,4.7736199261e-15,36.73786626913305,161.635272289533,13.7516945764439,,,
NGC3359,161.65347,63.2241505,2.036901389020564,1.41569599789969,167.42,18.87991,5.2,2SXPS J104634.7+631231,3.572e-13,6.4005e-13,57.14651091815142,,,,,,,161.64493,63.20875,,,
NGC3359,161.65347,63.2241505,2.036901389020564,1.41569599789969,167.42,18.87991,5.2,2SXPS J104635.7+631204,1.114e-13,1.754e-13,83.20827324206115,,,,,,,161.64913,63.20112,,,
NGC3367,161.6457375,13.7507951,1.4420157515633039,1.4156959978996921,,45.16479,5.1,,,,,4XMM J104636.7+134400,2.62345e-14,67.6793701121092,2CXO J104636.7+134400,1.78575271824e-14,67.96855247425118,161.653307593891,13.7334058008971,,0.8302895273480364,
NGC3370,161.7668265,17.2736572,1.2189054091843765,0.7078968899785409,146.5,26.18183,5.1,2SXPS J104702.0+171702,1.025e-13,2.8659e-13,47.07074126326289,,,,,,,161.75849,17.28403,,,
ESO501-099,162.018948,-25.1587007,0.3580717051064508,0.1496132318304096,20.329999923706055,56.36377,-2.2,,,,,,,,2CXO J104804.5-250947,4.42646276428e-15,16.507943113827952,162.018810412195,-25.1632845484225,,,
NGC3384,162.070416,12.6293385,2.6180021829287523,1.18568685283083,53.0,10.04616,-2.6,,,,,,,,2CXO J104817.5+123756,1.32317324647e-13,13.681880776079261,162.072930679684,12.6322406929474,,,
NGC3393,162.09765,-25.1619927,0.9726800408113313,0.8491218262308722,12.75,52.82019,1.2,,,,,4XMM J104825.9-251023,1.79048e-14,52.78367049135319,,,,162.10826493034,-25.173068759612,,,
NGC3389,162.1163595,12.5331631,1.339584162409518,0.5915207778625824,103.9000015258789,20.41737,5.3,,,,,,,,2CXO J104826.0+123212,2.24618871763e-14,30.461154975857625,162.108508566548,12.5367494698231,,,
NGC3395,162.4587915,32.9828333,0.799779014307336,0.4435780060189806,40.45000076293945,15.13561,5.8,,,,,,,,2CXO J104949.7+325838,4.31693415648e-14,20.20991780452093,162.457435922218,32.977335809181,,,
NGC3396,162.4794795,32.9908234,1.54870964960829,0.63528705260427,97.47000122070312,26.485,9.3,,,,,,,,2CXO J104953.2+325909,1.22523578006e-14,28.223600749359388,162.472056595446,32.9860591103285,,,
NGC3396,162.4794795,32.9908234,1.54870964960829,0.63528705260427,97.47000122070312,26.485,9.3,,,,,4XMM J104959.2+325918,1.24343e-14,53.054496629258324,2CXO J104959.3+325916,1.53874482878e-14,54.647422593003355,162.497232763297,32.9878759363713,,2.5896676840480573,
PGC032591,162.955881,16.0004586,0.4720304381429616,0.438500410571817,,98.90084,7.9,,,,,,,,2CXO J105148.2+155954,1.0744151076e-15,17.472520666438086,162.951241230496,15.9985443749922,,,
PGC032591,162.955881,16.0004586,0.4720304381429616,0.438500410571817,,98.90084,7.9,,,,,,,,2CXO J105148.9+155951,5.12873047567e-15,11.625875676101934,162.954142279713,15.9976953408937,,,
NGC3432,163.129341,36.6191529,3.7065512065045887,1.039848343551848,33.03,13.86755,8.9,2SXPS J105224.7+363551,5.327e-14,3.9741e-13,108.53820020931617,,,,,,,163.10318,36.59752,,,
PGC032640,163.1192505,45.8892316,0.2611980944995596,0.2118214830247704,86.45999908447266,85.62488,5.7,,,,,,,,2CXO J105228.9+455312,7.02363774843e-15,9.213953584962006,163.120669048156,45.886870300659,,,
NGC3432,163.129341,36.6191529,3.706551206504586,1.039848343551846,33.029998779296875,13.86755,8.9,2SXPS J105233.8+363614,2.45e-13,6.0797e-13,64.16380483277507,,,,2CXO J105233.8+363615,1.41648885185e-13,63.20611309692146,163.141137032763,36.6043676898162,,,0.9834537789119333
NGC3432,163.129341,36.6191529,3.706551206504586,1.039848343551846,33.029998779296875,13.86755,8.9,2SXPS J105233.9+363805,1.795e-13,3.8706e-13,66.43351258376279,,,,2CXO J105234.7+363803,8.35014366158e-14,70.12891160384936,163.144798310798,36.6341726714611,,,9.321502047075278
ESO318-021,163.2748065,-40.3290159,0.792446596230558,0.5635987280877552,126.45999908447266,64.5654,-3.7,,,,,,,,2CXO J105307.9-401939,2.2436029595213e-15,23.33731132076487,163.283088728147,-40.3275468915067,,,
2MASXJ10540084+1648432,163.5034905,16.8119888,0.45182473686115077,0.24097389881256367,87.62,377.74612,-5.0,2SXPS J105359.4+164855,4.902e-15,2.8573e-14,23.65058810533286,,,,,,,163.4976,16.81536,,,
NGC3486,165.1001865,28.9749673,2.9105160888543566,2.060487595486651,80.0,12.58925,5.2,2SXPS J110022.1+285817,8.113e-14,1.3811e-13,27.53654527875827,4XMM J110022.2+285816,9.63434e-14,27.038573485899644,,,,165.09279134667,28.971152237626,1.9260522161806788,,
IC0664,165.188973,10.5532348,0.937497254033712,0.651583389226152,52.869998931884766,148.799,-2.9,,,,,,,,2CXO J110043.3+103307,2.84135634442e-15,29.500672763172087,165.180714629636,10.5521218055791,,,
IC0664,165.188973,10.5532348,0.937497254033712,0.651583389226152,52.869998931884766,148.799,-2.9,,,,,,,,2CXO J110046.4+103249,2.01818798311e-15,27.37204738987057,165.193522568648,10.5470861247684,,,
NGC3495,165.3174825,3.628104,2.327930467614792,0.5023078951391976,19.860000610351562,18.53532,6.2,2SXPS J110113.7+033618,8.895e-14,9.4617e-14,90.90411877636544,,,,2CXO J110113.6+033615,4.64975713179e-14,93.77693443697663,165.306914396544,3.60428556962362,,,2.8732056362221927
NGC3506,165.803991,11.0767452,0.5820630147052458,0.5211587146966523,,94.05892,4.7,,,,,,,,2CXO J110313.0+110417,1.7595735223e-15,18.694434879157207,165.804275358952,11.0715598052312,,,
NGC3506,165.803991,11.0767452,0.5820630147052458,0.5211587146966523,,94.05892,4.7,,,,,,,,2CXO J110313.2+110452,1.28384346937e-15,16.40914147592936,165.805060031174,11.0811809187944,,,
NGC3506,165.803991,11.0767452,0.5820630147052458,0.5211587146966523,,94.05892,4.7,,,,,,,,2CXO J110313.6+110458,6.23131926074e-15,24.336330703855673,165.806821180335,11.0829083762887,,,
NGC3507,165.855792,18.1353333,1.458713507000586,1.253054626516056,93.22000122070312,15.4953,3.1,,,,,,,,2CXO J110325.7+180843,6.02587613712e-14,37.02537891747547,165.857269706109,18.1455218098988,,,
PGC033423,165.975786,40.8500932,0.2978310717645054,0.213289759400796,96.02999877929688,155.02438,10.0,,,,,,,,2CXO J110355.2+405053,1.04067978855e-15,13.188815754834092,165.980013651331,40.8483057815764,,,
NGC3521,166.453122,-0.0347594,4.1588188555133545,2.233417960754815,162.78,13.24342,4.0,2SXPS J110545.7+000016,1.509e-13,3.2171e-13,148.34256883502928,,,,,,,166.44045,0.00445,,,
NGC3521,166.453122,-0.0347594,4.1588188555133545,2.233417960754815,162.78,13.24342,4.0,2SXPS J110547.6-000106,1.469e-13,4.5171e-13,61.16522682546999,,,,,,,166.44868,-0.01836,,,
ESO570-003,166.5667545,-18.2591875,0.5092956940270585,0.15030381513141158,132.25,55.18233,3.3,,,,,4XMM J110615.2-181515,2.26866e-14,21.077420169474586,,,,166.56337830182,-18.254288611136,,,
UGC06203,167.435145,21.7588854,0.69019213230144,0.47420923165044837,38.13999938964844,131.82558,-5.0,,,,,,,,2CXO J110944.7+214605,8.50729901092e-15,33.62121960221644,167.436256923525,21.768167359408,,,
NGC3557,167.4903675,-37.5392254,2.1476821338244383,1.694220780696012,35.060001373291016,40.73801,-4.9,,,,,,,,2CXO J110956.1-373404,5.1032002936e-15,104.78731705529968,167.484048398092,-37.5678986413284,,,
NGC3557,167.4903675,-37.5392254,2.1476821338244383,1.694220780696012,35.060001373291016,40.73801,-4.9,,,,,,,,2CXO J110959.6-373028,1.31089609551e-14,115.22387768598927,167.49837271342,-37.5078547888342,,,
NGC3557,167.4903675,-37.5392254,2.1476821338244383,1.694220780696012,35.060001373291016,40.73801,-4.9,,,,,,,,2CXO J110959.9-373048,3.22363736451e-14,97.04348041685115,167.499830914459,-37.5133347405232,,,
NGC3557,167.4903675,-37.5392254,2.1476821338244383,1.694220780696012,35.060001373291016,40.73801,-4.9,,,,,,,,2CXO J111000.8-373354,7.5612908336e-15,100.48616705656607,167.503658450007,-37.5650729591879,,,
NGC3557,167.4903675,-37.5392254,2.1476821338244383,1.694220780696012,35.060001373291016,40.73801,-4.9,,,,,,,,2CXO J111006.9-373208,6.71657605868e-15,110.39655180667347,167.528802338637,-37.535829293514,,,
PGC1843987,167.599878,28.7210187,0.1402716818975856,0.0933189845417334,79.45999908447266,142.56076,-5.0,,,,,,,,2CXO J111024.4+284319,2.84365844388e-14,7.67943843362387,167.60193146092,28.7221621665653,,,
NGC3556,167.8789005,55.6742681,1.990535852767488,0.82979345371878,79.0,9.54992,5.9,2SXPS J111126.1+554015,2.812e-13,6.8036e-13,42.119990982732205,,,,2CXO J111126.0+554016,1.2605212818e-13,42.9191693319131,167.858440679196,55.6712654421093,,,1.64577428518734
NGC3556,167.8789005,55.6742681,1.9905358527674868,0.8297934537187805,79.0,9.54992,5.9,2SXPS J111141.3+554053,8.327e-14,2.4254e-13,91.85570692221769,,,,,,,167.92225,55.68159,,,
PGC034112,168.1706295,13.4174746,0.4255690191011886,0.1918536227461392,141.60000610351562,152.54572,3.2,,,,,,,,2CXO J111241.2+132508,5.59850200898e-15,7.312185440668226,168.171945512698,13.4190516212365,,,
PGC2163545,168.450852,40.2857243,0.27037716147279056,0.2202774317532768,138.88999938964844,341.1929,-5.0,,,,,,,,2CXO J111349.2+401702,5.92998021141e-15,13.893338812184554,168.455304561765,40.2838920715142,,,
NGC3583,168.545436,48.3184721,1.1193605692841702,0.6309137672953355,126.7,30.47895,3.1,2SXPS J111416.1+481833,8.589e-13,1.1521e-12,62.057203594151396,,,,,,,168.56742,48.30934,,,
NGC3599,168.8622915,18.1103766,1.199416459509745,1.0888548861765792,,19.86095,-2.0,2SXPS J111531.7+180647,2.242e-14,2.2697e-14,68.56676203671714,,,,,,,168.88209,18.11332,,,
NGC3607,169.2276675,18.0518559,2.2959900641843403,2.013585171627294,120.0,22.49055,-3.2,,,,,4XMM J111655.4+180436,3.22025e-14,90.51222504049319,2CXO J111655.4+180436,1.69791658965e-14,90.89179122152508,169.231172697087,18.076882732025,,0.5367142547587056,
NGC3621,169.568658,-32.8140373,4.774962930107179,1.9542044789620097,161.67,6.69884,6.9,2SXPS J111809.8-324650,1.752e-13,2.6294e-13,145.6704915451606,,,,,,,169.54122,-32.78079,,,
NGC3621,169.568658,-32.8140373,4.774962930107178,1.954204478962008,161.6699981689453,6.69884,6.9,,,,,,,,2CXO J111815.1-324840,7.81972716571e-13,19.366012902499968,169.563161767597,-32.8112803800984,,,
NGC3621,169.568658,-32.8140373,4.774962930107179,1.9542044789620097,161.6699981689453,6.69884,6.9,2SXPS J111814.5-324818,5.698e-14,8.6912e-13,40.114225301365686,4XMM J111815.3-324817,3.53474e-13,36.45251372227123,,,,169.56385622956,-32.804750630294,9.512823696963673,,
NGC3621,169.568658,-32.8140373,4.774962930107179,1.9542044789620097,161.6699981689453,6.69884,6.9,,,,,4XMM J111816.0-324910,4.25903e-13,21.152018278647112,,,,169.56680941324,-32.819703749276,,,
NGC3610,169.605291,58.7862361,1.1939056414565878,1.18295984874288,,34.83372,-3.9,,,,,,,,2CXO J111827.2+584655,8.86203483778e-15,21.478551892634947,169.613364014062,58.7819827674974,,,
NGC3613,169.6504965,57.9999533,1.7740669461678775,0.8911893837240449,99.66999816894531,30.06075,-4.5,2SXPS J111829.1+575942,1.086e-13,3.1819e-13,58.21607133893425,4XMM J111828.9+575944,5.98295e-14,58.881645407289625,,,,169.620713465535,57.9956640015585,1.7949577288191594,,
NGC3610,169.605291,58.7862361,1.1939056414565878,1.18295984874288,,34.83372,-3.9,,,,,,,,2CXO J111833.8+584653,1.74517832998e-14,69.21528400849594,169.641248755652,58.7815068241719,,,
NGC3623,169.7329605,13.092309,3.8191789178884563,0.983943144853422,173.3300018310547,12.64736,1.0,,,,,4XMM J111858.4+130530,1.59703e-13,37.667979475645545,2CXO J111858.4+130530,8.94709951888e-14,37.747198996469486,169.743718899812,13.091937731248,,0.6586684838823684,
NGC3627,170.0625345,12.9916041,5.140081490632368,2.3065878728018974,168.15,8.99498,3.1,2SXPS J112013.7+125950,1.677e-13,2.9977e-13,27.28979292219238,,,,,,,170.05746,12.99735,,,
NGC3628,170.0707545,13.5896273,5.520393099510368,1.7217496538166932,103.56,10.47129,3.1,2SXPS J112014.9+133519,0.0,1.7965e-12,30.424837905862667,,,,,,,170.06211,13.58872,,,
NGC3628,170.0707545,13.5896273,5.5203930995103665,1.7217496538166959,103.55999755859375,10.47129,3.1,2SXPS J112015.7+133514,1.641e-12,2.3326e-12,19.974475097980353,4XMM J112015.7+133514,7.64876e-13,19.22522400588301,2CXO J112015.7+133513,2.84693448807e-13,19.83789466531408,170.065694416309,13.5871423859718,1.0246508667664187,0.6644197070892489,
NGC3627,170.0625345,12.9916041,5.140081490632368,2.3065878728018974,168.15,8.99498,3.1,2SXPS J112017.6+130015,2.254e-13,3.0758e-13,59.706764930843065,,,,,,,170.07345,13.00433,,,
NGC3627,170.0625345,12.9916041,5.140081490632368,2.3065878728019,168.14999389648438,8.99498,3.1,2SXPS J112018.2+125900,2.974e-13,4.4157e-13,55.964137617515185,4XMM J112018.3+125901,1.41009e-13,56.156873446280116,2CXO J112018.3+125900,1.15958188095e-13,56.3901399844309,170.076321693749,12.9835497337245,0.8664920879576968,0.3439384720222758,
NGC3628,170.0707545,13.5896273,5.520393099510368,1.7217496538166932,103.56,10.47129,3.1,2SXPS J112019.7+133513,7.665e-14,3.3523e-13,41.92371107001219,,,,,,,170.08247,13.58719,,,
NGC3627,170.0625345,12.9916041,5.140081490632368,2.3065878728018974,168.14999389648438,8.99498,3.1,2SXPS J112020.9+125846,4.863e-13,1.4099e-12,96.82677445858167,4XMM J112020.8+125847,8.5068e-13,95.79135863593166,,,,170.08700096341,12.979787098857,1.0719258972895527,,
NGC3628,170.0707545,13.5896273,5.520393099510368,1.7217496538166932,103.56,10.47129,3.1,2SXPS J112036.3+133433,7.366e-14,1.5427e-13,287.39100824698477,,,,,,,170.15165,13.57585,,,
NGC3628,170.0707545,13.5896273,5.520393099510368,1.7217496538166932,103.55999755859375,10.47129,3.1,,,,,4XMM J112037.3+133429,1.04197e-13,302.1778878194426,,,,170.1557546738,13.574826276744,,,
NGC3631,170.262,53.169556,1.8576761454858601,1.541593975124676,118.0,20.1187,5.1,2SXPS J112054.4+531040,5.549e-13,9.1755e-13,81.7459128989792,4XMM J112054.3+531040,7.42446e-13,82.65440819555347,2CXO J112054.2+531040,2.87903724578e-13,82.90138052789285,170.22624491173,53.177982024347,0.9992270077021271,0.40397537165215963,
NGC3640,170.2787475,3.2348187,2.162569155175044,1.9053291169688638,98.12999725341797,26.91537,-4.7,,,,,,,,2CXO J112103.1+031226,1.4231125187e-14,113.78145573079915,170.263148481797,3.20731641702623,,,
NGC3631,170.262,53.169556,1.857676145485863,1.5415939751246774,118.0,20.1187,5.1,,,,,4XMM J112103.5+531049,3.84348e-14,39.90220006298134,,,,170.264833975293,53.1805090160187,,,
NGC3631,170.262,53.169556,1.8576761454858601,1.541593975124676,118.0,20.1187,5.1,2SXPS J112110.0+531009,3.879e-14,2.1549e-13,64.92752653869186,4XMM J112110.3+531011,1.01291e-13,66.82671636884875,2CXO J112110.2+531011,3.89244155335e-14,66.56458987434202,170.292837252343,53.1699814848141,3.1389347695475824,0.47418353414123515,
NGC3631,170.262,53.169556,1.8576761454858601,1.541593975124676,118.0,20.1187,5.1,2SXPS J112113.1+531047,2.536e-14,2.5055e-14,99.26273209484354,4XMM J112112.7+531045,4.5149e-14,95.57998513332394,2CXO J112112.7+531045,2.50603861913e-14,95.05777894833732,170.302923187502,53.1793319978309,3.743644544037225,0.740178943302413,
PGC034881,170.555343,24.3171434,0.36472875512728437,0.3228271145173278,178.2899932861328,114.13005,-4.4,,,,,,,,2CXO J112213.0+241914,1.83253149839e-15,13.269972038025955,170.554542373939,24.3207565793129,,,
NGC3642,170.5746555,59.0744505,2.1328975940079626,1.8237697346280384,119.93,26.485,4.0,2SXPS J112222.1+590559,6.42e-14,1.7329e-13,96.9457265172702,,,,,,,170.5924,59.09979,,,
NGC3656,170.911245,53.8421255,0.731088587228358,0.4830254394949068,168.0800018310547,45.16479,3.3,,,,,,,,2CXO J112341.7+535031,4.65631902154e-15,27.03935966321941,170.923974735219,53.8421854743087,,,
PGC2311389,171.075897,48.1465735,0.295780817087737,0.12911300953172983,11.76,85.62488,7.0,2SXPS J112418.2+480906,1.651e-14,1.2773e-13,18.78172370038314,,,,,,,171.07602,48.15179,,,
NGC3665,171.181899,38.7627867,2.0275426772419194,1.4995812594938256,29.43000030517578,31.72488,-2.1,,,,,4XMM J112441.3+384357,2.11318e-14,111.6682782803492,,,,171.17248994733,38.732648236886,,,
NGC3665,171.181899,38.7627867,2.0275426772419194,1.4995812594938256,29.43000030517578,31.72488,-2.1,,,,,4XMM J112443.8+384449,9.64435e-15,56.230261323141946,,,,171.18284237359,38.747184517444,,,
NGC3665,171.181899,38.7627867,2.02754267724192,1.499581259493828,29.43000030517578,31.72488,-2.1,,,,,4XMM J112445.0+384623,1.22705e-14,40.561797201572524,2CXO J112445.0+384623,1.11951681941e-14,40.416269379422936,171.187501995786,38.7731286120797,,0.20193212733014784,
NGC3683,171.882672,56.8770213,0.87090343669581,0.35478888398169417,124.33999633789062,32.06268,4.8,,,,,,,,2CXO J112729.0+565301,2.15586890465e-14,33.00390810620356,171.871044461049,56.8836307600286,,,
NGC3683,171.882672,56.8770213,0.87090343669581,0.35478888398169417,124.33999633789062,32.06268,4.8,,,,,,,,2CXO J112733.4+565227,9.08653579842e-15,16.185441295760928,171.889213948146,56.874294815262,,,
UGC06456,171.99858,78.993902,0.4017630610928087,0.20987949199550382,178.56,4.52898,10.0,2SXPS J112803.4+785953,8.031e-13,1.9642e-12,19.25326113864998,,,,,,,172.01437,78.99832,,,
NGC3690,172.1398875,58.5629063,1.2049527143432999,0.939658408401636,40.81999969482422,49.29467,8.5,,,,,,,,2CXO J112826.7+583406,1.08909864609e-14,56.92664287234579,172.111593442803,58.5685907251124,,,
NGC3690,172.1398875,58.5629063,1.2049527143432972,0.939658408401634,40.82,49.29467,8.5,2SXPS J112827.9+583355,1.665e-13,1.011e-12,44.54723738484003,,,,,,,172.11666,58.56543,,,
NGC3690,172.1398875,58.5629063,1.2049527143432999,0.939658408401636,40.81999969482422,49.29467,8.5,,,,,,,,2CXO J112831.1+583326,4.85578504856e-15,27.51038611078371,172.129889225941,58.5573206883909,,,
NGC3690,172.1398875,58.5629063,1.2049527143432999,0.939658408401636,40.81999969482422,49.29467,8.5,,,,,,,,2CXO J112832.2+583318,1.84862329346e-14,30.192890927279034,172.134498448771,58.5550045045236,,,
NGC3690,172.1398875,58.5629063,1.2049527143432999,0.939658408401636,40.81999969482422,49.29467,8.5,,,,,,,,2CXO J112833.2+583402,1.75757985642e-14,16.150416284650024,172.138511497603,58.567334758453,,,
NGC3690,172.1398875,58.5629063,1.2049527143432999,0.939658408401636,40.81999969482422,49.29467,8.5,,,,,,,,2CXO J112833.6+583403,5.80382797902e-15,17.041687016848215,172.140187421341,58.5676375170318,,,
NGC3690,172.1398875,58.5629063,1.2049527143432999,0.939658408401636,40.81999969482422,49.29467,8.5,,,,,,,,2CXO J112834.3+583342,8.3628913403099e-15,7.391069961397306,172.143277998635,58.5618632553748,,,
NGC3690,172.1398875,58.5629063,1.2049527143432999,0.939658408401636,40.81999969482422,49.29467,8.5,,,,,,,,2CXO J112834.5+583330,8.30228744559e-15,17.860844709525296,172.143784903257,58.558380552061,,,
NGC3690,172.1398875,58.5629063,1.2049527143432999,0.939658408401636,40.81999969482422,49.29467,8.5,,,,,,,,2CXO J112837.4+583340,3.84359330809e-15,31.162443876161365,172.156155841531,58.561193849462,,,
UGC06483,172.2598305,17.2319433,0.8452204658216321,0.14353902910123456,67.86000061035156,65.16283,5.8,,,,,4XMM J112903.7+171405,3.88712e-14,21.96056592687734,,,,172.265434056034,17.2348704375081,,,
NGC3717,172.8831525,-30.3077105,3.258141970304214,1.0091831818407806,32.040000915527344,19.23092,3.1,,,,,4XMM J113127.0-301840,3.39139e-14,64.26421269783606,,,,172.862892715067,-30.3112806822992,,,
PGC1100622,172.86975,-2.1407122,0.1900946981602806,0.099763115748444,39.619998931884766,552.3317,3.4,,,,,,,,2CXO J113128.9-020817,2.38087073574e-14,9.123415821995927,172.870445101434,-2.13827496929183,,,
NGC3717,172.8831525,-30.3077105,3.258141970304214,1.0091831818407806,32.040000915527344,19.23092,3.1,,,,,4XMM J113135.0-301855,3.14795e-14,48.96380836851636,,,,172.896208725279,-30.3153226719972,,,
NGC3717,172.8831525,-30.3077105,3.258141970304214,1.0091831818407806,32.040000915527344,19.23092,3.1,,,,,4XMM J113136.4-301639,7.18324e-14,122.38007668452441,,,,172.90180894226,-30.27777521626,,,
PGC035570,173.0162955,57.4392227,0.937497254033712,0.7815738213204779,78.87999725341797,26.485,8.0,,,,,,,,2CXO J113209.8+572615,1.24047226468e-13,48.55094451158579,173.041172353631,57.4376039102349,,,
IC0712,173.7054165,49.077708,1.50997586020101,0.445625469066873,91.23999786376953,149.417,-4.7,,,,,,,,2CXO J113447.7+490443,2.53070645406e-15,15.404795324227084,173.699137172195,49.0788882310762,,,
IC0712,173.7054165,49.077708,1.50997586020101,0.445625469066873,91.23999786376953,149.417,-4.7,,,,,,,,2CXO J113450.6+490435,1.52079593457e-15,13.95534258219628,173.710984942318,49.0763956175719,,,
PGC035845,173.9331675,49.0376433,0.5545874076312006,0.14486717938506602,106.13999938964844,132.61723,3.0,,,,,,,,2CXO J113542.6+490227,4.8984355967e-15,17.555168405081957,173.927606675951,49.040882286465,,,
PGC083477,174.468834,21.7992605,0.4064152580820497,0.33726401384896104,179.77000427246094,127.64388,-1.0,,,,,4XMM J113752.3+214818,1.49209e-14,20.812604587604664,,,,174.46822008081,21.805013610443,,,
PGC083477,174.468834,21.7992605,0.4064152580820497,0.33726401384896104,179.77000427246094,127.64388,-1.0,,,,,4XMM J113752.7+214741,1.01456e-14,15.973347019129545,,,,174.4697603755,21.794907629263,,,
NGC3788,174.935796,31.9312405,0.9976311574844399,0.28904802370285904,178.8000030517578,61.94408,2.3,,,,,4XMM J113944.2+315632,2.56767e-14,40.694828114299256,,,,174.93436131866,31.942478861078,,,
NGC3801,175.0706685,17.7278826,1.156032395087796,0.642643329971808,120.4800033569336,51.64164,-1.7,,,,,,,,2CXO J114020.1+174349,3.79645423336e-15,46.59783448833587,175.083992352072,17.7304282088536,,,
NGC3901,175.704864,77.3730067,0.6838644127979244,0.33340338460681096,166.0,31.76872,6.0,2SXPS J114250.6+772153,8.957e-14,1.8252e-13,29.895796338949967,,,,,,,175.71096,77.36481,,,
UGC06697,175.9543515,19.9685338,0.926765811707406,0.1757802202641492,134.8800048828125,134.27646,9.4,,,,,,,,2CXO J114346.8+195840,1.39896820683e-14,45.34987787145907,175.945312412541,19.9778352604409,,,
NGC3842,176.0090535,19.9497354,1.0689810447511139,0.7446805388554559,177.05999755859375,104.71278,-4.9,,,,,,,,2CXO J114359.8+195648,1.05390524844e-15,34.09241472384752,175.999456086533,19.9468554298421,,,
NGC3842,176.0090535,19.9497354,1.0689810447511139,0.7446805388554559,177.05999755859375,104.71278,-4.9,,,,,,,,2CXO J114400.9+195746,9.31049522363e-16,50.212748783471405,176.004062538979,19.9628707833412,,,
NGC3842,176.0090535,19.9497354,1.0689810447511163,0.7446805388554579,177.05999755859375,104.71278,-4.9,,,,,4XMM J114402.1+195717,1.17894e-14,18.187315671711392,,,,176.00907860115,19.954787377034,,,
NGC3841,176.0090535,19.9718771,0.495415972446384,0.3250648451715456,118.68000030517578,100.92531,-3.3,,,,,,,,2CXO J114402.6+195822,1.39763678188e-15,8.23199878410606,176.011230283705,19.9728985081615,,,
NGC3862,176.2709145,19.6062233,0.546978183136047,0.546978183136047,,91.20105,-4.8,,,,,,,,2CXO J114505.0+193613,2.63829918852e-15,8.797805960896982,176.270979980541,19.6037802436202,,,
NGC3887,176.769021,-16.854625,2.074770213171816,1.552279794064176,9.640000343322754,18.19701,3.9,,,,,,,,2CXO J114705.9-165059,5.01333206479e-14,26.374953011569964,176.774915691876,-16.8499507365798,,,
PGC036871,177.135159,12.7052309,0.4187646410634414,0.1475604613333194,87.79000091552734,68.54883,4.8,,,,,,,,2CXO J114832.9+124227,1.96004147963e-15,11.789680345214574,177.13748761937,12.7075899074567,,,
NGC3894,177.2099205,59.4157878,1.3303625298994022,0.914050108071372,18.25,50.46613,-4.1,,,,,,,,2CXO J114851.2+592500,5.04292066356e-15,7.82970029742459,177.213627848015,59.4168704795179,,,
NGC3894,177.2099205,59.4157878,1.3303625298994022,0.914050108071372,18.25,50.46613,-4.1,,,,,,,,2CXO J114853.5+592556,6.60627463814e-15,63.936561494892715,177.222964824821,59.4322618615035,,,
NGC3898,177.313767,56.0843617,1.73368425226266,1.056744519918324,107.0,20.69188,1.7,,,,,,,,2CXO J114911.9+560509,2.59428283009e-14,28.84079265144284,177.299717059502,56.0860130030005,,,
NGC3923,177.757326,-28.8059533,3.7928878751459183,2.5175030439395236,48.0,20.51162,-4.8,,,,,4XMM J115048.8-285008,2.01697e-14,201.0174885317644,,,,177.70338879036,-28.8356983125497,,,
NGC3923,177.757326,-28.8059533,3.7928878751459183,2.5175030439395236,48.0,20.51162,-4.8,,,,,4XMM J115057.9-284642,2.25958e-14,111.24997597546277,,,,177.741349713256,-28.7784042836183,,,
NGC3923,177.757326,-28.8059533,3.7928878751459183,2.5175030439395236,48.0,20.51162,-4.8,,,,,4XMM J115058.7-284913,2.6749e-14,65.51547849256131,,,,177.744647185281,-28.8203679310571,,,
NGC3923,177.757326,-28.8059533,3.7928878751459165,2.5175030439395223,48.0,20.51162,-4.8,2SXPS J115059.3-285107,4.578e-14,3.6904e-13,168.86895343664418,4XMM J115058.9-285105,2.37246e-14,168.59884641938635,2CXO J115058.8-285105,2.4184664926e-14,168.83691914931092,177.745304038506,-28.8516545741266,5.855056135435325,0.6018955330220924,
NGC3923,177.757326,-28.8059533,3.7928878751459165,2.5175030439395223,48.0,20.51162,-4.8,2SXPS J115106.1-284648,5.029e-14,1.9839e-13,109.51758164142966,4XMM J115106.2-284649,7.57565e-14,108.91138853489188,2CXO J115106.2-284649,4.45176470574e-14,108.75591118914477,177.775912537134,-28.7805107118145,1.6088621604943567,0.15565945426564148,
NGC3923,177.757326,-28.8059533,3.7928878751459165,2.5175030439395223,48.0,20.51162,-4.8,,,,,4XMM J115109.5-284800,5.20511e-14,105.04227631957357,2CXO J115109.5-284800,4.10483142892e-14,104.29930980125062,177.789725292684,-28.8001795298833,,0.744116623683595,
PGC737243,177.95562,-28.8045451,0.4008390316938396,0.14892582147145952,43.900001525878906,387.6145,0.0,,,,,4XMM J115150.0-284806,1.33306e-14,13.594874918795472,,,,177.9586255906,-28.801838760702,,,
NGC3938,178.2058515,44.1207736,2.6975531125756382,2.576143222908782,,14.92107,5.1,2SXPS J115246.4+440755,3.873e-14,1.9306e-13,52.10393000497541,,,,,,,178.19344,44.13218,,,
NGC3938,178.2058515,44.1207736,2.6975531125756382,2.57614322290878,,14.92107,5.1,,,,,,,,2CXO J115246.6+440648,8.32248516659e-14,39.71306658334384,178.194341612163,44.1134652387297,,,
NGC3938,178.2058515,44.1207736,2.6975531125756382,2.576143222908782,,14.92107,5.1,2SXPS J115252.0+440548,3.967e-14,3.9673e-14,91.34377749115387,,,,,,,178.21689,44.09667,,,
NGC3938,178.2058515,44.1207736,2.6975531125756382,2.576143222908782,,14.92107,5.1,2SXPS J115253.9+440613,4.372e-14,1.8769e-13,78.43123303959838,,,,,,,178.22484,44.10378,,,
NGC3938,178.2058515,44.1207736,2.6975531125756382,2.576143222908782,,14.92107,5.1,2SXPS J115255.4+440753,4.561e-14,1.401e-13,75.47167199479092,,,,,,,178.23097,44.13147,,,
NGC3949,178.423842,47.8587682,1.129717885110489,0.666760716081662,116.44,18.53532,4.0,2SXPS J115340.2+475210,3.265e-13,3.2652e-13,41.42793742178637,,,,,,,178.41765,47.8695,,,
NGC3953,178.4542245,52.3266874,3.061751958623867,1.5522797940641777,13.65999984741211,19.23092,4.0,2SXPS J115342.3+521840,3.165e-14,1.8412e-13,82.749258074158,4XMM J115342.3+521840,1.10415e-13,82.4404165250621,,,,178.42636698877,52.311375563302,0.30896552099978175,,
NGC3953,178.4542245,52.3266874,3.061751958623867,1.5522797940641777,13.66,19.23092,4.0,2SXPS J115349.6+522030,4.452e-14,9.6642e-14,54.60366677100168,,,,,,,178.45685,52.34177,,,
PGC037309,178.4642415,-19.6632112,0.35397289219206896,0.1377114351669084,78.0,96.47172,,,,,,,,,2CXO J115350.1-193951,5.21882894475e-15,17.969240528286612,178.459045199828,-19.664196348211,,,
NGC3953,178.4542245,52.3266874,3.061751958623867,1.5522797940641777,13.66,19.23092,4.0,2SXPS J115352.1+522016,8.746e-14,3.0531e-13,49.17810332227455,,,,,,,178.46718,52.33782,,,
NGC3955,178.488138,-23.1641298,2.074770213171816,0.6025179701859,165.4199981689453,20.69188,0.3,,,,,,,,2CXO J115357.7-231002,6.62138429805e-14,14.615296395563272,178.490815529728,-23.1673581633232,,,
NGC3962,178.6670595,-13.9749552,2.0939678255895924,1.506503012093061,10.140000343322754,36.30779,-4.8,2SXPS J115435.7-135805,8.293e-14,6.1542e-13,67.74097248137016,4XMM J115435.8-135804,3.01081e-14,66.34180453191289,,,,178.64948361845,-13.967976867544,2.220720735880242,,
NGC3962,178.6670595,-13.9749552,2.0939678255895924,1.506503012093061,10.140000343322754,36.30779,-4.8,,,,,4XMM J115444.3-135854,1.31696e-14,66.40143344168244,,,,178.68471835151,-13.981779602497,,,
NGC3982,179.1171885,55.1252607,0.9418245447448981,0.82979345371878,24.389999389648438,21.57744,3.2,,,,,,,,2CXO J115627.0+550747,2.8804713433e-14,18.948082276061378,179.112792108719,55.1298850403972,,,
IC2980,179.3760555,-73.6845057,1.0208689723347648,0.644124775846567,40.75,118.41317,-4.8,,,,,4XMM J115736.5-734115,1.91634e-14,28.67651335630856,,,,179.40212290843,-73.6876419019,,,
NGC4013,179.630676,43.9468119,2.437642450516932,0.609494799462432,58.560001373291016,20.6063,3.1,,,,,,,,2CXO J115829.3+435622,1.97965922975e-14,33.71248147811437,179.622405283429,43.9395847614447,,,
PGC3123947,180.043908,3.3684212,0.18965749248684122,0.147900623327577,37.58000183105469,584.2517,-5.0,,,,,,,,2CXO J120009.9+032204,1.49172627887e-14,8.91439225690762,180.041508366955,3.36779406165991,,,
NGC4030,180.0983565,-1.100072,1.9053291169688638,1.339584162409518,21.399999618530273,29.92266,4.0,,,,,,,,2CXO J120022.8-010419,1.72003169522e-14,101.65557501230714,180.095025208743,-1.07203145948443,,,
NGC4030,180.0983565,-1.100072,1.9053291169688638,1.339584162409518,21.399999618530273,29.92266,4.0,,,,,,,,2CXO J120023.5-010626,1.24402769067e-14,26.361160103417127,180.098187070422,-1.10739258480117,,,
NGC4030,180.0983565,-1.100072,1.9053291169688638,1.339584162409518,21.399999618530273,29.92266,4.0,,,,,,,,2CXO J120025.7-010507,2.47283190927e-14,61.81292853204278,180.107425291258,-1.08549102965107,,,
NGC4036,180.361719,61.8957613,2.426442500810605,1.0398483435518477,83.24,23.59391,-2.4,2SXPS J120124.1+615405,8.116e-14,1.8766e-12,28.472570087886954,,,,,,,180.35051,61.90165,,,
ESO171-005,180.400473,-53.3574152,0.5997496515746894,0.48525498362274483,43.47,59.92389,1.7,2SXPS J120132.9-532136,6.673e-14,1.7892e-13,29.701820122394977,,,,,,,180.38735,-53.36001,,,
NGC4039,180.4734345,-18.886422,2.678983287566709,1.364488891404021,,20.6063,8.9,,,,,4XMM J120148.8-185403,2.42979e-14,86.31347036185907,,,,180.453337493879,-18.9010270401448,,,
NGC4038,180.470898,-18.8682165,2.7100044520081195,1.8922129235854666,,22.08004,8.9,,,,,4XMM J120150.0-184953,1.44544e-13,138.69116408728652,,,,180.458375127227,-18.8315593257562,,,
NGC4038,180.470898,-18.8682165,2.7100044520081195,1.8922129235854666,,22.08004,8.9,2SXPS J120151.3-185217,3.51e-13,1.1272e-12,25.94584160735549,4XMM J120151.2-185224,2.16144e-13,30.909840317491362,,,,180.463639529174,-18.8733688370385,7.202663233878438,,
NGC4038,180.470898,-18.8682165,2.7100044520081203,1.8922129235854679,,22.08004,8.9,,,,,,,,2CXO J120151.5-185231,2.23784783816e-14,32.728305961603766,180.464970013307,-18.8753708908271,,,
NGC4038,180.470898,-18.8682165,2.7100044520081195,1.8922129235854666,,22.08004,8.9,2SXPS J120152.0-185132,3.3e-13,6.7058e-13,35.70161050355064,4XMM J120152.0-185132,2.66362e-13,35.36944284720006,,,,180.466950395244,-18.8591295303047,0.35831162690867097,,
NGC4038,180.470898,-18.8682165,2.7100044520081203,1.8922129235854679,,22.08004,8.9,,,,,,,,2CXO J120152.3-185206,3.43107265336e-14,8.818463234711071,180.468316298806,-18.8683962128855,,,
NGC4038,180.470898,-18.8682165,2.7100044520081195,1.8922129235854666,,22.08004,8.9,,,,,4XMM J120152.4-185139,3.91513e-14,27.406969752447626,,,,180.46859760015,-18.860921304567,,,
NGC4038,180.470898,-18.8682165,2.7100044520081195,1.8922129235854666,,22.08004,8.9,2SXPS J120153.6-185234,1.363e-13,5.0695e-12,30.82076607293951,,,,,,,180.47369,-18.87636,,,
NGC4038,180.470898,-18.8682165,2.7100044520081203,1.8922129235854679,,22.08004,8.9,,,,,4XMM J120154.0-185202,5.20817e-14,15.65454250333069,2CXO J120154.2-185201,3.0068732157e-14,18.37894971888233,180.476143840779,-18.867023732593,,2.7835806646450347,
NGC4038,180.470898,-18.8682165,2.7100044520081203,1.8922129235854679,,22.08004,8.9,,,,,,,,2CXO J120154.3-185209,1.74237592498e-14,19.37196077422793,180.476451134026,-18.8693758886641,,,
NGC4038,180.470898,-18.8682165,2.7100044520081203,1.8922129235854679,,22.08004,8.9,2SXPS J120154.4-185255,1.768e-13,4.5064e-13,54.23027413012382,4XMM J120154.8-185252,6.66537e-14,25.418244570062743,2CXO J120154.7-185251,2.29706905888e-14,52.43456021296292,180.478261777569,-18.8810068582923,5.927728637868973,0.696100133313418,
NGC4039,180.4734345,-18.886422,2.678983287566709,1.364488891404021,,20.6063,8.9,2SXPS J120154.7-185337,4.759e-14,2.3397e-13,31.513691086210322,,,,,,,180.47833,-18.89385,,,
NGC4038,180.470898,-18.8682165,2.7100044520081203,1.8922129235854679,,22.08004,8.9,2SXPS J120155.4-185213,1.735e-12,2.2421e-11,35.62961364189599,4XMM J120155.6-185214,1.61123e-13,38.67844240108495,2CXO J120155.6-185214,7.9611094251e-14,38.538535004270976,180.481905024132,-18.8706899399713,3.0578823174274024,0.36562328469245187,
NGC4038,180.470898,-18.8682165,2.7100044520081203,1.8922129235854679,,22.08004,8.9,2SXPS J120156.3-185157,2.026e-13,6.1047e-13,48.063384690035285,4XMM J120156.3-185158,2.03317e-13,48.01507580574736,2CXO J120156.4-185157,9.94916888917e-14,49.140948127286364,180.485117785534,-18.8659204641038,0.8272612113008101,1.593111624131639,
UGC07049,181.0395735,20.1846302,0.5780561210960495,0.0858954193578792,40.20000076293945,112.30523,5.8,,,,,,,,2CXO J120408.7+201052,1.19086922595e-14,16.17161914052723,181.036589001885,20.1811184806869,,,
NGC4080,181.21593,26.9925556,0.6137196155792036,0.29105160888543574,121.1,15.20547,9.2,2SXPS J120450.3+265955,3.595e-14,1.1506e-13,30.244436998066856,,,,,,,181.20966,26.99883,,,
NGC4088,181.391307,50.5388391,2.7413848246042694,1.032690077905265,46.63,13.99587,4.7,2SXPS J120530.3+503218,1.454e-13,2.7286e-13,33.95802392606174,,,,,,,181.37647,50.5386,,,
NGC4096,181.5047595,47.4784538,2.824684874061513,0.7128037968010943,19.99,12.30269,5.3,2SXPS J120601.2+472740,4.499e-14,7.7506e-14,62.0118857986829,,,,,,,181.50512,47.46123,,,
NGC4096,181.5047595,47.4784538,2.824684874061513,0.7128037968010943,19.99,12.30269,5.3,2SXPS J120607.8+473022,1.287e-13,1.8445e-13,120.66250810075398,,,,,,,181.53274,47.50613,,,
NGC4102,181.5981495,52.7109722,1.485833015869014,0.8394020090612819,37.5,19.49845,3.0,,,,,4XMM J120627.3+524303,9.21321e-14,42.18530525890594,2CXO J120627.3+524303,2.96808691774e-14,41.92568656264367,181.613952818063,52.7176038003634,,0.26364049345354074,
NGC4104,181.6622715,28.174268,1.2501726808482179,0.5457201682243782,33.9900016784668,125.19875,-2.1,,,,,,,,2CXO J120637.1+280959,1.0815284236e-14,37.23455425594472,181.654639725436,28.1664122201508,,,
NGC4104,181.6622715,28.174268,1.2501726808482179,0.5457201682243782,33.9900016784668,125.19875,-2.1,,,,,,,,2CXO J120638.5+281053,2.09792142277e-15,27.015684356807167,181.660715943375,28.1816460201066,,,
NGC4125,182.0248725,65.1741769,2.937446762648883,2.2907094335726668,95.0,23.98832,-4.8,,,,,4XMM J120754.4+651040,1.74062e-14,73.73486920930475,,,,181.9768862432,65.177870234908,,,
NGC4125,182.0248725,65.1741769,2.937446762648883,2.2907094335726668,95.0,23.98832,-4.8,2SXPS J120801.6+651008,9.248e-14,1.8664e-13,33.06772301037275,,,,,,,182.00677,65.16902,,,
NGC4125,182.0248725,65.1741769,2.937446762648883,2.2907094335726668,95.0,23.98832,-4.8,,,,,4XMM J120807.1+651149,1.49593e-14,83.31346914703258,,,,182.02995195371,65.197221140732,,,
NGC4125,182.0248725,65.1741769,2.937446762648886,2.290709433572664,95.0,23.98832,-4.8,,,,,,,,2CXO J120807.4+651028,8.17984199599e-14,9.589573102342944,182.031132051387,65.1746112408328,,,
NGC4125,182.0248725,65.1741769,2.937446762648883,2.2907094335726668,95.0,23.98832,-4.8,,,,,4XMM J120817.3+651125,1.74424e-14,92.45096450174867,,,,182.07217480579,65.190465287305,,,
NGC4136,182.323779,29.9276571,1.1721144076599601,1.0888548861765779,,6.67,5.2,,,,,,,,2CXO J120922.1+295559,1.9315971878145e-13,61.595392325526575,182.34243735512,29.9332499492655,,,
NGC4144,182.493648,46.4573312,2.618002182928752,0.5023078951391977,102.73,6.76083,6.1,2SXPS J120957.1+462756,1.764e-13,5.893e-13,32.91195441014522,,,,,,,182.48824,46.46568,,,
NGC4145,182.5062585,39.8839178,2.311905106996302,1.0567445199183236,99.67,12.24616,6.9,2SXPS J121007.3+395149,1.547e-13,3.9106e-13,99.07728080309056,,,,,,,182.53049,39.86363,,,
NGC4144,182.493648,46.4573312,2.618002182928752,0.5023078951391977,102.73,6.76083,6.1,2SXPS J121009.7+462716,1.929e-13,5.2161e-13,116.91801919347475,,,,,,,182.54061,46.45449,,,
NGC4157,182.7680235,50.4849616,3.288289186777103,0.5901603178258649,64.73999786376953,17.06082,3.3,,,,,4XMM J121059.6+502831,1.00305e-13,56.03928157662432,,,,182.74861279668,50.475488184175,,,
NGC4157,182.7680235,50.4849616,3.2882891867771042,0.590160317825865,64.73999786376953,17.06082,3.3,,,,,4XMM J121104.5+502851,2.17588e-13,14.081193312191413,2CXO J121104.5+502850,1.60876772944e-13,15.607078831860367,182.768853686431,50.4806586046224,,1.582248029728894,
NGC4168,183.071931,13.2051931,1.4620761889216678,1.1375487153860353,121.1500015258789,32.2107,-4.9,,,,,4XMM J121213.9+131248,9.38931e-15,57.0983883265737,,,,183.05802022988,13.213448734745,,,
NGC4168,183.071931,13.2051931,1.462076188921668,1.137548715386034,121.1500015258789,32.2107,-4.9,,,,,,,,2CXO J121216.8+131223,1.31779812952e-14,7.67575639978027,183.070145476204,13.206427754618,,,
NGC4173,183.086748,29.2093726,1.1721144076599612,0.25999799826675796,134.44000244140625,12.76439,7.1,,,,,4XMM J121221.1+291219,6.61241e-14,14.8940956850186,,,,183.08819123661,29.205431803453,,,
NGC4178,183.1928955,10.8657101,2.327930467614792,0.622257305885694,31.670000076293945,13.30455,6.9,2SXPS J121244.5+105113,2.95e-13,3.904e-13,50.47721869877478,,,,2CXO J121244.5+105113,1.07747297818e-13,50.356877438864394,183.185442689659,10.8537898649308,,,0.8541990788846191
IC3061,183.7686165,14.0288864,1.1090982099001099,0.20228794584872142,120.22000122070312,40.55087,5.2,,,,,4XMM J121500.6+140219,1.13214e-14,65.74157864631873,,,,183.752716130865,14.0386603037749,,,
IC3061,183.7686165,14.0288864,1.1090982099001099,0.20228794584872142,120.22000122070312,40.55087,5.2,,,,,4XMM J121503.7+140149,4.04238e-14,11.71080272028625,,,,183.765672027407,14.0304425561334,,,
NGC4204,183.8103765,20.6587139,2.02754267724192,2.02754267724192,,8.0,7.8,2SXPS J121511.2+203909,1.326e-13,2.2823e-13,50.83513706352826,,,,2CXO J121510.9+203912,1.37195882624e-13,53.797005108788944,183.795421382878,20.6534710666425,,,5.84535329965699
NGC4217,183.9621975,47.0918971,2.766750546078684,0.7481178280472159,49.75,18.87991,3.0,,,,,,,,2CXO J121549.0+470520,2.76964785176e-14,21.508709376231728,183.954560328564,47.0889544334217,,,
NGC4216,183.976284,13.1493536,3.908139022941648,0.9182691716741761,19.5,13.80384,3.0,,,,,,,,2CXO J121554.6+130821,5.11846786276e-14,36.5598031683013,183.977887047277,13.1393187941934,,,
NGC4236,184.1755,69.46258333333,11.748164104241537,3.427441132263308,161.33,4.40555,8.0,2SXPS J121616.6+693811,1.027e-12,2.4491e-12,640.128802777118,,,,,,,184.06927,69.63648,,,
PGC1259426,184.0728615,3.8400009,0.23119051069963015,0.12704863527746524,24.299999237060547,362.9109,2.1,,,,,4XMM J121617.7+035038,4.93695e-15,15.206903373304472,,,,184.07405138175,3.8440547741223,,,
PGC2601016,184.0824555,60.3490874,0.1914123716584116,0.1629183505010046,15.5600004196167,271.64392,0.8,,,,,,,,2CXO J121618.9+602103,3.04521403794e-15,8.792157354142084,184.079012927651,60.3508379152992,,,
PGC039311,184.145115,60.3647812,0.3419558236407144,0.225927972187461,128.52999877929688,194.35692,2.0,,,,,,,,2CXO J121634.2+602145,6.05724504544e-15,8.29651161397033,184.142898285345,60.362753989753,,,
NGC4224,184.140759,7.4620827,1.4520113272322257,0.5834048085304814,55.36000061035156,52.723,1.0,,,,,4XMM J121638.1+072803,3.3522e-14,68.31185071969139,,,,184.15905093,7.4676614972465,,,
NGC4233,184.282029,7.6243615,1.1721144076599612,0.4897449927043495,176.52999877929688,35.48134,-2.0,,,,,4XMM J121708.6+073817,4.02649e-14,51.80143190857694,,,,184.28600044845,7.6382019232816,,,
NGC4246,184.4921655,7.1859226,1.0689810447511163,0.5432128118085329,84.01000213623047,51.28612,5.1,,,,,4XMM J121756.6+071104,4.65442e-14,22.98750063880509,,,,184.48586863489,7.1846022397873,,,
NGC4258,184.7399355,47.3038816,8.491218262308722,3.622179800374951,150.0,7.31139,4.0,2SXPS J121844.1+471730,1.172e-13,2.8605e-13,143.7163733653562,4XMM J121843.8+471731,2.64644e-13,145.75832974572262,,,,184.682790830196,47.2921602990366,2.577906796983881,,
NGC4258,184.7399355,47.3038816,8.491218262308722,3.622179800374951,150.0,7.31139,4.0,,,,,4XMM J121845.5+472420,1.7943e-13,386.4830244663428,,,,184.689611143336,47.4056808810423,,,
NGC4258,184.7399355,47.3038816,8.491218262308722,3.622179800374951,150.0,7.31139,4.0,,,,,4XMM J121847.6+472054,3.33103e-13,189.80667699739794,,,,184.69860434572,47.34854675237,,,
NGC4258,184.7399355,47.3038816,8.491218262308722,3.622179800374951,150.0,7.31139,4.0,2SXPS J121853.5+471902,2.565e-13,1.073e-12,63.298337945821764,,,,,,,184.72316,47.31729,,,
NGC4254,184.7067315,14.4167921,2.5175030439395236,2.371209926301223,,13.86755,5.2,,,,,4XMM J121853.5+142246,5.19566e-14,145.78004649171893,,,,184.72317569332,14.379561608513,,,
NGC4258,184.7399355,47.3038816,8.491218262308722,3.622179800374951,150.0,7.31139,4.0,2SXPS J121855.5+471913,1.772e-13,3.1951e-13,62.940575896888724,,,,,,,184.73136,47.32037,,,
NGC4254,184.7067315,14.4167921,2.5175030439395223,2.371209926301222,,13.86755,5.2,2SXPS J121856.1+142419,5.391e-13,1.0641e-12,102.90881957295085,4XMM J121856.0+142419,4.7913e-13,102.6870955654133,2CXO J121856.1+142419,3.76330950391e-13,102.77815633792709,184.733766179033,14.405413622365,0.6449097572279344,0.19395657290402524,
NGC4258,184.7399355,47.3038816,8.49121826230872,3.62217980037495,150.0,7.31139,4.0,2SXPS J121857.9+471604,2.285e-13,1.2449e-12,129.07152676933214,4XMM J121857.8+471607,3.17754e-13,126.59004770357652,2CXO J121857.8+471607,2.16684945331e-13,126.44207905030538,184.741078210997,47.2687673547721,2.503242342495569,0.17883859634572674,
NGC4258,184.7399355,47.3038816,8.491218262308722,3.622179800374951,150.0,7.31139,4.0,2SXPS J121900.6+471750,1.721e-13,3.859e-13,39.2141569341272,,,,,,,184.75291,47.29746,,,
NGC4258,184.7399355,47.3038816,8.491218262308722,3.622179800374951,150.0,7.31139,4.0,2SXPS J121903.0+471722,1.664e-13,7.6848e-13,75.6798486517804,,,,,,,184.76253,47.28949,,,
NGC4258,184.7399355,47.3038816,8.491218262308722,3.622179800374951,150.0,7.31139,4.0,2SXPS J121906.2+471748,1.228e-13,5.8399e-13,91.90749516892329,,,,,,,184.7761,47.29679,,,
NGC4261,184.846542,5.8249555,2.123097819731564,1.674827195789138,159.8300018310547,32.35935,-4.8,,,,,4XMM J121916.8+054950,8.66925e-15,97.16721225821881,,,,184.820057657394,5.83081381346521,,,
NGC4261,184.846542,5.8249555,2.123097819731564,1.674827195789138,159.8300018310547,32.35935,-4.8,,,,,4XMM J121920.8+055105,2.32884e-14,101.282066678534,,,,184.83694898722,5.8514213842682,,,
NGC4261,184.846542,5.8249555,2.123097819731564,1.674827195789138,159.8300018310547,32.35935,-4.8,,,,,4XMM J121924.6+055104,2.19799e-14,97.46229337129392,,,,184.852803389804,5.85130204335512,,,
NGC4278,185.028264,29.28064,1.4453399411827381,1.4156959978996921,,15.34617,-4.8,,,,,,,,2CXO J122001.5+291626,5.23234935751e-14,72.335489838703,185.006533921836,29.2739714776221,,,
NGC4291,185.073708,75.3709444,0.96598415850846,0.809040018821532,108.33999633789062,26.30266,-4.8,,,,,,,,2CXO J122019.8+752216,2.02055579202e-14,8.329650213673007,185.082830130517,75.3711584512491,,,
NGC4294,185.324265,11.5106195,1.342672222829254,0.5104697418538401,148.30999755859375,16.51962,5.9,,,,,4XMM J122116.1+113108,4.42831e-13,39.50254707796282,,,,185.317099976621,11.5190523742363,,,
NGC4298,185.3867325,14.6060549,1.2675643152489535,0.6981841805279686,136.55,13.00169,5.1,2SXPS J122136.2+143542,3.926e-14,1.8078e-13,62.90824707306942,,,,,,,185.4009,14.59522,,,
NGC4303,185.478414,4.4737765,3.443261481721381,3.2807263315145274,,12.30835,4.0,2SXPS J122151.9+042805,1.204e-13,3.7966e-13,47.27247908138325,,,,,,,185.46648,4.46822,,,
NGC4303,185.478414,4.4737765,3.443261481721381,3.2807263315145274,,12.30835,4.0,2SXPS J122153.3+042738,4.693e-14,1.236e-13,51.61923045473329,,,,,,,185.47236,4.46077,,,
NGC4303,185.478414,4.4737765,3.443261481721381,3.2807263315145274,,12.30835,4.0,2SXPS J122155.0+042859,1.605e-13,3.1231e-13,34.20020229881414,,,,,,,185.47954,4.48321,,,
NGC4303,185.478414,4.4737765,3.443261481721381,3.2807263315145274,,12.30835,4.0,2SXPS J122156.8+042902,8.494e-14,3.6867e-13,47.47819970693516,,,,,,,185.48682,4.48396,,,
NGC4303,185.478414,4.4737765,3.443261481721381,3.2807263315145274,,12.30835,4.0,2SXPS J122158.2+042811,6.917e-14,1.8048e-13,52.97827730545845,,,,,,,185.49264,4.46985,,,
NGC4303,185.478414,4.4737765,3.443261481721381,3.2807263315145274,,12.30835,4.0,2SXPS J122159.3+042836,7.539e-14,3.4502e-13,68.4195287735766,,,,,,,185.49722,4.47689,,,
NGC4303,185.478414,4.4737765,3.443261481721381,3.2807263315145274,,12.30835,4.0,2SXPS J122201.2+042937,2.073e-14,1.1361e-13,120.23736715926582,,,,,,,185.50522,4.49381,,,
IC3212,185.514114,28.1860084,0.35560675682666454,0.3243172167741192,,113.50108,4.9,,,,,4XMM J122204.3+281109,3.02373e-14,12.41742768940442,,,,185.518026246906,28.1860897196003,,,
NGC4314,185.63331,29.8954364,1.8491408989013314,1.7822556671312213,,17.22662,1.0,,,,,4XMM J122226.9+295405,4.54632e-14,68.67036199300061,,,,185.61248105805,29.901585465515,,,
NGC4321,185.7286665,15.8222492,3.047684486200848,2.7987880074755522,,13.93156,4.0,,,,,,,,2CXO J122247.3+154911,4.62967574597e-14,108.73459616270635,185.697371238972,15.8198640190918,,,
NGC4321,185.7286665,15.8222492,3.047684486200845,2.7987880074755505,,13.93156,4.0,2SXPS J122249.1+154830,4.119e-14,1.2305e-13,96.89487780028753,,,,,,,185.70463,15.80848,,,
NGC4321,185.7286665,15.8222492,3.047684486200848,2.7987880074755522,,13.93156,4.0,,,,,,,,2CXO J122254.1+154912,1.11308060747e-13,13.29406247549992,185.72554804153,15.8200963417786,,,
PGC165114,185.7552,10.5896177,0.180289321510821,0.1078872204576336,123.62000274658203,104.95424,1.5,,,,,,,,2CXO J122301.6+103514,4.05902990998e-15,9.62505301817259,185.756780982249,10.5874421155059,,,
NGC4330,185.82114,11.3678395,1.1454338263838868,0.2978310717645053,59.5,18.87991,6.1,2SXPS J122312.7+112124,4.222e-14,3.923e-14,74.51620060471213,,,,,,,185.8033,11.35677,,,
NGC4365,186.1169205,7.3167467,2.558409177701538,1.8321878732391659,40.25,22.80343,-4.8,,,,,4XMM J122425.6+071745,1.98604e-14,83.323087105899,2CXO J122425.6+071746,2.36931911565e-14,82.26700943718942,186.106860851858,7.29618820527166,,1.0566514852228652,
NGC4365,186.1169205,7.3167467,2.558409177701538,1.8321878732391659,40.25,22.80343,-4.8,,,,,4XMM J122426.4+071653,5.55918e-14,129.5514623194514,2CXO J122426.3+071653,2.94682233956e-14,129.39611727705386,186.109787344307,7.28150659559422,,0.8926161317347557,
NGC4365,186.1169205,7.3167467,2.558409177701538,1.8321878732391659,40.25,22.80343,-4.8,,,,,,,,2CXO J122428.4+071831,1.73913715755e-14,29.71383023689879,186.118540411039,7.30865075622088,,,
NGC4371,186.230853,11.7042332,1.94075182995324,0.9056700463098,96.18000030517578,16.74944,-1.3,,,,,,,,2CXO J122449.2+114151,4.13644008299e-14,92.82554346886343,186.205400993405,11.697622702201,,,
NGC4378,186.3252345,4.9249453,1.0446480654270198,0.9637624565954681,,48.52885,1.0,,,,,4XMM J122515.3+045543,2.70021e-14,42.976199596936354,,,,186.31385159111,4.9286731610958,,,
NGC4388,186.4448235,12.6620998,2.691348912581442,0.644124775846566,91.08000183105469,18.11341,2.8,,,,,4XMM J122539.1+124008,8.18358e-14,114.58435946247363,2CXO J122539.1+124009,3.43309263436e-14,114.45279621088707,186.413078588829,12.6692739166299,,0.5576208802846367,
NGC4395,186.45358333333,33.54691666667,2.0843469173516778,0.6949763156066769,127.81,4.76431,8.8,2SXPS J122549.0+333201,4.35e-15,3.7299e-13,47.76343014368461,,,,,,,186.45423,33.53366,,,
NGC4394,186.4818195,18.214115,1.7457015773929303,1.6709752001305709,,24.69449,3.0,,,,,4XMM J122552.4+181340,2.37898e-14,67.93536783798328,,,,186.468403197112,18.228033103871,,,
NGC4406,186.549081,12.9458098,5.76726628910546,4.216673788821376,127.79000091552734,17.06082,-4.8,,,,,4XMM J122552.6+125600,3.48968e-14,283.18114797329895,,,,186.469351608812,12.9335791039338,,,
NGC4388,186.4448235,12.6620998,2.691348912581442,0.644124775846566,91.08000183105469,18.11341,2.8,,,,,,,,2CXO J122553.5+123957,2.74167830115e-14,100.51581981576935,186.473170079147,12.6659309029524,,,
PGC3088986,186.491772,31.0220285,0.4008390316938396,0.353972892192069,79.2300033569336,271.01917,-5.0,,,,,4XMM J122556.7+310122,9.1059e-14,16.63707085822812,,,,186.48648422381,31.022935952469,,,
NGC4394,186.4818195,18.214115,1.7457015773929303,1.6709752001305709,,24.69449,3.0,,,,,4XMM J122557.4+181131,4.38492e-14,83.0642265576864,,,,186.489217199378,18.1921378273224,,,
NGC4406,186.549081,12.9458098,5.76726628910546,4.216673788821376,127.79000091552734,17.06082,-4.8,,,,,4XMM J122609.3+125557,4.90105e-14,59.015701150288294,,,,186.539111783347,12.9326061474246,,,
NGC4406,186.549081,12.9458098,5.76726628910546,4.216673788821376,127.79000091552734,17.06082,-4.8,,,,,4XMM J122623.3+125455,3.13566e-14,201.24954542095705,,,,186.59729784063,12.915533444659,,,
NGC4414,186.612942,31.2235137,0.9749222998790219,0.561009227150982,162.27999877929688,17.86488,5.2,2SXPS J122625.7+311335,1.952e-13,3.0065e-13,21.254134963167427,,,,2CXO J122625.3+311340,3.61247737333e-14,27.735679634922814,186.605606206333,31.2279864755057,,,6.629483497063548
NGC4414,186.612942,31.2235137,0.9749222998790219,0.561009227150982,162.27999877929688,17.86488,5.2,2SXPS J122628.9+311338,6.281e-13,1.3082e-12,27.84715673741275,,,,2CXO J122629.3+311338,9.30645222352e-14,31.66195337178929,186.622234558777,31.2272828796105,,,4.524991188892626
NGC4414,186.612942,31.2235137,0.9749222998790228,0.5610092271509818,162.27999877929688,17.86488,5.2,,,,,4XMM J122629.7+311301,2.94367e-14,40.93293463897193,,,,186.62388447058,31.217055019449,,,
NGC4411B,186.6966705,8.8845899,0.961545864455082,0.858954193578792,,26.79168,6.2,,,,,,,,2CXO J122648.7+085338,1.6417023058e-14,41.07150220614968,186.703166146712,8.89402248559113,,,
NGC4417,186.7107675,9.5842976,1.5451477162567953,0.5457201682243782,49.33,14.92795,-1.9,2SXPS J122651.2+093525,8.296e-14,2.8875e-13,24.46980516232058,,,,,,,186.71361,9.59049,,,
NGC4434,186.902841,8.1543168,0.7078968899785381,0.68229156829446,,21.4783,-4.7,,,,,4XMM J122738.8+080916,1.52542e-13,32.289994969525985,2CXO J122739.0+080916,4.71012542693e-14,34.46137302686253,186.912505032511,8.15466354654573,,2.1886198584331256,
NGC4449,187.0462605,44.093628,2.3279304676147947,1.3550958159454216,50.85,4.26579,9.8,2SXPS J122811.3+440644,1.954e-13,7.7165e-13,67.63260682241177,,,,,,,187.0473,44.1124,,,
NGC4449,187.0462605,44.093628,2.3279304676147947,1.3550958159454216,50.849998474121094,4.26579,9.8,2SXPS J122817.8+440633,6.565e-13,9.4174e-13,92.10523127215329,4XMM J122817.7+440633,6.26988e-13,91.7266237593659,,,,187.074165380312,44.1093652357059,1.155700291337213,,
NGC4459,187.250178,13.9785204,2.0843469173516778,1.5811388300841902,108.75,15.84893,-1.6,,,,,4XMM J122903.4+135816,6.25274e-14,55.57800825923158,,,,187.264178012421,13.9711874152958,,,
NGC4472,187.444536,7.999724,5.104697418538398,4.187646410634414,156.39999389648438,16.06942,-4.8,,,,,,,,2CXO J122941.0+075744,8.10292036781e-14,158.87666189568998,187.420886282644,7.96231888680542,,,
NGC4472,187.444536,7.999724,5.104697418538399,4.187646410634413,156.39999389648438,16.06942,-4.8,,,,,4XMM J122942.1+080008,4.96215e-14,67.56548247427615,,,,187.425783134414,8.00244215267318,,,
NGC4472,187.444536,7.999724,5.104697418538399,4.187646410634413,156.39999389648438,16.06942,-4.8,,,,,4XMM J122942.2+075701,3.82717e-14,188.9873067370685,,,,187.426130641706,7.95049348571734,,,
NGC4472,187.444536,7.999724,5.104697418538399,4.187646410634413,156.39999389648438,16.06942,-4.8,,,,,4XMM J122943.8+075715,4.28239e-14,168.78521187041972,,,,187.432535653609,7.95437041325766,,,
NGC4472,187.444536,7.999724,5.104697418538398,4.187646410634414,156.39999389648438,16.06942,-4.8,,,,,,,,2CXO J122946.7+080008,9.2490775923862e-14,9.453695799025134,187.444804125716,8.0023365690791,,,
NGC4472,187.444536,7.999724,5.104697418538398,4.187646410634414,156.39999389648438,16.06942,-4.8,,,,,,,,2CXO J122947.1+075954,1.6877606376609e-13,7.853821533655545,187.446402226885,7.99856464890848,,,
NGC4472,187.444536,7.999724,5.104697418538398,4.187646410634414,156.39999389648438,16.06942,-4.8,,,,,,,,2CXO J122947.3+080002,1.4775885162394e-13,10.58939602531022,187.447378891668,8.00057660230431,,,
NGC4472,187.444536,7.999724,5.104697418538399,4.187646410634413,156.39999389648438,16.06942,-4.8,,,,,4XMM J122948.9+075851,1.32167e-13,75.38195717974635,,,,187.454050080908,7.98102396889543,,,
NGC4472,187.444536,7.999724,5.104697418538399,4.187646410634413,156.39999389648438,16.06942,-4.8,,,,,4XMM J122951.6+075959,3.98359e-14,74.00446989139742,,,,187.46529335022,7.999968015071,,,
NGC4472,187.444536,7.999724,5.104697418538399,4.187646410634413,156.39999389648438,16.06942,-4.8,,,,,4XMM J122953.4+075936,7.7397e-14,102.89735330361029,,,,187.47269988449,7.9934701018825,,,
NGC4472,187.444536,7.999724,5.104697418538398,4.187646410634414,156.39999389648438,16.06942,-4.8,,,,,4XMM J122954.3+075612,4.55303e-14,253.47988620577513,2CXO J122954.3+075612,4.13207012467e-14,253.49097718104906,187.476317169137,7.93673573947074,,0.3849800927607011,
NGC4477,187.5091695,13.6364183,1.849140898901334,1.61053439564172,25.68000030517578,19.76969,-1.7,,,,,4XMM J122959.8+133756,2.71784e-14,37.26851384663835,2CXO J122959.9+133757,4.78651874295e-14,35.49218369681082,187.4997486346,13.6327607312,,2.04045903193125,
NGC4477,187.5091695,13.6364183,1.849140898901334,1.61053439564172,25.68000030517578,19.76969,-1.7,,,,,4XMM J122959.8+133756,2.71784e-14,37.26851384663835,2CXO J123000.0+133757,4.78651874295e-14,34.17449728819974,187.5002002933,13.6326581114,,3.0940513725906826,
NGC4477,187.5091695,13.6364183,1.8491408989013314,1.6105343956417175,25.68000030517578,19.76969,-1.7,,,,,4XMM J123000.0+133815,4.65819e-14,31.5997654365822,,,,187.50024311349,13.637758875013,,,
NGC4490,187.651425,41.6439942,3.3571442646297616,0.8240811957627541,133.1,8.91,7.0,2SXPS J123029.1+413929,1.152e-13,6.6388e-13,95.42595900525427,,,,,,,187.62139,41.6581,,,
NGC4485,187.629981,41.7008037,1.0045464063043639,0.668297758273221,1.659999966621399,8.91251,9.7,,,,,4XMM J123030.5+414142,4.90124e-13,21.926473107779245,,,,187.62710715238,41.6951035209005,,,
NGC4490,187.651425,41.6439942,3.3571442646297602,0.824081195762754,133.10000610351562,8.91,7.0,2SXPS J123031.2+413913,2.434e-12,4.2751e-12,66.92011801470218,4XMM J123030.8+413913,8.32126e-13,70.28214010506957,2CXO J123030.7+413911,2.3710559355e-13,71.12194488963863,187.628061736481,41.6532422977311,4.007779145555248,2.263768465845168,
NGC4485,187.629981,41.7008037,1.0045464063043639,0.668297758273221,1.659999966621399,8.91251,9.7,2SXPS J123030.8+414141,6.87e-13,9.8965e-13,21.997844997020817,4XMM J123030.8+414141,4.41307e-13,21.70500741411831,,,,187.628639647869,41.6948582987374,0.38383578912067784,,
NGC4490,187.651425,41.6439942,3.3571442646297602,0.824081195762754,133.10000610351562,8.91,7.0,,,,,4XMM J123031.9+413917,6.777e-13,62.57941352606822,2CXO J123032.1+413918,2.63074945698e-13,61.29067834796507,187.634127993096,41.6550760886918,,2.881704607014523,
NGC4490,187.651425,41.6439942,3.3571442646297616,0.8240811957627541,133.10000610351562,8.91,7.0,,,,,4XMM J123032.4+413923,2.15404e-13,62.421940359596135,,,,187.63536673944,41.656511396817,,,
NGC4490,187.651425,41.6439942,3.3571442646297602,0.824081195762754,133.10000610351562,8.91,7.0,,,,,,,,2CXO J123038.4+413831,1.36300789048e-13,24.37476701086839,187.660158211887,41.6421912852845,,,
NGC4490,187.651425,41.6439942,3.3571442646297602,0.824081195762754,133.10000610351562,8.91,7.0,2SXPS J123043.0+413817,5e-13,1.3156e-12,78.41390623223788,4XMM J123043.1+413818,4.16252e-13,78.76092426130336,2CXO J123043.1+413818,3.31918104989e-13,79.00153511892954,187.679863207581,41.6385250727626,1.5072767486463179,0.24088277719426895,
NGC4486,187.706364,12.3905194,3.5560675682666463,3.334033846068114,,16.51962,-4.3,,,,,,,,2CXO J123044.5+122403,4.86437256563e-14,81.9443806898259,187.685625732641,12.4009052403456,,,
NGC4486,187.706364,12.3905194,3.5560675682666463,3.334033846068114,,16.51962,-4.3,,,,,,,,2CXO J123044.6+122140,4.0399127683229e-14,127.450432854679,187.685897106599,12.3613010259405,,,
NGC4486,187.706364,12.3905194,3.5560675682666463,3.334033846068114,,16.51962,-4.3,,,,,,,,2CXO J123046.1+122328,3.166361435547e-14,48.98637154847518,187.692455101546,12.3913001346725,,,
NGC4486,187.706364,12.3905194,3.5560675682666463,3.334033846068114,,16.51962,-4.3,,,,,,,,2CXO J123046.2+122349,3.3752868871835e-14,53.22421326295551,187.692751588675,12.396986211219,,,
NGC4486,187.706364,12.3905194,3.5560675682666463,3.334033846068114,,16.51962,-4.3,,,,,,,,2CXO J123046.8+122305,3.3936169161306e-14,43.80800816850877,187.695313682972,12.3848987197277,,,
NGC4490,187.651425,41.6439942,3.3571442646297616,0.8240811957627541,133.1,8.91,7.0,2SXPS J123046.9+413649,9.512e-14,5.2954e-13,161.44210952516434,,,,,,,187.69576,41.61378,,,
NGC4486,187.706364,12.3905194,3.5560675682666463,3.334033846068114,,16.51962,-4.3,,,,,,,,2CXO J123049.0+122405,3.5824263549481e-14,40.43075175685885,187.704523058607,12.4016053000391,,,
NGC4486,187.706364,12.3905194,3.5560675682666463,3.334033846068114,,16.51962,-4.3,,,,,,,,2CXO J123050.0+122310,3.1050822902449e-14,17.07482115718785,187.708710386799,12.3863668134422,,,
NGC4486,187.706364,12.3905194,3.5560675682666463,3.334033846068114,,16.51962,-4.3,,,,,,,,2CXO J123050.1+122301,5.3538790275694e-14,26.203884727160588,187.708845077037,12.3836557798527,,,
NGC4486,187.706364,12.3905194,3.5560675682666463,3.334033846068114,,16.51962,-4.3,,,,,,,,2CXO J123050.2+122344,2.1567570212523e-13,21.859706106106962,187.709527301289,12.3957467630558,,,
NGC4486,187.706364,12.3905194,3.5560675682666463,3.334033846068114,,16.51962,-4.3,,,,,,,,2CXO J123050.4+122212,6.40582996441e-14,74.48533592182723,187.710304180269,12.3701901087538,,,
NGC4486,187.706364,12.3905194,3.5560675682666463,3.334033846068114,,16.51962,-4.3,,,,,,,,2CXO J123052.7+122434,3.9566869391283e-14,82.56811361705581,187.719626566834,12.4094470577797,,,
NGC4486,187.706364,12.3905194,3.5560675682666463,3.334033846068114,,16.51962,-4.3,,,,,,,,2CXO J123052.9+122547,4.0378515345783e-14,150.3616203234045,187.720592221484,12.4299072125284,,,
NGC4486,187.706364,12.3905194,3.5560675682666463,3.334033846068114,,16.51962,-4.3,,,,,,,,2CXO J123053.2+122356,3.67251758808e-14,62.703952083572986,187.721868198281,12.3991259950628,,,
NGC4486,187.706364,12.3905194,3.5560675682666463,3.334033846068114,,16.51962,-4.3,,,,,,,,2CXO J123054.9+122538,3.3273921268e-14,154.7236385174777,187.728964144583,12.4273975146655,,,
NGC4492,187.7488785,8.0778443,1.056744519918324,0.937497254033712,64.5,32.67383,1.0,,,,,,,,2CXO J123058.8+080451,3.56619358723e-14,17.313388458215375,187.745293321692,8.0810892218005,,,
NGC4494,187.8501255,25.7749722,2.172551120857854,2.065237509950808,,16.9044,-4.8,,,,,4XMM J123128.5+254457,1.12397e-13,110.55426893021618,2CXO J123128.5+254457,3.53225427866e-14,110.59301335927714,187.869013638803,25.7493915536972,,0.2608572638633734,
NGC4494,187.8501255,25.7749722,2.172551120857854,2.065237509950808,,16.9044,-4.8,,,,,,,,2CXO J123129.5+254622,5.54151553043e-14,75.45455967427056,187.87327500846,25.7727980020788,,,
NGC4501,187.997064,14.4200354,4.324839593878467,2.1876105257912606,138.25,19.95262,3.3,,,,,4XMM J123150.0+142443,2.41926e-14,137.49868511349675,,,,187.95851649889,14.411974601296,,,
NGC4501,187.997064,14.4200354,4.324839593878471,2.187610525791258,138.25,19.95262,3.3,,,,,4XMM J123200.2+142225,3.70382e-14,167.39673272217004,2CXO J123200.3+142224,2.94587698634e-14,167.99541090192153,188.001365980406,14.3735564169184,,1.030796750947425,
NGC4501,187.997064,14.4200354,4.324839593878471,2.187610525791258,138.25,19.95262,3.3,,,,,4XMM J123200.3+142444,4.08507e-14,32.076546608867275,2CXO J123200.3+142442,6.77035264406e-14,33.778776936804995,188.001652064067,14.4117713243776,,1.8433641756304313,
NGC4501,187.997064,14.4200354,4.324839593878467,2.1876105257912606,138.25,19.95262,3.3,,,,,4XMM J123200.6+142436,4.35136e-14,40.606936748335805,,,,188.00282102497,14.410230175655,,,
NGC4501,187.997064,14.4200354,4.324839593878471,2.187610525791258,138.25,19.95262,3.3,,,,,,,,2CXO J123200.9+142502,7.74877660865e-14,25.75260908832006,188.003924175827,14.417384245106,,,
NGC4437,188.1894825,0.1145302,4.507855688029785,0.7095287608445462,84.37000274658203,8.74983,6.0,,,,,4XMM J123242.7+000655,7.563e-13,41.68471905712603,,,,188.17792776153,0.11528109899551,,,
NGC4527,188.5352505,2.653794,3.1475309142859857,0.858954193578792,69.48999786376953,13.36595,4.0,,,,,,,,2CXO J123410.9+023925,1.84347864239e-13,38.88100764693269,188.545577131505,2.65699331455254,,,
NGC4527,188.5352505,2.653794,3.1475309142859857,0.858954193578792,69.48999786376953,13.36595,4.0,2SXPS J123411.4+023927,2.573e-13,7.2799e-13,47.211765374275934,,,,2CXO J123411.4+023928,1.47499354607e-13,47.134182688411094,188.547661432195,2.65800370929727,,,1.6284549464032116
IC3518,188.630391,9.6234219,0.6576124160961192,0.27225132642121064,37.16999816894531,20.69188,10.0,,,,,4XMM J123430.2+093730,4.39488e-14,16.706519474037847,,,,188.62598334494,9.6250503009779,,,
NGC4536,188.612838,2.1879496,3.5397289219206907,1.2734151262925208,120.70999908447266,14.45439,4.3,,,,,4XMM J123431.7+021121,4.82626e-14,70.6050210392944,,,,188.63240963492,2.189419352772,,,
NGC4536,188.612838,2.1879496,3.5397289219206907,1.2734151262925208,120.70999908447266,14.45439,4.3,,,,,4XMM J123432.5+021054,1.15037e-13,84.69235536267772,,,,188.63560013615,2.1819417164191,,,
NGC4552,188.9160405,12.5562424,4.064152580820496,3.999171275035142,,15.84893,-4.6,,,,,4XMM J123529.6+123107,4.53655e-14,201.2329290814786,,,,188.87359001564,12.518726209726,,,
NGC4507,188.902563,-39.9092917,0.685440883082424,0.588802986760404,49.84000015258789,49.29467,1.8,,,,,,,,2CXO J123535.3-395438,5.03082138761e-15,15.549078059514779,188.897258464678,-39.9107407577287,,,
NGC4552,188.9160405,12.5562424,4.0641525808204975,3.9991712750351396,,15.84893,-4.6,,,,,4XMM J123541.1+123451,6.524e-14,91.37084461921773,2CXO J123541.2+123451,4.56272586729e-14,91.06476664250019,188.921751111173,12.5809164565345,,0.6988934590755822,
NGC4559,188.9903415,27.9596837,5.284087546068294,2.4097389881256364,148.33999633789062,7.4131,6.0,2SXPS J123551.8+275604,9.957e-13,1.2906e-12,119.24033473325686,4XMM J123551.7+275604,9.61258e-13,120.20047959230355,2CXO J123551.7+275604,7.86061221767e-13,120.23716716622114,188.965484432568,27.9345174013591,1.7569002479326474,0.0367418185353198,
NGC4559,188.9903415,27.9596837,5.284087546068292,2.4097389881256364,148.34,7.4131,6.0,2SXPS J123557.9+275806,9.691e-14,1.6178e-13,31.80697403601571,,,,,,,188.99128,27.96848,,,
NGC4559,188.9903415,27.9596837,5.284087546068292,2.4097389881256364,148.33999633789062,7.4131,6.0,,,,,4XMM J123558.4+275742,1.05596e-12,12.646467821062865,,,,188.99361985694,27.961672568725,,,
NGC4561,189.0339225,19.3226707,0.659128369278204,0.5623024869834631,61.25,23.7903,7.2,,,,,4XMM J123608.9+191956,1.54328e-13,36.123594297586486,2CXO J123608.9+191955,9.65339315015e-14,35.999087658327085,189.037089961828,19.3322132939382,,0.13092325262571397,
NGC4565,189.086598,25.9875214,8.374714380132179,1.4453399411827381,135.1999969482422,13.42765,3.2,,,,,4XMM J123614.5+260052,1.07833e-13,128.3193663080609,2CXO J123614.5+260053,4.92710030496e-14,128.6784811436516,189.060797565539,26.0147225557825,,0.6328007520416188,
NGC4565,189.086598,25.9875214,8.374714380132179,1.4453399411827381,135.1999969482422,13.42765,3.2,,,,,4XMM J123617.3+255855,1.58188e-13,49.859296999224235,2CXO J123617.4+255855,5.03944210685e-13,49.658130973401406,189.072508104589,25.982057323519,,0.2590851760540363,
NGC4565,189.086598,25.9875214,8.374714380132179,1.4453399411827381,135.1999969482422,13.42765,3.2,,,,,,,,2CXO J123619.0+260026,7.78632440779e-14,75.74729404617631,189.0792269105,26.0074920386174,,,
NGC4569,189.20808,13.1633946,4.560054196779549,1.9097213542002331,22.33,11.85769,2.4,2SXPS J123646.2+131053,1.181e-13,2.397e-13,84.96421423821072,,,,,,,189.19263,13.18158,,,
NGC4569,189.20808,13.1633946,4.560054196779549,1.9097213542002331,22.33,11.85769,2.4,2SXPS J123648.0+130841,5.448e-14,2.0698e-13,72.71054173006782,,,,,,,189.20008,13.14476,,,
NGC4579,189.431379,11.8181349,2.505936168136362,1.9185362274613917,90.22000122070312,16.67248,2.8,,,,,4XMM J123740.3+114727,1.14637e-13,108.05835298721775,2CXO J123740.3+114727,2.36204077533e-13,108.32478377902054,189.417973781835,11.7910564601101,,0.5439391996764845,
NGC4594,189.997701,-11.6230104,4.22639422580145,2.454539380763016,89.30000305175781,11.27198,1.1,2SXPS J123948.7-113713,7.464e-14,2.2272e-13,156.8708114037926,4XMM J123948.5-113713,6.64216e-14,159.76417773370713,,,,189.95246963834,-11.620433686831,2.8943199832999107,,
NGC4596,189.9830865,10.1761628,1.963224676998,1.648048560887292,120.0,28.81376,-0.8,,,,,,,,2CXO J123952.7+101102,2.54418217313e-14,54.61505217610052,189.969989429703,10.1841615375943,,,
NGC4594,189.997701,-11.6230104,4.22639422580145,2.454539380763016,89.3,11.27198,1.1,2SXPS J123953.7-113713,1.14e-13,1.1404e-13,83.52998488849295,,,,,,,189.97417,-11.62034,,,
NGC4596,189.9830865,10.1761628,1.963224676998,1.648048560887292,120.0,28.81376,-0.8,,,,,,,,2CXO J123956.4+101026,1.20399202077e-14,10.805608726530108,189.985083776339,10.1738946009723,,,
NGC4596,189.9830865,10.1761628,1.963224676998,1.648048560887292,120.0,28.81376,-0.8,,,,,,,,2CXO J123956.8+101029,1.21518242216e-14,14.752684786385162,189.987069408087,10.1749691104189,,,
NGC4594,189.997701,-11.6230104,4.22639422580145,2.454539380763016,89.3,11.27198,1.1,2SXPS J123957.5-113724,1.283e-13,1.283e-13,28.642606897417586,,,,,,,189.98959,-11.62344,,,
NGC4594,189.997701,-11.6230104,4.22639422580145,2.454539380763016,89.3,11.27198,1.1,2SXPS J123959.2-113515,1.342e-13,4.2058e-13,127.8454331205524,,,,,,,189.99675,-11.58751,,,
NGC4594,189.997701,-11.6230104,4.22639422580145,2.454539380763016,89.30000305175781,11.27198,1.1,,,,,,,,2CXO J124000.9-113654,8.45432558071e-14,35.60624753833246,190.003810855151,-11.6151358605876,,,
NGC4594,189.997701,-11.6230104,4.22639422580145,2.454539380763016,89.3,11.27198,1.1,2SXPS J124001.5-113718,4.135e-14,1.0164e-12,30.777899492028055,,,,,,,190.00635,-11.62186,,,
NGC4594,189.997701,-11.6230104,4.22639422580145,2.454539380763016,89.30000305175781,11.27198,1.1,,,,,,,,2CXO J124001.8-113615,9.2309365611e-14,75.67525330728878,190.007627557558,-11.6043734691433,,,
NGC4594,189.997701,-11.6230104,4.22639422580145,2.454539380763016,89.30000305175781,11.27198,1.1,,,,,4XMM J124010.2-113639,6.96047e-14,165.2480206328288,,,,190.04290286068,-11.610900224084,,,
IC3639,190.2203085,-36.7559105,0.622257305885694,0.5807243069201712,,46.34469,4.2,,,,,,,,2CXO J124053.6-364512,7.7467993791e-15,12.279849703437241,190.223378412891,-36.753547107255,,,
NGC4618,190.3869855,41.1509388,1.7822556671312215,1.1427994016877154,32.47,6.51628,8.6,2SXPS J124129.3+410756,3.144e-13,3.1436e-13,77.5439986136118,,,,,,,190.3722,41.1325,,,
NGC4631,190.5326625,32.5425167,7.227198853729639,1.0989299363924128,85.6500015258789,7.34514,6.5,2SXPS J124155.7+323214,1.241e-12,1.2406e-12,154.16015890382158,4XMM J124155.6+323216,6.4338e-13,155.2122945752122,,,,190.48181550969,32.537882409094,1.9264633200471306,,
NGC4631,190.5326625,32.5425167,7.227198853729639,1.0989299363924128,85.6500015258789,7.34514,6.5,,,,,4XMM J124157.4+323203,1.64626e-13,134.35197135768377,,,,190.48950522316,32.534206274233,,,
NGC4621,190.509333,11.6472733,2.274940300750242,1.60313466225273,164.6699981689453,15.34617,-4.8,,,,,,,,2CXO J124201.8+113857,4.0189107228719e-14,9.05332863601601,190.507911274232,11.6493674303037,,,
NGC4631,190.5326625,32.5425167,7.227198853729639,1.0989299363924128,85.65,7.34514,6.5,2SXPS J124206.3+323243,2.81e-13,4.1905e-13,21.354112938827964,,,,,,,190.5265,32.54538,,,
NGC4636,190.706964,2.6887035,3.176654659258718,2.3494705430260767,149.74000549316406,15.06607,-4.8,,,,,4XMM J124243.7+024107,5.95512e-14,89.09867518530358,,,,190.68241719223,2.6853385694061,,,
NGC4636,190.706964,2.6887035,3.176654659258718,2.3494705430260767,149.74000549316406,15.06607,-4.8,,,,,4XMM J124248.3+024025,7.4186e-14,57.047943754547134,,,,190.70151958908,2.673819293428,,,
NGC4639,190.718337,13.2572415,1.4353902910123455,0.9418245447449003,138.00999450683594,22.38721,3.6,,,,,4XMM J124248.3+131542,2.09088e-14,60.844119724175044,,,,190.70165837325,13.261943231459,,,
NGC4639,190.718337,13.2572415,1.435390291012344,0.9418245447448981,138.00999450683594,22.38721,3.6,,,,,4XMM J124251.2+131439,4.72813e-14,49.24789656826841,2CXO J124251.2+131439,3.32442906352e-14,49.17009006226455,190.71345586984,13.2444361458838,,0.3401382864290952,
NGC4649,190.9165035,11.5527063,3.388207538053375,2.722513264212106,104.5999984741211,17.37801,-4.6,,,,,4XMM J124333.3+113240,3.33576e-14,101.83836030653923,,,,190.888887376852,11.5444508857271,,,
NGC4649,190.9165035,11.5527063,3.388207538053375,2.722513264212106,104.5999984741211,17.37801,-4.6,,,,,4XMM J124337.2+113144,5.77287e-14,94.12555156012398,,,,190.90537681457,11.528941517563,,,
NGC4649,190.9165035,11.5527063,3.388207538053375,2.722513264212106,104.5999984741211,17.37801,-4.6,,,,,4XMM J124338.3+113525,5.8298e-14,138.2257857778621,,,,190.90982274064,11.590540413374,,,
NGC4649,190.9165035,11.5527063,3.388207538053374,2.7225132642121084,104.5999984741211,17.37801,-4.6,2SXPS J124346.6+113233,4.914e-14,1.0291e-13,105.418666817183,4XMM J124346.9+113235,6.79141e-14,108.76893189344479,2CXO J124346.9+113234,6.06221213785e-14,108.19034507344827,190.945463059303,11.5428003757748,4.556266868040771,1.606605391971332,
NGC4653,190.9622145,-0.5612163,1.1640456288325038,1.0470562279254463,13.76,38.72576,5.9,2SXPS J124350.5-003452,5.752e-14,2.9822e-13,72.59322236324961,,,,,,,190.96078,-0.58133,,,
NGC4660,191.133249,11.1905117,1.047056227925448,0.7869914322331081,100.0,16.67248,-4.6,,,,,,,,2CXO J124427.8+111121,4.77288946665e-14,60.18890261997645,191.11624974147,11.1893126978645,,,
NGC4666,191.2859775,-0.4618785,2.4829616072516805,0.9839431448534224,40.59000015258789,15.48817,5.0,,,,,4XMM J124506.5-002817,4.27794e-14,46.87376992590587,,,,191.27737999858,-0.47165710306023,,,
NGC4666,191.2859775,-0.4618785,2.4829616072516805,0.9839431448534224,40.59000015258789,15.48817,5.0,2SXPS J124508.2-002808,2.112e-13,6.7385e-13,26.549301414878475,4XMM J124507.7-002802,5.73274e-14,23.96903358808464,,,,191.28227368167,-0.46741135278826,9.404016848320675,,
NGC4666,191.2859775,-0.4618785,2.4829616072516805,0.9839431448534224,40.59,15.48817,5.0,2SXPS J124509.7-002720,1.373e-13,2.881e-13,27.87660216858893,,,,,,,191.29051,-0.4556,,,
ESO381-020,191.501643,-33.8381248,0.8569786537542128,0.42361370707029833,135.52,5.47016,9.9,2SXPS J124558.7-335002,2.313e-13,9.4364e-13,25.54384448065075,,,,,,,191.49478,-33.8339,,,
NGC4676A,191.5420575,30.7319684,1.081359261863508,0.632368173735576,179.13999938964844,98.31052,-1.4,,,,,,,,2CXO J124610.3+304422,6.42373644693e-15,27.34876323240166,191.543125602092,30.7395096010759,,,
NGC4689,191.9399205,13.7626332,1.909721354200236,1.4320889849532898,162.61000061035156,15.99558,4.7,,,,,,,,2CXO J124747.7+134617,6.53216600164e-14,44.529571172278246,191.948784223766,13.7715148641352,,,
PGC170203,192.052062,-5.7793333,0.4064152580820497,0.29442182767779457,71.5,97.0957,5.0,,,,,4XMM J124813.5-054653,1.72855e-14,17.92380921908235,,,,192.05656538319,-5.7815044902351,,,
NGC4698,192.0956055,8.4874421,1.9053291169688653,0.776193504979041,169.99000549316406,25.46829,1.6,,,,,4XMM J124820.7+082919,5.38854e-14,33.447242653711655,,,,192.08629973915,8.4887110873161,,,
NGC4698,192.0956055,8.4874421,1.9053291169688653,0.776193504979041,169.99000549316406,25.46829,1.6,,,,,4XMM J124823.0+082803,2.91598e-14,71.026371668296,,,,192.09596176314,8.4677156992404,,,
NGC4697,192.149694,-5.8007715,3.5724816303775677,2.103633141922221,78.95,12.41652,-4.5,2SXPS J124839.5-054810,1.569e-13,1.5339e-13,54.131665166060635,,,,,,,192.16465,-5.80294,,,
NGC4696,192.20532,-41.311071,1.922958910226766,1.276350651330624,88.47000122070312,35.48134,-3.8,,,,,,,,2CXO J124850.9-411855,7.0224068138069e-15,24.357267721595356,192.212219001076,-41.315421312637,,,
NGC4696,192.20532,-41.311071,1.922958910226766,1.276350651330624,88.47000122070312,35.48134,-3.8,,,,,,,,2CXO J124851.7-411907,1.0886140361377e-14,39.15184047358944,192.215545966714,-41.318770639626,,,
NGC4696,192.20532,-41.311071,1.922958910226766,1.276350651330624,88.47000122070312,35.48134,-3.8,,,,,,,,2CXO J124853.4-411912,1.12681729247e-14,57.4170734498986,192.222714583123,-41.3202191038115,,,
NGC4696,192.20532,-41.311071,1.922958910226766,1.276350651330624,88.47000122070312,35.48134,-3.8,,,,,,,,2CXO J124855.3-411902,6.6616442518574e-15,71.6774263101952,192.230519774639,-41.3172492483291,,,
NGC4696,192.20532,-41.311071,1.922958910226766,1.276350651330624,88.47000122070312,35.48134,-3.8,,,,,,,,2CXO J124856.1-411923,9.4182021189063e-15,89.29209659746742,192.234113014506,-41.3232178372584,,,
ESO322-101,192.393933,-41.0548452,0.476398082011826,0.2611980944995599,77.69999694824219,34.3558,-3.2,,,,,4XMM J124936.8-410316,3.68729e-14,25.988159452563085,,,,192.40350117891,-41.05461297194,,,
NGC4750,192.5300415,72.8744722,1.1994164595097438,1.030314956635002,142.0,27.65668,2.4,,,,,,,,2CXO J124955.5+725208,5.54491708169e-14,55.17351220966473,192.481477459123,72.8689659822088,,,
NGC4709,192.516372,-41.3820765,1.5451477162567953,0.7567806242181042,107.81999969482422,38.19442,-4.5,,,,,4XMM J125000.4-412321,9.21969e-15,47.15995705271913,,,,192.501713161929,-41.3891933514533,,,
NGC4709,192.516372,-41.3820765,1.5451477162567953,0.7567806242181042,107.81999969482422,38.19442,-4.5,,,,,4XMM J125002.1-412236,1.67921e-14,27.609871648656252,,,,192.50879566929,-41.376928495295,,,
NGC4750,192.5300415,72.8744722,1.1994164595097438,1.030314956635002,142.0,27.65668,2.4,,,,,,,,2CXO J125015.8+725138,1.88850099178e-14,62.45132647389919,192.566049386199,72.8607453761822,,,
NGC4725,192.610875,25.50075,4.85254983622745,3.5478888398169453,35.7400016784668,12.88249,2.2,,,,,4XMM J125025.7+253129,1.00681e-13,87.36168563803737,,,,192.60722863476,25.524792970593,,,
NGC4725,192.610875,25.50075,4.852549836227448,3.547888839816948,35.7400016784668,12.88249,2.2,,,,,,,,2CXO J125026.3+253319,6.03304923739e-14,196.5499162770441,192.609872642414,25.5553397060935,,,
PGC043458,192.622542,-10.8544028,1.6404764655655955,0.5069556928683399,175.0,31.62278,9.0,2SXPS J125029.4-105154,6.793e-14,2.0434e-13,38.38344192041669,,,,,,,192.62287,-10.86506,,,
PGC043458,192.622542,-10.8544028,1.6404764655655955,0.5069556928683399,175.0,31.62278,9.0,2SXPS J125030.9-105106,1.936e-14,1.9531e-14,24.75182680733182,,,,,,,192.62903,-10.85182,,,
NGC4725,192.610875,25.50075,4.852549836227448,3.547888839816948,35.7400016784668,12.88249,2.2,,,,,4XMM J125036.8+253028,7.27673e-14,141.24766309222517,2CXO J125036.8+253028,5.05934062711e-14,141.47886752248186,192.653698903427,25.5078618142802,,0.5547199933651233,
NGC4736,192.721248,41.1203028,3.8723089890125943,3.3417195878430737,105.0,4.59198,2.3,2SXPS J125048.8+410743,9.983e-14,7.3058e-13,57.0693130041369,4XMM J125048.6+410742,5.7072e-13,58.36397606939749,,,,192.70258239819,41.12837362737,2.468399083294695,,
NGC4736,192.721248,41.1203028,3.8723089890125935,3.341719587843072,105.0,4.59198,2.3,,,,,,,,2CXO J125052.7+410718,4.26014175287e-13,7.32422211148584,192.719643066832,41.1219390952034,,,
ESO507-025,192.882687,-26.4520979,1.309091504109492,1.0689810447511139,98.05000305175781,37.6704,-3.0,,,,,,,,2CXO J125132.8-262656,6.32995260667e-15,17.223915497712472,192.886783306478,-26.4490254222952,,,
NGC4722,192.884958,-13.3300417,0.9884848200559304,0.3467129030082845,32.20000076293945,42.26688,0.0,,,,,4XMM J125133.0-131916,2.01769e-14,33.14319069596624,,,,192.88771173079,-13.321233841287,,,
ESO442-026,193.0552335,-29.840649,1.7059645581096423,0.5648979573363988,10.550000190734863,40.47622,-1.6,,,,,4XMM J125212.3-295102,8.78902e-14,38.559589300137574,,,,193.05137954,-29.850825007228,,,
NGC4758,193.1843325,15.8477655,1.3771143516690831,0.3836807446809094,159.02999877929688,12.07814,9.0,,,,,4XMM J125243.0+155146,1.22001e-13,56.79327559720272,,,,193.17936386201,15.862799950636,,,
ESO323-025,193.160511,-39.0297985,1.0640695229913542,0.644124775846566,93.44999694824219,65.16283,4.6,,,,,,,,2CXO J125243.1-390133,2.31502836419e-14,55.3794989046151,193.1796677082,-39.0259026342,,,
NGC4761,193.2737835,-9.2039135,1.34576740196346,1.044648065427018,,62.28737,-1.6,,,,,,,,2CXO J125303.6-091231,3.77315785541e-15,34.62702849604634,193.265283734234,-9.20861680316543,,,
NGC4759,193.268775,-9.20003,0.981680138418024,0.5394733611149142,,52.23962,-2.0,,,,,,,,2CXO J125303.7-091207,3.49075898287e-15,13.449208253461983,193.265635094312,-9.20211565322218,,,
NGC4760,193.2801255,-10.4942778,1.28816057850129,1.006862124931194,9.579999923706055,58.34456,-4.9,,,,,,,,2CXO J125304.5-102905,7.32195845096e-14,51.52129640240434,193.269094763511,-10.4849410966494,,,
NGC4761,193.2737835,-9.2039135,1.34576740196346,1.044648065427018,,62.28737,-1.6,,,,,,,,2CXO J125305.2-091244,8.90220251946e-15,31.313086269562216,193.271925328409,-9.21241598208118,,,
NGC4761,193.2737835,-9.2039135,1.3457674019634578,1.0446480654270196,,62.28737,-1.6,,,,,4XMM J125306.0-091053,1.24543e-14,80.51115124019663,,,,193.27539124924,-9.1816056775323,,,
NGC4761,193.2737835,-9.2039135,1.34576740196346,1.044648065427018,,62.28737,-1.6,,,,,,,,2CXO J125306.8-091152,2.89512539525e-15,26.995292623851164,193.278431710715,-9.19798248603974,,,
3C277.3,193.550085,27.6260933,0.1749725835141786,0.1202181400003464,159.36000061035156,389.76245,-5.0,,,,,,,,2CXO J125412.1+273726,3.89198420679e-15,7.577028699251867,193.550782922126,27.6240814548808,,,
NGC4782,193.649067,-12.5679456,0.739554194084106,0.4354817949780402,171.10000610351562,65.85671,-4.7,,,,,,,,2CXO J125436.6-123349,2.56157749772e-15,19.96556012828049,193.65269493039,-12.5636772160048,,,
NGC4782,193.649067,-12.5679456,0.739554194084106,0.4354817949780402,171.10000610351562,65.85671,-4.7,,,,,,,,2CXO J125437.4-123417,3.73309181372e-15,28.15179110232871,193.656165878934,-12.5715710895537,,,
UGC08040,193.6814475,58.7764422,0.6854408830824269,0.09726800408113315,56.66,31.47751,4.1,2SXPS J125438.9+584610,1.847e-14,1.0444e-13,43.71043409695093,,,,,,,193.6621,58.7696,,,
UGC08046,193.7665935,58.7911978,0.437491887613718,0.29989553812775466,133.75,41.64856,8.1,2SXPS J125505.1+584708,2.087e-14,2.373e-14,21.935471902800558,,,,,,,193.77137,58.78563,,,
UGC08041,193.8026445,0.116599,1.592098760863062,0.9571279625105399,168.33999633789062,14.52111,6.9,,,,,,,,2CXO J125512.3+000751,5.8414558131e-14,52.3487748372462,193.801292974834,0.131077382509864,,,
ESO269-012,194.1688335,-46.9260278,0.630913767295338,0.5223601096104,10.609999656677246,70.63176,-2.1,,,,,,,,2CXO J125640.9-465547,2.73799655861e-15,14.103091855295357,194.17058835243,-46.9297575176742,,,
PGC044234,194.2522425,-17.3203749,0.4774962930107178,0.3364883281421586,151.0,57.54399,7.8,,,,,,,,2CXO J125700.6-171901,1.16911066357e-14,11.618096848413431,194.252783915577,-17.3171893101383,,,
ESO269-014,194.2790415,-46.8715972,0.7412590425729779,0.2177559368427846,84.06999969482422,70.04869,-2.0,,,,,,,,2CXO J125707.8-465216,6.28509927576e-15,9.083646398737473,194.282682426235,-46.8711834207011,,,
ESO269-014,194.2790415,-46.8715972,0.7412590425729779,0.2177559368427846,84.06999969482422,70.04869,-2.0,,,,,,,,2CXO J125708.2-465213,1.84648041301e-14,13.726974596936307,194.284385602751,-46.8705055975352,,,
PGC1054690,194.2906245,-4.6981944,0.37065512065045875,0.16942207806960127,123.5,203.32932,-1.0,,,,,4XMM J125708.6-044144,2.69165e-14,19.474288873411147,,,,194.28585362622,-4.6956147998273,,,
NGC4839,194.3514645,27.4977009,1.3488697162224605,0.6179737167222554,64.5,104.23175,-3.9,,,,,4XMM J125720.8+272932,5.58913e-14,50.72532679842082,,,,194.33682761308,27.492227074357,,,
PGC044297,194.3516565,-30.386316,0.2728789305456354,0.15920987608630618,177.0,247.05861,-2.0,,,,,,,,2CXO J125723.7-302303,1.65533427067e-14,11.26212901502524,194.348870142709,-30.3843136902852,,,
PGC044364,194.450271,27.883027,0.34195582364071464,0.22697080832510158,71.20999908447266,88.02378,-4.7,,,,,4XMM J125747.1+275247,1.28852e-14,17.173266406997527,,,,194.44636702637,27.879733324815,,,
PGC044532,194.757687,34.860685,1.9053291169688638,0.724385926772382,17.989999771118164,9.95405,9.0,,,,,4XMM J125900.7+345047,1.38184e-13,52.65225803920393,2CXO J125900.8+345047,1.34475247857e-13,52.047092051297525,194.753689207479,34.8466046092333,,1.2568710748302652,
PGC044532,194.757687,34.860685,1.9053291169688638,0.724385926772382,17.989999771118164,9.95405,9.0,,,,,4XMM J125901.7+345114,2.6278e-13,24.25588987585287,2CXO J125901.8+345114,5.18672364123e-13,23.791443357434126,194.757748704848,34.8540764597045,,1.0426093380031891,
IC3976,194.8725135,27.8501534,0.32882891867771036,0.1538048407370352,153.0399932861328,135.39418,-4.2,,,,,,,,2CXO J125928.8+275110,1.02972252383e-14,12.262274331998235,194.870145060487,27.8528398342364,,,
NGC4884,195.0338295,27.9769491,1.294106457576546,0.8394020090612819,80.38999938964844,104.71278,-4.3,,,,,,,,2CXO J130006.5+275914,1.1512563756529e-14,42.984356959351274,195.02725867,27.9873843826289,,,
PGC1788422,195.0882585,26.7886988,0.21825791612008302,0.17946096732250263,84.70999908447266,682.02454,-5.0,,,,,4XMM J130021.9+264725,6.56951e-15,12.770735840912112,,,,195.09165514994,26.790540194228,,,
NGC4896,195.128151,28.346308,0.42459023751815694,0.24152940101988635,5.489999771118164,85.82227,-3.0,,,,,4XMM J130030.3+282108,1.33957e-15,22.148373690549615,,,,195.12636114027,28.352255256415,,,
NGC4900,195.163311,2.5010616,1.0640695229913542,1.009183181840778,,15.4953,5.1,,,,,,,,2CXO J130040.7+023001,3.68739346427e-14,22.987762148402002,195.169674947672,2.50046851469465,,,
PGC044821,195.197523,27.9221576,0.2376676129714026,0.150997586020101,43.13999938964844,105.19622,-1.2,,,,,,,,2CXO J130046.6+275511,7.96296643117e-15,13.018705586392121,195.194330799833,27.9198944506236,,,
NGC4911,195.233622,27.7907396,0.5780561210960495,0.480806139191832,130.1199951171875,119.06935,4.0,,,,,,,,2CXO J130056.6+274729,2.99998768408e-15,8.635342831347504,195.236228861999,27.7913994272696,,,
NGC4911,195.233622,27.7907396,0.5780561210960495,0.480806139191832,130.1199951171875,119.06935,4.0,,,,,,,,2CXO J130056.9+274736,2.87771859553e-15,14.797488718947882,195.237165452681,27.7933983888412,,,
NGC4919,195.3233235,27.8090139,0.5545874076312006,0.29239504207224,142.02999877929688,82.41388,-1.9,,,,,,,,2CXO J130118.8+274821,1.81431723365e-15,19.51878791585251,195.328465782283,27.8060628917094,,,
NGC4922,195.3526185,29.3099067,0.616552416614454,0.590160317825865,,106.21846,-4.1,,,,,,,,2CXO J130126.1+291854,7.40959029907e-15,27.409606381096815,195.358917415945,29.3151795554603,,,
NGC4921,195.3589215,27.8859038,0.981680138418024,0.899435457564396,,95.49926,1.9,,,,,4XMM J130127.0+275221,1.84853e-14,48.89091955155896,2CXO J130126.7+275223,3.58482222035e-15,45.979948764472134,195.361418640543,27.8733237716929,,4.3665821246388905,
UGC08164,195.576084,78.5420556,0.5081243464353478,0.2672821796984858,4.75,100.73955,3.6,2SXPS J130212.6+783212,2.906e-14,3.8209e-13,25.46080836375134,,,,,,,195.55272,78.53672,,,
PGC044990,195.5849505,-15.7666119,0.9637624565954699,0.22180432196571598,71.19000244140625,70.01644,4.9,,,,,,,,2CXO J130219.0-154602,4.07926665151e-15,19.346787127094736,195.579435858259,-15.76745758608,,,
PGC044991,195.615291,-15.779,0.2654422221154944,0.22540835227072978,89.0,70.01644,7.9,,,,,,,,2CXO J130228.7-154641,3.71786886059e-15,15.479738470795048,195.619680646683,-15.7781967909132,,,
ESO443-043,196.0026045,-30.3690417,0.60390691755339,0.4687810034629404,34.88999938964844,51.64164,-2.1,,,,,4XMM J130401.0-302153,5.93876e-14,16.634597970850788,2CXO J130401.0-302153,2.65233718665e-14,15.973094261504908,196.004331573169,-30.3648624384965,,0.878292405454234,
NGC4939,196.059813,-10.3395694,2.857393183359335,1.150720908704254,7.409999847412109,42.07264,4.0,2SXPS J130411.1-102211,2.938e-14,2.4548e-13,119.37640434679963,4XMM J130411.1-102216,9.69053e-14,123.27433666399494,,,,196.04638755761,-10.371163000133,4.296859294391232,,
NGC4939,196.059813,-10.3395694,2.857393183359335,1.150720908704254,7.41,42.07264,4.0,2SXPS J130411.4-101952,7.376e-14,1.5633e-13,52.36561975496946,,,,,,,196.04767,-10.33127,,,
NGC4939,196.059813,-10.3395694,2.857393183359335,1.150720908704254,7.409999847412109,42.07264,4.0,2SXPS J130413.7-102124,1.498e-13,2.917e-13,63.17952701390677,4XMM J130413.7-102127,2.32025e-14,65.12281961870283,,,,196.05749535771,-10.357514820121,2.350860792679444,,
NGC4939,196.059813,-10.3395694,2.857393183359335,1.150720908704254,7.409999847412109,42.07264,4.0,,,,,4XMM J130413.9-102102,1.25838e-14,40.77244113007048,,,,196.05827083579,-10.350793009441,,,
NGC4939,196.059813,-10.3395694,2.8573931833593362,1.150720908704256,7.409999847412109,42.07264,4.0,,,,,,,,2CXO J130414.0-102050,9.16346679403e-15,28.68601759750821,196.058721807638,-10.3474651013025,,,
NGC4939,196.059813,-10.3395694,2.8573931833593362,1.150720908704256,7.409999847412109,42.07264,4.0,,,,,,,,2CXO J130414.9-102005,9.67061032491e-15,19.32501353553952,196.062401847042,-10.3348439651661,,,
NGC4936,196.070742,-30.5262879,1.425509133751956,1.216102004536908,6.090000152587891,43.99466,-4.8,,,,,,,,2CXO J130417.0-303151,1.05639059951e-14,17.015128407705443,196.071175031864,-30.5309995831272,,,
NGC4939,196.059813,-10.3395694,2.8573931833593362,1.150720908704256,7.409999847412109,42.07264,4.0,,,,,,,,2CXO J130418.2-101836,1.08602460484e-14,120.85268392213541,196.076175803,-10.3101106665,,,
NGC4936,196.070742,-30.5262879,1.425509133751956,1.216102004536908,6.090000152587891,43.99466,-4.8,,,,,4XMM J130418.9-303031,1.44958e-14,67.91433405785311,2CXO J130419.1-303031,1.13201963956e-14,68.9927295984418,196.079881424947,-30.5088152446149,,2.5438850740709937,
NGC4956,196.253991,35.1780854,0.779776251413477,0.7585251837296685,,71.21968,-2.3,,,,,4XMM J130500.6+351059,9.97313e-15,19.318085928590694,,,,196.25260037418,35.183329779499,,,
NGC4956,196.253991,35.1780854,0.779776251413477,0.7585251837296685,,71.21968,-2.3,,,,,4XMM J130501.7+351107,3.3915e-14,27.79940216756505,,,,196.25738022208,35.185293495682,,,
NGC4956,196.253991,35.1780854,0.779776251413477,0.7585251837296685,,71.21968,-2.3,,,,,4XMM J130504.2+351103,6.31356e-15,46.453423243390525,,,,196.2678401264,35.184280414842,,,
NGC4945,196.3645,-49.46822222222,11.667290311405011,2.0135851716272954,43.83,3.71535,6.1,2SXPS J130516.1-493011,1.056e-13,9.0787e-13,167.6357962790188,,,,,,,196.3172,-49.50321,,,
NGC4945,196.3645,-49.46822222222,11.667290311405011,2.0135851716272954,43.83,3.71535,6.1,2SXPS J130522.9-492900,3.473e-13,1.0768e-12,70.75016156781149,,,,,,,196.34557,-49.48355,,,
NGC4945,196.3645,-49.46822222222,11.667290311405011,2.0135851716272954,43.83,3.71535,6.1,2SXPS J130532.9-492732,7.848e-13,1.1486e-12,62.95290351309198,,,,,,,196.38736,-49.459,,,
NGC4945,196.3645,-49.46822222222,11.667290311405011,2.0135851716272954,43.83000183105469,3.71535,6.1,2SXPS J130538.2-492545,4.981e-13,8.8277e-13,175.20282093835996,4XMM J130538.0-492544,7.14965e-13,174.64989801313772,,,,196.408615539096,-49.4290941425409,2.181252143730038,,
NGC4976,197.1556755,-49.5062705,2.9105160888543566,1.6367034743941906,160.8800048828125,18.38231,-4.5,,,,,4XMM J130837.0-492810,2.7306e-14,131.84513387380028,,,,197.15443758989,-49.469655681308,,,
NGC4981,197.203041,-6.7774698,1.3644888914040203,0.9953366694935932,154.5,20.9894,4.0,2SXPS J130845.9-064628,9.871e-14,1.983e-13,43.086321153823704,,,,,,,197.19134,-6.7746,,,
PGC045601,197.3122365,8.5317102,0.7378532666379474,0.29714607930778636,10.02,106.21846,3.0,2SXPS J130915.5+083235,5.345e-14,9.1242e-14,42.1155010242594,,,,,,,197.31498,8.54309,,,
UGC08250,197.5838505,32.4827197,0.6606478170932877,0.1380288928110173,12.59000015258789,66.98849,5.9,,,,,4XMM J131019.6+322830,5.71618e-15,27.94177350473,,,,197.58172052428,32.475168943931,,,
ESO443-080,197.7899085,-28.010316,0.6515833892261497,0.2685158981851264,147.12,23.44229,8.5,2SXPS J131108.3-280020,1.855e-13,2.3843e-13,23.277549258500493,,,,,,,197.78478,-28.0057,,,
ESO576-008,198.07878,-19.4459836,0.6636972288648698,0.17497258351417866,150.8000030517578,40.47622,-1.6,,,,,4XMM J131218.1-192630,8.87896e-15,18.45185674987861,,,,198.07558126809,-19.441839587604,,,
NGC5018,198.25419,-19.5182358,1.73368425226266,1.08385205240985,98.80999755859375,34.04082,-4.4,,,,,4XMM J131255.6-193040,4.45327e-14,80.4373476178205,2CXO J131255.6-193039,4.66418820669e-14,80.61983319473661,198.231677115274,-19.5110779188932,,0.40145476079775605,
NGC5018,198.25419,-19.5182358,1.73368425226266,1.08385205240985,98.80999755859375,34.04082,-4.4,,,,,,,,2CXO J131302.0-193105,2.18227501006e-14,14.52178179904947,198.258469619845,-19.5182027354855,,,
NGC5018,198.25419,-19.5182358,1.73368425226266,1.08385205240985,98.80999755859375,34.04082,-4.4,,,,,,,,2CXO J131304.3-193152,7.45071296093e-15,66.28579038709975,198.268086877211,-19.5311770759697,,,
NGC5018,198.25419,-19.5182358,1.7336842522626583,1.0838520524098474,98.80999755859375,34.04082,-4.4,,,,,4XMM J131306.4-193114,1.53304e-14,77.69635211628025,,,,198.27694870321,-19.520615528487,,,
NGC5033,198.364629,36.5937669,4.92005552880567,2.2907094335726703,171.75,19.0546,5.0,,,,,,,,2CXO J131324.7+363503,2.78055577139e-14,47.13139827811389,198.353238879595,36.5843987585299,,,
NGC5033,198.364629,36.5937669,4.92005552880567,2.2907094335726677,171.75,19.0546,5.0,,,,,4XMM J131329.1+363157,2.37156e-14,221.2084473845375,,,,198.37131066252,36.532554920076,,,
NGC5033,198.364629,36.5937669,4.92005552880567,2.2907094335726703,171.75,19.0546,5.0,,,,,,,,2CXO J131329.4+363517,6.1916711441e-14,30.711285065922997,198.372666308952,36.5881872874506,,,
NGC5033,198.364629,36.5937669,4.92005552880567,2.2907094335726703,171.75,19.0546,5.0,,,,,,,,2CXO J131329.6+363523,8.60253962964e-14,29.45597335937819,198.37355819149,36.5898235308407,,,
NGC5022,198.378225,-19.5466187,1.2301838020738138,0.24432617967141662,19.389999389648438,37.84425,3.8,,,,,,,,2CXO J131331.5-193228,1.71819155197e-14,21.887559277756914,198.381264908018,-19.5412560480314,,,
NGC5022,198.378225,-19.5466187,1.2301838020738138,0.24432617967141662,19.389999389648438,37.84425,3.8,,,,,4XMM J131331.3-193237,5.21995e-14,13.492196747339854,2CXO J131331.5-193238,1.2752403553e-14,14.980513441897585,198.381641020993,-19.543981863035,,2.935209263524311,
PGC083808,198.484206,-16.273423,0.4581102450609999,0.21926534888749286,96.0,35.22086,-1.0,,,,,4XMM J131357.4-161636,1.46141e-14,21.131479934576664,,,,198.48927650033,-16.276703926434,,,
PGC046101,198.8219205,44.4070977,0.40923239406739503,0.27859287446596503,90.5199966430664,159.441,0.2,,,,,,,,2CXO J131517.8+442434,3.18836744117e-15,11.097450443846062,198.824339464179,44.4096504372993,,,
NGC5055,198.9553965,42.0292782,5.915207778625824,3.5807170510645077,103.0,8.99498,4.0,2SXPS J131519.4+420301,1.692e-12,6.9139e-12,340.87479027354686,4XMM J131519.5+420301,1.39711e-12,340.4610923432126,2CXO J131519.5+420301,9.37827030642e-13,340.55513152405393,198.831283462319,42.0505496638013,0.4207609496727215,0.3763435161785552,
NGC5047,198.952215,-16.5188428,1.4287952716874734,0.14553585590333026,84.11000061035156,92.25714,-2.0,,,,,4XMM J131544.7-163105,9.22499e-15,54.069559532343675,,,,198.93656046097,-16.518271170593,,,
NGC5055,198.9553965,42.0292782,5.915207778625824,3.5807170510645077,103.0,8.99498,4.0,2SXPS J131546.7+420201,1.374e-13,2.8785e-13,32.80977299657569,4XMM J131546.5+420200,1.06972e-13,33.920801660012,2CXO J131546.6+420201,1.79359019486e-13,33.525848425740314,198.944330555389,42.0336561385639,1.4668575834037536,0.5853134102551698,
NGC5046,198.9379995,-16.3266667,0.5104697418538399,0.42556901910118816,41.5,32.29981,-5.0,,,,,4XMM J131546.8-161939,8.78797e-15,24.92677777801557,,,,198.94512963423,-16.327726035969,,,
NGC5055,198.9553965,42.0292782,5.915207778625824,3.5807170510645103,103.0,8.99498,4.0,2SXPS J131548.9+420123,3.187e-13,6.5072e-13,21.79416187608086,4XMM J131549.4+420128,1.3913e-13,16.748753255144333,,,,198.95618639685,42.024662917507,7.814740449449238,,
NGC5055,198.9553965,42.0292782,5.915207778625824,3.5807170510645103,103.0,8.99498,4.0,2SXPS J131553.1+420213,8.938e-14,2.5749e-13,50.8606083076784,,,,,,,198.97136,42.03696,,,
NGC5055,198.9553965,42.0292782,5.915207778625824,3.5807170510645077,103.0,8.99498,4.0,2SXPS J131601.9+420150,4.224e-14,1.2626e-13,141.3968028388876,,,,2CXO J131602.2+420153,1.22115484023e-13,144.6057829356938,199.009379421368,42.0316546190259,,,4.646893100112311
NGC5061,199.521255,-26.8371305,1.8748650112274179,1.5169455920971355,109.73999786376953,23.76839,-4.3,,,,,4XMM J131758.3-264911,3.15292e-14,109.48636168203407,,,,199.49320555676,-26.819855370099,,,
NGC5068,199.728666,-21.0390236,3.740847502555773,3.3417195878430745,,5.15,6.0,2SXPS J131858.7-210233,2.627e-13,4.7903e-13,55.6302432561524,,,,,,,199.74475,-21.04269,,,
NGC5076,199.8766455,-12.740875,0.672930177027972,0.4874948188586934,30.799999237060547,43.99466,-0.7,,,,,,,,2CXO J131929.5-124421,4.7619293554e-15,13.729093815462196,199.873051046539,-12.7393743074379,,,
NGC5076,199.8766455,-12.740875,0.672930177027972,0.4874948188586934,30.799999237060547,43.99466,-0.7,,,,,,,,2CXO J131932.0-124424,5.87001861161e-15,23.996693597970495,199.883448438194,-12.74024007964,,,
NGC5077,199.881825,-12.6564762,1.327302780987768,1.0374567587274541,5.050000190734863,41.64856,-4.8,,,,,,,,2CXO J131934.7-123944,7.51203126763e-15,50.694184339715505,199.894967793216,-12.6622949555736,,,
NGC5087,200.1041145,-20.6110687,1.475604613333194,1.247297363471478,8.850000381469727,26.30266,-2.9,,,,,4XMM J132022.9-203614,2.2585e-14,38.25013696720086,2CXO J132022.8-203615,1.34262272368e-14,38.81822290118177,200.095171559229,-20.6042715718038,,1.3251115950694685,
PGC2024686,200.1258285,33.1452635,0.24264425008106058,0.11349324259419112,138.6699981689453,82.60379,-5.0,,,,,4XMM J132029.6+330853,1.75695e-14,12.209489289165592,,,,200.12368132717,33.148139341038,,,
IC0883,200.1475065,34.1393251,0.3935228948475492,0.2371209926301222,151.85000610351562,104.37584,9.5,,,,,,,,2CXO J132035.7+340814,4.96445243876e-15,8.05966994358958,200.148858322594,34.1373859471921,,,
NGC5090,200.3035545,-43.7045827,1.741686575180059,1.3644888914040203,104.58000183105469,37.67038,-4.9,,,,,4XMM J132116.2-434140,3.31261e-14,51.360642123142426,,,,200.3176157079,-43.69457279994,,,
PGC046700,200.574708,-16.9066667,0.756780624218104,0.47749629301071794,60.0,99.49471,-3.0,,,,,4XMM J132220.2-165407,6.10788e-14,37.008617482407516,,,,200.58436277684,-16.9021557609721,,,
NGC5127,200.9372775,31.5655548,1.0913649559215006,0.7888056348496741,71.91999816894531,74.19933,-4.8,,,,,4XMM J132343.9+313426,6.0698e-15,33.192421767474244,,,,200.93295832289,31.574008704979,,,
PGC046821,200.990076,-31.6458445,0.4549566363161256,0.3372640138489608,176.75999450683594,188.79922,-4.0,,,,,,,,2CXO J132357.0-313855,1.67839250875e-14,12.438391848540087,200.987866918297,-31.6487429827854,,,
NGC5129,201.041754,13.9765579,0.824081195762754,0.6470979207249961,6.78000020980835,102.56519,-4.9,,,,,,,,2CXO J132408.9+135857,2.67864041911e-15,26.767789495781717,201.037254178002,13.9825761965145,,,
NGC5129,201.041754,13.9765579,0.824081195762754,0.6470979207249961,6.78000020980835,102.56519,-4.9,,,,,,,,2CXO J132409.8+135754,3.81643006562e-15,41.36359353650451,201.041134789982,13.9650837362845,,,
NGC5141,201.2144145,36.378764,0.796104363525588,0.5482390980715925,77.88999938964844,79.61594,-2.2,,,,,,,,2CXO J132455.3+362248,3.0404974414e-15,46.73019538429809,201.230434311557,36.3802292328042,,,
NGC5128,201.367185,-43.0181183,12.792929434528226,9.999309348163719,32.17,3.66438,-2.1,2SXPS J132501.6-431132,4.887e-12,4.8868e-12,690.7796828165632,,,,,,,201.25684,-43.19227,,,
NGC5128,201.367185,-43.0181183,12.792929434528226,9.999309348163719,32.17,3.66438,-2.1,2SXPS J132518.4-430306,1.637e-13,1.0603e-11,160.6461160602481,,,,,,,201.32695,-43.05168,,,
NGC5128,201.367185,-43.0181183,12.792929434528226,9.999309348163719,32.17,3.66438,-2.1,2SXPS J132521.9-430125,0.0,1.6965e-12,70.44649366253763,,,,,,,201.34156,-43.02377,,,
NGC5128,201.367185,-43.0181183,12.792929434528226,9.999309348163719,32.17,3.66438,-2.1,2SXPS J132524.4-430136,0.0,5.5598e-12,50.36867552544952,,,,,,,201.35207,-43.0267,,,
UGC08441,201.3711585,57.821985,1.1323221537965298,0.8550076575451437,70.0,26.485,9.8,2SXPS J132525.9+574934,1.449e-13,1.4487e-13,29.336629767032733,,,,,,,201.35826,57.82637,,,
NGC5128,201.367185,-43.0181183,12.792929434528226,9.999309348163719,32.17,3.66438,-2.1,2SXPS J132526.8-430019,0.0,1.5294e-12,47.803507889613265,,,,,,,201.36183,-43.00543,,,
NGC5128,201.367185,-43.0181183,12.792929434528201,9.99930934816374,32.16999816894531,3.66438,-2.1,,,,,,,,2CXO J132527.0-430110,4.0321504990926e-12,13.117528026470016,201.362665634207,-43.0196541961934,,,
NGC5128,201.367185,-43.0181183,12.792929434528226,9.999309348163719,32.17,3.66438,-2.1,2SXPS J132530.0-430036,0.0,2.57e-12,35.23027136815826,,,,,,,201.37518,-43.01027,,,
NGC5128,201.367185,-43.0181183,12.792929434528226,9.999309348163719,32.17,3.66438,-2.1,2SXPS J132538.4-430205,1.032e-13,7.0294e-13,127.68245520828606,,,,,,,201.41,-43.0348,,,
NGC5128,201.367185,-43.0181183,12.792929434528226,9.999309348163719,32.16999816894531,3.66438,-2.1,,,,,4XMM J132542.2-425943,1.17963e-12,175.3713802337698,,,,201.426147049614,-42.9954472965537,,,
NGC5135,201.433419,-29.8335001,1.196657878202694,1.093880811974778,,58.74894,2.4,,,,,,,,2CXO J132544.6-295004,7.2259998366e-15,9.108004405417377,201.43608569579,-29.8345246217587,,,
NGC5135,201.433419,-29.8335001,1.196657878202694,1.093880811974778,,58.74894,2.4,,,,,,,,2CXO J132544.8-295013,5.09323123526e-15,16.992667295066866,201.436790536783,-29.8372050241072,,,
NGC5135,201.433419,-29.8335001,1.196657878202694,1.093880811974778,,58.74894,2.4,,,,,,,,2CXO J132548.0-294948,6.50793450727e-15,53.60114376405601,201.450104908497,-29.8300119774959,,,
2MASXJ13262223+1236325,201.5925705,12.6090246,0.2897143482134405,0.26851589818512633,,94.05892,-2.0,,,,,4XMM J132621.1+123627,2.34727e-14,17.090107920931718,,,,201.58792474832,12.607616839715,,,
NGC5152,201.9632865,-29.6188132,1.013841359760642,0.5199600829145299,109.55000305175781,83.5603,2.7,,,,,,,,2CXO J132749.5-293718,2.48674537377e-15,23.544086460721896,201.956624782914,-29.62185201006,,,
NGC5152,201.9632865,-29.6188132,1.013841359760642,0.5199600829145299,109.55000305175781,83.5603,2.7,,,,,,,,2CXO J132752.8-293700,4.36797388738e-15,22.40701300094577,201.97002437092,-29.6167084812079,,,
NGC5153,201.976281,-29.6179804,1.221715276346988,0.9439956745481459,16.75,45.08168,-4.9,,,,,,,,2CXO J132754.8-293657,1.55536003088e-14,10.187355327343829,201.978571211285,-29.6159694703988,,,
PGC047293,202.20543,-31.5758415,0.40829118567929623,0.31186741774120963,100.97000122070312,187.9316,-3.5,,,,,4XMM J132848.2-313419,1.73445e-14,19.621242725711156,,,,202.20090789789,-31.571986222916,,,
NGC5194,202.469625,47.19516666667,6.854408830824268,5.834048085304812,163.0,8.4,4.0,2SXPS J132929.1+470713,1.608e-16,1.279e-12,361.00274751697714,,,,,,,202.37153,47.12029,,,
NGC5179,202.3786965,11.7458683,0.5495029197162606,0.3664122665694522,40.310001373291016,109.84998,-3.5,2SXPS J132929.4+114423,4.188e-14,2.2744e-13,29.9101310664978,,,,2CXO J132929.6+114425,1.24748003507e-14,26.627296074649607,202.373743442243,11.7402833921464,,,3.7796289350870023
NGC5204,202.4023995,58.420383,2.24889927446644,1.4124399874578535,5.460000038146973,4.87529,8.9,2SXPS J132938.5+582505,2.019e-12,3.2639e-12,17.00910948188318,4XMM J132938.6+582505,3.00228e-12,17.903898394889634,,,,202.410943396419,58.4182120004506,0.9544280636083775,,
NGC5194,202.469625,47.19516666667,6.85440883082424,5.834048085304812,163.0,8.4,4.0,,,,,,,,2CXO J132939.4+471243,1.1939677138e-13,148.1286605631357,202.414456802675,47.2121443084638,,,
NGC5194,202.469625,47.19516666667,6.854408830824268,5.834048085304812,163.0,8.4,4.0,2SXPS J132939.7+471240,1.249e-13,5.2248e-13,144.64836760372407,4XMM J132939.7+471239,2.76226e-13,143.20865183737038,,,,202.415812490984,47.2108447483272,2.0061559945177025,,
NGC5170,202.453191,-17.9664979,3.980796752086596,0.703023762064956,123.48999786376953,25.58587,4.9,,,,,4XMM J132941.7-175651,1.49687e-13,120.70567399864292,2CXO J132941.7-175651,1.01147292644e-13,121.00304443478849,202.423861952713,-17.9477539995284,,0.3820615665313893,
NGC5194,202.469625,47.19516666667,6.854408830824268,5.834048085304812,163.0,8.4,4.0,2SXPS J132943.2+471134,4.636e-14,1.7479e-13,96.46035300033665,4XMM J132943.2+471134,1.20358e-13,96.34720786551718,,,,202.430377176227,47.1929311432801,0.34912715482878026,,
NGC5194,202.469625,47.19516666667,6.854408830824268,5.834048085304812,163.0,8.4,4.0,2SXPS J132945.2+471058,2.614e-14,1.6369e-13,87.76058843014299,,,,,,,202.43854,47.183,,,
NGC5194,202.469625,47.19516666667,6.854408830824268,5.834048085304812,163.0,8.4,4.0,2SXPS J132948.9+470928,5.225e-14,6.7337e-13,139.2834127677769,,,,,,,202.45412,47.15794,,,
NGC5194,202.469625,47.19516666667,6.854408830824268,5.834048085304812,163.0,8.4,4.0,2SXPS J132950.6+471154,1.549e-13,2.0047e-12,24.46731782250561,,,,,,,202.46095,47.19855,,,
NGC5194,202.469625,47.19516666667,6.854408830824268,5.834048085304812,163.0,8.4,4.0,2SXPS J132951.8+471059,3.206e-14,3.0814e-13,43.84765292202125,,,,,,,202.46585,47.18326,,,
NGC5194,202.469625,47.19516666667,6.85440883082424,5.834048085304812,163.0,8.4,4.0,2SXPS J132953.1+471042,8.474e-14,7.4529e-13,60.51526792209744,4XMM J132953.2+471042,2.6426e-13,60.44862936116884,2CXO J132953.3+471042,1.63791049626e-13,60.235934358815484,202.472220358645,47.178527689813,0.8920211935940472,0.7189041896524531,
NGC5170,202.453191,-17.9664979,3.980796752086596,0.703023762064956,123.48999786376953,25.58587,4.9,,,,,4XMM J132953.6-175916,2.00862e-14,104.54903431067493,2CXO J132953.6-175916,1.65328953976e-14,103.40344858988769,202.473361413473,-17.9878738358329,,1.3694606142085415,
NGC5194,202.469625,47.19516666667,6.85440883082424,5.834048085304812,163.0,8.4,4.0,2SXPS J132953.7+471435,1.393e-13,3.1541e-13,173.06940237670986,,,,2CXO J132953.7+471435,1.18662308706e-13,173.52696985592397,202.473841836729,47.2432834395609,,,0.601573937265468
NGC5170,202.453191,-17.9664979,3.980796752086596,0.703023762064956,123.48999786376953,25.58587,4.9,,,,,,,,2CXO J132956.9-175903,8.06780396319e-14,132.61037746210593,202.487160110693,-17.9841869450808,,,
NGC5194,202.469625,47.19516666667,6.854408830824268,5.834048085304812,163.0,8.4,4.0,2SXPS J132957.5+471048,5.758e-14,7.9055e-13,73.17382270611986,,,,,,,202.48983,47.18018,,,
NGC5195,202.497309,47.2660603,2.747704369288123,2.177559368427843,79.0,7.31139,0.6,2SXPS J132958.9+471632,1.357e-13,3.381e-13,34.53922407024825,,,,,,,202.49555,47.27558,,,
NGC5194,202.469625,47.19516666667,6.85440883082424,5.834048085304812,163.0,8.4,4.0,,,,,,,,2CXO J132959.0+471318,1.99560825302e-13,115.75559627553724,202.496127673918,47.221807845238,,,
NGC5194,202.469625,47.19516666667,6.85440883082424,5.834048085304812,163.0,8.4,4.0,2SXPS J133001.0+471344,3.373e-13,1.3963e-12,148.5256780616275,4XMM J133000.9+471343,1.09232e-12,147.52865167584878,2CXO J133001.0+471343,4.74148802315e-13,147.95676241214863,202.504216858889,47.2288859355433,1.2689785978528036,0.4953072020413869,
NGC5195,202.497309,47.2660603,2.747704369288123,2.177559368427843,79.0,7.31139,0.6,2SXPS J133003.8+471612,3.531e-14,3.0633e-13,47.635944441574054,4XMM J133003.7+471611,2.86371e-13,46.61148925188973,,,,202.515592219859,47.269764472467,1.6137109815139798,,
NGC5194,202.469625,47.19516666667,6.854408830824268,5.834048085304812,163.0,8.4,4.0,2SXPS J133004.1+471319,6.391e-14,1.8786e-13,151.63417388305405,,,,,,,202.51743,47.22199,,,
NGC5195,202.497309,47.2660603,2.747704369288123,2.177559368427843,79.0,7.31139,0.6,2SXPS J133004.2+471557,3.206e-14,2.4042e-13,49.69573638655358,,,,,,,202.51765,47.26589,,,
NGC5194,202.469625,47.19516666667,6.854408830824268,5.834048085304812,163.0,8.4,4.0,2SXPS J133005.0+471011,8.033e-14,5.4846e-13,155.19951278318715,4XMM J133004.7+471008,2.59405e-13,154.747957669627,,,,202.519741871485,47.1689470167418,4.066521418750583,,
NGC5195,202.497309,47.2660603,2.747704369288123,2.177559368427843,79.0,7.31139,0.6,2SXPS J133006.0+471542,9.02e-14,2.9223e-13,69.88404535013751,,,,,,,202.52524,47.26187,,,
NGC5194,202.469625,47.19516666667,6.854408830824268,5.834048085304812,163.0,8.4,4.0,2SXPS J133007.5+471106,5.616e-13,1.5412e-12,155.91442826136685,4XMM J133007.5+471106,8.92981e-13,155.15098077373597,,,,202.531284596974,47.1850856346662,0.7737390905379277,,
NGC5198,202.547541,46.6708056,1.013841359760642,0.841337030535234,15.0,39.90249,-4.8,,,,,,,,2CXO J133008.3+463943,5.85421496422e-15,44.556317718055205,202.534605293436,46.6621810962079,,,
PGC047440,202.5455745,-2.1037763,0.3235713078742914,0.1614247060856316,98.69000244140625,389.76245,-5.0,,,,,,,,2CXO J133011.3-020608,3.62374516054e-15,8.018625303133208,202.547354480431,-2.10243569225025,,,
PGC1105521,202.6782645,-1.9560303,0.3104345171150316,0.06545909614997039,101.5199966430664,94.6673,,,,,,,,,2CXO J133043.7-015723,2.03308707223e-14,14.860942675962265,202.682346470735,-1.95666089073693,,,
PGC047508,202.7451465,11.2218512,0.2660541296333971,0.195420447896201,65.33000183105469,363.58002,3.8,,,,,4XMM J133059.4+111330,5.37912e-15,14.482650752754765,,,,202.7475292347,11.22512562372,,,
ESO444-072,203.39469,-31.6722977,1.020868972334766,0.546978183136047,84.87000274658203,231.20645,-2.1,,,,,,,,2CXO J133333.1-314004,9.1939067435e-15,24.935672145881536,203.388296139293,-31.6680122403101,,,
PGC099489,203.4495555,-31.5559973,0.2238566520881814,0.1538048407370352,1.090000033378601,281.8383,-5.0,,,,,,,,2CXO J133347.4-313313,5.02447224803e-15,9.87780643007402,203.447593502704,-31.5538216621629,,,
ESO383-025,203.6943015,-34.3119106,0.6870209875062575,0.5997496515746894,28.860000610351562,55.79561,-1.0,,,,,4XMM J133446.4-341907,8.12841e-15,24.467596331748677,,,,203.69356647431,-34.318679986369,,,
IC4296,204.1629195,-33.9658215,2.3012828679067803,1.2077304172224719,45.72999954223633,52.02355,-4.9,,,,,,,,2CXO J133638.9-335737,6.2483527786689e-14,19.715834627972608,204.162378771723,-33.9603632730498,,,
IC4296,204.1629195,-33.9658215,2.3012828679067803,1.2077304172224719,45.72999954223633,52.02355,-4.9,,,,,,,,2CXO J133639.4-335713,5.83836908379e-15,43.93099095623159,204.164283270751,-33.9536709857239,,,
IC4296,204.1629195,-33.9658215,2.3012828679067803,1.2077304172224719,45.72999954223633,52.02355,-4.9,,,,,,,,2CXO J133640.0-335824,3.10563701263e-15,29.62534115287459,204.166953270743,-33.973340104477,,,
IC4296,204.1629195,-33.9658215,2.3012828679067803,1.2077304172224719,45.72999954223633,52.02355,-4.9,,,,,,,,2CXO J133643.8-335751,3.60408096058e-15,58.79129858303692,204.182537452518,-33.9644203166591,,,
IC4296,204.1629195,-33.9658215,2.3012828679067803,1.2077304172224719,45.72999954223633,52.02355,-4.9,,,,,,,,2CXO J133644.1-335707,3.92745057318e-15,79.31973725520334,204.183796623661,-33.9521975708767,,,
NGC5236,204.25395833333,-29.86541666667,6.807223412329748,6.576124160961189,,4.65586,5.0,2SXPS J133654.4-295351,5.664e-14,4.6962e-13,143.40338606063997,,,,,,,204.22687,-29.89759,,,
NGC5236,204.25395833333,-29.86541666667,6.807223412329748,6.576124160961189,,4.65586,5.0,2SXPS J133658.5-295151,8.155e-14,4.1916e-13,31.998332128799255,,,,,,,204.24379,-29.8643,,,
NGC5236,204.25395833333,-29.86541666667,6.807223412329748,6.576124160961189,,4.65586,5.0,2SXPS J133700.0-295002,2.407e-13,6.1604e-13,114.08194272767115,4XMM J133659.4-294958,5.49653e-13,118.31479232256456,,,,204.247633690231,-29.833012487431,8.179866175303388,,
NGC5236,204.25395833333,-29.86541666667,6.807223412329748,6.576124160961189,,4.65586,5.0,2SXPS J133704.9-295204,1.278e-12,2.7846e-12,53.35692814953651,4XMM J133705.1-295206,1.19573e-12,55.8371361197774,,,,204.271463124876,-29.8686012348174,3.273095800387157,,
NGC5236,204.25395833333,-29.86541666667,6.807223412329748,6.576124160961189,,4.65586,5.0,2SXPS J133707.7-295103,2.823e-13,5.146e-13,101.95352558620132,,,,,,,204.28212,-29.85108,,,
NGC5236,204.25395833333,-29.86541666667,6.807223412329748,6.576124160961189,,4.65586,5.0,2SXPS J133720.4-295350,5.888e-13,1.1532e-12,278.69326448892195,4XMM J133719.8-295348,1.08913e-12,270.04657552112633,,,,204.332552189032,-29.8967712078305,8.727645316759792,,
NGC5248,204.3834195,8.885176,2.036901389020566,1.1911597346793479,119.55000305175781,13.55189,4.0,,,,,4XMM J133730.1+085232,6.51679e-14,44.07011407386094,2CXO J133730.1+085233,7.49684238996e-14,43.46827551335786,204.37553923934,8.87594694468782,,0.7499123084017273,
NGC5247,204.512997,-17.8840462,2.660541296333971,2.1182148302477057,179.78,20.10944,4.1,2SXPS J133803.0-175112,1.135e-13,5.292e-13,110.21931957884962,,,,,,,204.51286,-17.85343,,,
NGC5247,204.512997,-17.8840462,2.66054129633397,2.118214830247704,179.77999877929688,20.10944,4.1,2SXPS J133805.0-175411,4.495e-14,2.8951e-13,73.91160511455814,,,,2CXO J133804.7-175415,5.33463210299e-14,76.11580721684034,204.519795106175,-17.9041754579705,,,5.559968867500631
NGC5247,204.512997,-17.8840462,2.66054129633397,2.118214830247704,179.77999877929688,20.10944,4.1,,,,,,,,2CXO J133806.1-175250,4.01882583273e-14,45.673843973322,204.525831702539,-17.8806159076351,,,
NGC5247,204.512997,-17.8840462,2.66054129633397,2.118214830247704,179.77999877929688,20.10944,4.1,2SXPS J133807.6-175343,2.966e-13,4.6515e-13,76.76384496363491,,,,2CXO J133807.5-175343,1.78935190687e-13,75.56989099573752,204.531620385473,-17.8952954738114,,,1.2149352061420846
PGC048179,204.543,-9.8018333,1.0964024676752242,0.8769402509208806,81.2699966430664,19.5344,8.9,,,,,4XMM J133810.6-094728,3.87861e-14,38.82895452555418,,,,204.544315448662,-9.79112565696288,,,
NGC5252,204.56604,4.5425601,0.6456096368067661,0.37667778186685863,11.210000038146973,102.56519,-2.0,,,,,,,,2CXO J133815.6+043255,1.22821150627e-14,22.53512267214551,204.565147598619,4.54875632230409,,,
NGC5252,204.56604,4.5425601,0.6456096368067661,0.37667778186685863,11.210000038146973,102.56519,-2.0,,,,,,,,2CXO J133816.3+043241,1.844090081e-15,10.570131663287139,204.567936852312,4.54480631786647,,,
NGC5252,204.56604,4.5425601,0.6456096368067661,0.37667778186685863,11.210000038146973,102.56519,-2.0,,,,,,,,2CXO J133816.8+043213,1.72817203934e-15,25.01073096496851,204.570267835426,4.53703704747162,,,
PGC702439,204.8369055,-31.6775933,0.440524436504007,0.24208618379204938,89.33000183105469,168.26741,5.0,,,,,,,,2CXO J133919.2-314042,1.51051711277e-14,20.177316641489554,204.830395511358,-31.6784426415564,,,
NGC5257,204.9700155,0.8399433,0.7412590425729779,0.38456522014330496,85.12999725341797,100.13825,3.2,,,,,,,,2CXO J133950.4+005019,4.75980475698e-15,34.78759283299375,204.96041480145,0.838836866995013,,,
NGC5257,204.9700155,0.8399433,0.7412590425729779,0.38456522014330496,85.12999725341797,100.13825,3.2,,,,,,,,2CXO J133953.5+005030,2.51653802535e-14,12.219624097010755,204.97293444012,0.841676264948708,,,
NGC5258,204.99027,0.8308395,0.739554194084106,0.620826153796206,177.91000366210938,100.13825,3.2,,,,,,,,2CXO J133955.9+004959,1.88235957872e-14,27.315499883707563,204.983078917018,0.833262616515375,,,
NGC5258,204.99027,0.8308395,0.739554194084106,0.620826153796206,177.91000366210938,100.13825,3.2,,,,,,,,2CXO J133957.0+004938,2.47405653836e-15,15.271988868575,204.987797139687,0.82739237577141,,,
NGC5258,204.99027,0.8308395,0.739554194084106,0.620826153796206,177.91000366210938,100.13825,3.2,,,,,,,,2CXO J133959.2+004938,1.85894946368e-15,26.3299936819121,204.996724253033,0.827397947227798,,,
2MASXJ13411534+3022181,205.313931,30.3718176,0.32357130787429167,0.25349535413735225,111.47000122070312,179.63873,1.0,,,,,4XMM J134114.5+302230,2.60917e-14,15.460655267461712,,,,205.310660514923,30.375055247499,,,
ESO325-004,205.8883095,-38.1759864,0.7294071301376741,0.5357596526188031,63.099998474121094,127.64381,-3.0,,,,,4XMM J134334.1-381011,2.08818e-14,25.233863685274375,,,,205.89248417083,-38.169792789231,,,
PGC1043897,206.443833,-5.5035556,0.26240373012488644,0.0849121826230872,75.0,234.53085,,,,,,,,,2CXO J134547.0-053009,3.36204869082e-15,8.647633344045573,206.446030434009,-5.50256268820632,,,
NGC5301,206.6027655,46.1071577,1.9813901712771977,0.41876464106344136,149.96,20.89296,4.6,2SXPS J134619.8+460744,5.309e-14,5.5319e-14,93.3295671079438,,,,,,,206.58271,46.12904,,,
NGC5301,206.6027655,46.1071577,1.9813901712771977,0.41876464106344136,149.96,20.89296,4.6,2SXPS J134624.2+460711,1.155e-13,2.2712e-13,45.76572269519941,,,,,,,206.60098,46.11981,,,
NGC5301,206.6027655,46.1071577,1.9813901712771977,0.41876464106344136,149.96,20.89296,4.6,2SXPS J134624.9+460607,4.303e-13,4.6719e-13,17.99207605771284,,,,,,,206.60388,46.10222,,,
IC4327,207.1825365,-30.2175413,0.5740768107484414,0.2917225521368724,55.650001525878906,77.19692,4.8,,,,,4XMM J134842.7-301310,3.80789e-14,15.345431403435464,,,,207.17817664791,-30.2195354467352,,,
IC4329,207.272112,-30.2957762,2.3712099263012227,1.32425006930335,66.9000015258789,58.61382,-3.0,,,,,4XMM J134855.7-301830,2.39898e-14,132.347304002555,,,,207.23214246284,-30.308451878745,,,
NGC5322,207.313452,60.1904759,2.8117066259517456,1.745701577392931,95.0,31.91539,-4.8,,,,,4XMM J134900.0+601206,1.74858e-14,120.37983167921588,,,,207.25019510092,60.201861791522,,,
PGC049116,207.604917,68.55475,0.389018275519902,0.2065237509950808,63.5,141.31882,4.2,,,,,,,,2CXO J135023.9+683311,3.90083914761e-15,9.184831186457417,207.599630432143,68.5530846988639,,,
ESO384-002,207.82875,-33.807899,1.330362529899405,0.9549266292831192,144.6300048828125,15.27566,8.0,,,,,4XMM J135118.0-334907,4.76636e-14,40.328446700114135,,,,207.82522527032,-33.818711780174,,,
ESO384-002,207.82875,-33.807899,1.330362529899405,0.9549266292831192,144.6300048828125,15.27566,8.0,,,,,4XMM J135119.6-334741,6.95302e-14,47.74183469003183,,,,207.83187525855,-33.794894147774,,,
IC0950,208.111038,14.4910128,0.495415972446384,0.4466527418666478,152.2100067138672,180.96725,2.0,,,,,,,,2CXO J135227.6+142923,2.51219183399e-14,14.886967804330478,208.115106234453,14.4897533851963,,,
NGC5330,208.2466605,-28.4706735,0.5688136429117155,0.4644831933899683,164.89999389648438,61.94408,-4.5,,,,,4XMM J135257.1-282803,1.25431e-14,28.775341135074694,,,,208.23830040688,-28.46753016602,,,
NGC5350,208.340064,40.3639366,1.342672222829254,0.8278849817347643,34.86000061035156,26.4241,3.6,,,,,4XMM J135319.3+402147,3.07368e-14,26.143133107705566,,,,208.33058556673,40.363176531657,,,
NGC5350,208.340064,40.3639366,1.342672222829256,0.827884981734762,34.86000061035156,26.4241,3.6,,,,,4XMM J135324.0+402206,2.28665e-14,32.86266582403384,2CXO J135324.1+402208,1.58148112662e-14,34.03171701565889,208.35045560999,40.3691015329512,,1.8345863974413943,
NGC5354,208.36137,40.302753,1.5134567140506532,0.575400194472218,174.0,41.07712,-2.1,,,,,4XMM J135327.5+401924,5.87147e-15,75.29034053042238,,,,208.36475098142,40.323507476136,,,
NGC5354,208.36137,40.302753,1.5134567140506532,0.575400194472218,174.0,41.07712,-2.1,,,,,4XMM J135328.4+401842,1.65413e-14,38.779496515432385,,,,208.36874419093,40.311940739985,,,
NGC5356,208.7435295,5.3337007,1.4156959978996895,0.3326365781008707,15.899999618530273,24.77421,3.8,,,,,4XMM J135457.7+051923,2.00676e-13,38.95126500480825,,,,208.74065746814,5.3232656364789,,,
NGC5356,208.7435295,5.3337007,1.4156959978996895,0.3326365781008707,15.899999618530273,24.77421,3.8,,,,,4XMM J135457.8+051934,3.13007e-14,28.711239915353612,,,,208.74101863027,5.3261273222346,,,
NGC5371,208.9164195,40.4616986,1.990535852767488,1.227354457842516,6.53000020980835,31.47748,4.0,,,,,,,,2CXO J135535.2+402706,2.16462886824e-14,63.83987474389967,208.896989634606,40.4519057245095,,,
NGC5371,208.9164195,40.4616986,1.990535852767488,1.227354457842516,6.53000020980835,31.47748,4.0,,,,,,,,2CXO J135537.1+402750,8.88045369962e-15,33.298579213110415,208.90464394859,40.4639983204054,,,
NGC5371,208.9164195,40.4616986,1.990535852767488,1.227354457842516,6.53000020980835,31.47748,4.0,,,,,,,,2CXO J135542.0+402634,1.32886761901e-14,71.45194500858496,208.925364506043,40.443054484924,,,
UGC08850,209.0120895,18.3721449,0.5419634570106018,0.2910516088854354,43.0,226.67311,6.0,,,,,,,,2CXO J135601.9+182228,1.04883439197e-15,15.718216158785278,209.008195052638,18.3744694700927,,,
NGC5383,209.2701795,41.8462926,1.238711028816642,0.939658408401636,98.08000183105469,35.80964,3.1,,,,,,,,2CXO J135700.5+415126,7.57573082688e-14,63.05107821022527,209.252087786386,41.8574793726175,,,
NGC5383,209.2701795,41.8462926,1.238711028816642,0.939658408401636,98.08000183105469,35.80964,3.1,,,,,,,,2CXO J135701.1+415136,2.08475899928e-14,64.25580883805094,209.25489119387,41.8600368131391,,,
NGC5383,209.2701795,41.8462926,1.238711028816642,0.939658408401636,98.08000183105469,35.80964,3.1,,,,,,,,2CXO J135703.3+415034,7.24111553341e-14,20.857698371408254,209.26376840615,41.8430126387278,,,
UGC08877,209.279025,41.7931183,0.5597189417335757,0.5046264430383419,,38.1417,7.9,,,,,,,,2CXO J135706.9+414752,1.0769132311e-14,17.03375297744464,209.278910513113,41.7978491281436,,,
NGC5383,209.2701795,41.8462926,1.238711028816642,0.939658408401636,98.08000183105469,35.80964,3.1,,,,,,,,2CXO J135706.9+415122,2.01538806383e-14,43.023943590942594,209.279118463554,41.8562170004094,,,
NGC5395,209.65821,37.4244981,1.244428659141198,0.5793886780775628,170.92999267578125,54.00078,3.2,,,,,,,,2CXO J135837.9+372440,4.23741448191e-15,47.32202712654647,209.658023110765,37.4113539305308,,,
NGC5395,209.65821,37.4244981,1.244428659141198,0.5793886780775628,170.92999267578125,54.00078,3.2,,,,,,,,2CXO J135838.7+372531,6.37403297401e-15,9.942885697478564,209.661445691172,37.4255106226504,,,
NGC5421,210.4224495,33.8268349,0.5928843740835804,0.3706551206504586,155.94000244140625,119.06935,4.6,,,,,,,,2CXO J140143.1+334932,1.53002537781e-14,22.54455195199177,210.429861702793,33.8256937974412,,,
PGC094246,210.442938,-11.575875,0.5092956940270584,0.39171482138310604,10.109999656677246,292.41547,-2.0,,,,,4XMM J140147.7-113438,2.13547e-14,22.287154161113005,2CXO J140147.8-113439,9.59579784509e-15,23.518500150009636,210.449345783364,-11.5776841165776,,1.3807072815231924,
NGC5457,210.802368,54.349023,11.99416459509745,11.533735943600343,,6.95024,5.9,2SXPS J140203.5+541828,1.106e-13,4.0936e-13,621.6197995014256,,,,,,,210.51483,54.30778,,,
NGC5457,210.802368,54.349023,11.99416459509745,11.533735943600343,,6.95024,5.9,2SXPS J140222.4+541757,7.258e-14,3.1859e-13,473.14685715260845,,,,,,,210.59373,54.29934,,,
NGC5457,210.802368,54.349023,11.99416459509745,11.533735943600343,,6.95024,5.9,2SXPS J140228.4+541625,2.208e-13,5.3448e-13,471.5972322313904,4XMM J140228.2+541626,2.73208e-13,472.5309157218572,,,,210.617859046994,54.2739046443358,1.852523947716118,,
NGC5457,210.802368,54.349023,11.99416459509745,11.533735943600343,,6.95024,5.9,2SXPS J140304.0+542734,5.094e-13,8.5534e-13,405.07874287692584,4XMM J140303.8+542735,8.89497e-13,406.3090348799788,,,,210.766111813927,54.4598961261676,2.1348685213522756,,
NGC5457,210.802368,54.349023,11.99416459509744,11.53373594360034,,6.95024,5.9,,,,,,,,2CXO J140313.9+541810,2.65471140557e-13,166.77785569740237,210.808215960462,54.3028215158464,,,
NGC5457,210.802368,54.349023,11.99416459509744,11.53373594360034,,6.95024,5.9,2SXPS J140314.5+541802,5.42e-14,7.0726e-13,175.02128526132654,4XMM J140314.2+541806,4.89967e-13,170.6754439551062,2CXO J140314.3+541806,3.48907541416e-13,171.00366615425813,210.809615507479,54.3017103960232,4.892297421427758,0.4561997148544057,
NGC5408,210.838041,-41.3770864,1.4222305537239601,0.765543730841016,66.2300033569336,5.32108,9.9,2SXPS J140319.6-412258,1.992e-12,3.136e-12,26.79563131241993,4XMM J140319.6-412258,2.80776e-12,26.640621097015472,2CXO J140319.6-412258,1.70037339421e-12,27.173342760709158,210.831747269466,-41.3829747844723,0.17369331827322346,0.538402489106816,
NGC5426,210.853722,-6.0698667,1.5309817168453381,0.6052990667752439,0.5,38.72576,5.0,,,,,,,,2CXO J140323.7-060442,4.38737604986e-14,35.00205759577797,210.849114637548,-6.07844239915932,,,
NGC5426,210.853722,-6.0698667,1.5309817168453381,0.6052990667752439,0.5,38.72576,5.0,,,,,,,,2CXO J140323.8-060429,1.5370865763e-13,23.753558814943528,210.849434426287,-6.07490245356931,,,
NGC5426,210.853722,-6.0698667,1.5309817168453381,0.6052990667752439,0.5,38.72576,5.0,,,,,,,,2CXO J140324.6-060244,3.54722297644e-14,87.52444221108951,210.852731148364,-6.04557432940523,,,
NGC5457,210.802368,54.349023,11.99416459509745,11.533735943600343,,6.95024,5.9,2SXPS J140325.0+541952,1.222e-13,6.1617e-13,126.74486528032575,,,,,,,210.85448,54.33123,,,
NGC5426,210.853722,-6.0698667,1.5309817168453381,0.6052990667752439,0.5,38.72576,5.0,,,,,,,,2CXO J140325.5-060402,6.17706629025e-15,13.176854765068658,210.856363413197,-6.06731753276618,,,
NGC5457,210.802368,54.349023,11.99416459509744,11.53373594360034,,6.95024,5.9,2SXPS J140332.6+542103,7.618e-15,5.2046e-13,175.61284447123955,,,,2CXO J140332.3+542102,3.89556238168e-13,173.42272220700613,210.884965452727,54.3507897028299,,,2.406182941316263
NGC5419,210.9108075,-33.9787482,1.990535852767488,1.462076188921668,75.56999969482422,54.70156,-4.1,,,,,,,,2CXO J140336.1-335830,6.02937283698e-15,33.35703121365481,210.900563037028,-33.9750489038248,,,
NGC5419,210.9108075,-33.9787482,1.990535852767488,1.462076188921668,75.56999969482422,54.70156,-4.1,,,,,,,,2CXO J140336.5-335819,6.65150679677e-15,35.095916797134855,210.902343082039,-33.971982918014,,,
NGC5419,210.9108075,-33.9787482,1.990535852767488,1.462076188921668,75.56999969482422,54.70156,-4.1,,,,,,,,2CXO J140336.7-335754,4.4051777879e-15,54.069788392997424,210.903058983313,-33.9651728784502,,,
NGC5419,210.9108075,-33.9787482,1.990535852767488,1.462076188921668,75.56999969482422,54.70156,-4.1,,,,,4XMM J140338.5-335754,3.89049e-14,49.24749729097572,2CXO J140338.5-335754,3.35563656056e-14,48.652057842838275,210.910482458,-33.9652364281,,0.9505268264644899,
NGC5419,210.9108075,-33.9787482,1.9905358527674868,1.4620761889216682,75.56999969482422,54.70156,-4.1,,,,,4XMM J140339.6-335719,2.99511e-15,85.48588709690618,,,,210.91518633685,-33.95528146669,,,
NGC5419,210.9108075,-33.9787482,1.990535852767488,1.462076188921668,75.56999969482422,54.70156,-4.1,,,,,,,,2CXO J140339.8-335811,4.39743834229e-15,35.876640314512365,210.916167543499,-33.9698286920691,,,
NGC5419,210.9108075,-33.9787482,1.990535852767488,1.462076188921668,75.56999969482422,54.70156,-4.1,,,,,,,,2CXO J140340.9-335847,5.76305426899e-15,29.830076387809438,210.92069283312,-33.9799582396685,,,
NGC5419,210.9108075,-33.9787482,1.990535852767488,1.462076188921668,75.56999969482422,54.70156,-4.1,,,,,,,,2CXO J140341.5-335840,8.79530859067e-15,37.437378327341406,210.923319152,-33.9780420224,,,
NGC5419,210.9108075,-33.9787482,1.990535852767488,1.462076188921668,75.56999969482422,54.70156,-4.1,,,,,,,,2CXO J140343.7-335839,2.98738354316e-15,64.26823327656123,210.932292033035,-33.9776114550549,,,
NGC5419,210.9108075,-33.9787482,1.990535852767488,1.462076188921668,75.56999969482422,54.70156,-4.1,,,,,,,,2CXO J140344.0-335944,3.1022201659e-15,91.48394030969128,210.933690579741,-33.9956530945872,,,
NGC5419,210.9108075,-33.9787482,1.990535852767488,1.462076188921668,75.56999969482422,54.70156,-4.1,,,,,,,,2CXO J140346.2-335806,6.02739648575e-15,102.49306327378973,210.942782506112,-33.9683837959018,,,
NGC5457,210.802368,54.349023,11.99416459509745,11.533735943600343,,6.95024,5.9,2SXPS J140353.9+541558,2.534e-14,3.176e-13,468.7116572572387,,,,,,,210.97475,54.26634,,,
NGC5457,210.802368,54.349023,11.99416459509745,11.533735943600343,,6.95024,5.9,2SXPS J140406.0+541522,4.109e-14,3.4634e-13,575.0272151519918,,,,,,,211.02507,54.25614,,,
NGC5457,210.802368,54.349023,11.99416459509745,11.533735943600343,,6.95024,5.9,2SXPS J140414.2+542604,1.428e-12,1.4278e-12,620.2954279736077,4XMM J140414.1+542605,4.90995e-13,619.6960149805458,,,,211.058768137581,54.4347269527174,1.4531825959406117,,
NGC5468,211.6454295,-5.4529933,1.1454338263838868,1.0714453005600295,,43.45099,6.0,2SXPS J140634.5-052825,1e-13,1.0107e-13,75.3880399483539,,,,,,,211.64406,-5.47389,,,
NGC5483,212.604288,-43.3246227,1.702040948505006,1.53451099419558,18.940000534057617,24.16573,4.9,,,,,,,,2CXO J141019.8-432015,1.66035452394e-14,73.52622973230119,212.582654356347,-43.3376421593002,,,
NGC5483,212.604288,-43.3246227,1.702040948505006,1.53451099419558,18.940000534057617,24.16573,4.9,2SXPS J141029.6-431836,1.738e-13,3.3067e-13,72.6456853949938,,,,2CXO J141029.6-431835,6.23525639432e-14,73.45132735620345,212.623454285242,-43.3097286716392,,,1.6195687652840438
NGC5483,212.604288,-43.3246227,1.702040948505006,1.53451099419558,18.940000534057617,24.16573,4.9,,,,,,,,2CXO J141030.9-432026,3.5340971171e-14,86.37641332828775,212.628807727827,-43.3406723424261,,,
NGC5506,213.311946,-3.207593,1.4320889849532898,0.37928878751459216,88.68000030517578,28.22279,1.2,,,,,,,,2CXO J141311.9-031232,2.38341918323e-14,43.84689179405176,213.299841543768,-3.20910494547486,,,
ESO097-013,213.2912535,-65.3391521,4.374918876137178,2.137814430757932,36.7400016784668,4.2,3.3,,,,,,,,2CXO J141312.1-652013,2.77156374059e-12,15.660939364666635,213.300578990974,-65.3372069592207,,,
NGC5529,213.89202,36.226669,2.897143482134405,0.33804148769599085,113.5999984741211,44.46313,5.1,,,,,4XMM J141532.7+361346,8.73616e-15,19.38706065196333,,,,213.8863003299,36.22944630067,,,
PGC050952,213.9369165,36.1781801,0.3388207538053374,0.2223156337345542,7.880000114440918,111.68632,4.4,,,,,,,,2CXO J141544.8+361029,2.92045180015e-15,12.322934088999952,213.936962445271,36.1747572636707,,,
PGC2421400,214.4485365,52.6953472,0.2182579161200832,0.16942207806960122,80.44000244140625,297.98883,-5.0,,,,,,,,2CXO J141748.6+524142,6.42313876735e-15,8.743117222358748,214.452510440835,52.6950344897982,,,
NGC5584,215.5990545,-0.3876275,1.5666428621577961,1.1721144076599601,153.83999633789062,22.08004,5.9,2SXPS J142220.1-002341,5.022e-14,1.4278e-13,60.55989104617205,,,,2CXO J142220.1-002340,4.8267221168e-14,59.89066216440151,215.58390028451,-0.394492393588367,,,1.503838894256011
NGC5584,215.5990545,-0.3876275,1.566642862157793,1.1721144076599612,153.84,22.08004,5.9,2SXPS J142222.7-002156,4.292e-14,1.4744e-13,80.08615761331234,,,,,,,215.59481,-0.36579,,,
NGC5584,215.5990545,-0.3876275,1.566642862157793,1.1721144076599612,153.84,22.08004,5.9,2SXPS J142226.0-002341,3.246e-14,1.105e-13,43.53340552687353,,,,,,,215.60864,-0.395,,,
PGC051362,215.6545095,59.9308869,0.4395112584154422,0.42069757082259784,,132.00792,-2.3,,,,,,,,2CXO J142238.3+595546,3.90105788289e-15,10.829561478559933,215.659804133558,59.9294686459604,,,
PGC051362,215.6545095,59.9308869,0.4395112584154422,0.42069757082259784,,132.00792,-2.3,,,,,,,,2CXO J142238.5+595532,1.05891382403e-14,22.01911687406807,215.660743867295,59.9256284212487,,,
NGC5614,216.03162,34.858852,1.21330504754121,1.002236013682578,150.0,60.50622,1.7,,,,,,,,2CXO J142404.8+345152,2.67325526886e-15,39.22958359439934,216.020351725165,34.8646190104545,,,
NGC5614,216.03162,34.858852,1.21330504754121,1.002236013682578,150.0,60.50622,1.7,,,,,,,,2CXO J142409.7+345041,9.26176942859e-15,56.75629604264016,216.04071298686,34.8449640924838,,,
NGC5623,216.7860825,33.2525115,0.825980899114506,0.5394733611149148,17.0,52.23962,-4.7,,,,,,,,2CXO J142709.1+331503,8.6538511744e-15,8.74022815677369,216.788249338366,33.2508956889266,,,
IC1018,217.053309,25.8305183,0.2863980154929146,0.22907094335726674,178.8300018310547,60.50622,-2.9,,,,,4XMM J142812.5+254934,8.24582e-15,15.758318032202858,,,,217.05245527806,25.826208966984,,,
UGC09291,217.153728,38.9991636,0.9331898454173347,0.44871439725037415,110.5,36.30779,6.4,,,,,4XMM J142833.4+390024,1.41258e-14,48.76034794872452,,,,217.13942953843,39.006908845831,,,
UGC09291,217.153728,38.9991636,0.9331898454173347,0.44871439725037415,110.5,36.30779,6.4,,,,,4XMM J142833.7+385958,3.18701e-14,36.15225221010168,,,,217.14081862018,38.999605619569,,,
IC1020,217.2061365,26.03222,0.532071509112158,0.11533735943600344,174.97999572753906,65.28298,-1.8,,,,,4XMM J142849.6+260141,5.37404e-14,14.782767035551226,,,,217.20685935922,26.02816537262,,,
IC1024,217.8626835,3.0081905,0.5545874076312006,0.2365756294807404,29.420000076293945,23.00382,-1.8,,,,,,,,2CXO J143126.6+030022,3.4241260168e-14,8.928353521052847,217.86111756766,3.00626553456787,,,
UGC09350,218.003952,36.305231,0.445625469066873,0.1004546406304362,30.049999237060547,58.74894,3.0,,,,,,,,2CXO J143201.0+361828,1.25934723988e-14,9.386141380690246,218.004184247337,36.3078315353298,,,
NGC5678,218.023359,57.9214316,1.479006233275776,0.772627219769208,1.940000057220459,34.83372,3.3,,,,,,,,2CXO J143204.3+575534,8.74696973759e-15,20.04112296495564,218.017963927802,57.9262047366498,,,
NGC5678,218.023359,57.9214316,1.479006233275776,0.772627219769208,1.940000057220459,34.83372,3.3,,,,,,,,2CXO J143207.6+575531,1.42959442661e-14,21.358298957292796,218.03178661647,57.9253262948764,,,
NGC5678,218.023359,57.9214316,1.479006233275776,0.772627219769208,1.940000057220459,34.83372,3.3,,,,,,,,2CXO J143207.8+575521,7.36555313512e-15,18.54995431691044,218.03272954097,57.9227680627412,,,
NGC5678,218.023359,57.9214316,1.479006233275776,0.772627219769208,1.940000057220459,34.83372,3.3,,,,,,,,2CXO J143208.2+575510,2.96329660106e-14,21.842315736356074,218.034236793157,57.9195777291352,,,
NGC5643,218.169585,-44.1744753,2.624037301248863,2.295990064184343,98.05999755859375,16.06941,5.0,,,,,4XMM J143235.6-441003,4.70898e-14,59.38334551028534,,,,218.14864873817,-44.167649383796,,,
NGC5675,218.1659955,36.3022219,1.1349324259419111,0.3622179800374951,135.17,61.6879,1.7,2SXPS J143236.9+361900,4.228e-14,4.2277e-14,63.35655176710224,,,,,,,218.15389,36.31687,,,
NGC5672,218.159814,31.6701383,0.4528663004491002,0.37408475025557697,48.619998931884766,55.18233,3.1,,,,,,,,2CXO J143239.4+314023,2.76394764042e-15,17.70158173637974,218.164291194847,31.673246147329,,,
NGC5669,218.1827715,9.8914264,1.2851978913844317,0.731088587228359,54.06,16.14359,6.0,2SXPS J143240.5+095249,4.843e-14,2.1798e-13,62.79108965812763,,,,,,,218.16912,9.88032,,,
NGC5643,218.169585,-44.1744753,2.624037301248863,2.295990064184343,98.05999755859375,16.06941,5.0,2SXPS J143242.2-440938,8.713e-13,1.9531e-12,52.14593924519991,4XMM J143242.2-440939,1.41561e-12,51.880026808949594,,,,218.176226385163,-44.1608743558594,0.5589326652631339,,
ESO385-047,218.689293,-32.9785751,0.5520393099510364,0.3953393139999124,,39.81072,6.5,,,,,4XMM J143446.1-325906,1.21356e-14,25.269735951212844,,,,218.69209651487,-32.985188800893,,,
NGC5687,218.7182535,54.4757598,1.2049527143432972,0.6854408830824267,103.34,28.8403,-3.2,2SXPS J143452.1+542902,4.69e-14,7.9749e-12,29.754371836818148,,,,,,,218.71715,54.484,,,
NGC5691,219.472221,-0.3988812,0.928902227545848,0.6997936612863119,101.22000122070312,29.97782,1.2,,,,,,,,2CXO J143753.5-002405,1.6677562768e-14,10.304051636570708,219.473015898833,-0.40163084812998,,,
NGC5691,219.472221,-0.3988812,0.928902227545848,0.6997936612863119,101.22000122070312,29.97782,1.2,,,,,,,,2CXO J143754.3-002356,2.76044152076e-14,15.797717943588417,219.476607551326,-0.399007224347149,,,
NGC5728,220.599537,-17.2530053,1.636703474394192,1.0689810447511139,11.130000114440918,37.49728,1.2,2SXPS J144226.2-171426,2.766e-14,2.4348e-13,55.58777001708814,,,,2CXO J144226.0-171432,6.47864182558e-15,49.39412222724837,220.608518352958,-17.2422963594923,,,6.362452808814237
NGC5754,221.331876,38.7311943,0.6411652913280119,0.5482390980715925,96.30999755859375,67.63944,3.0,,,,,,,,2CXO J144521.0+384336,4.6208401383e-14,22.744576470571428,221.337852792315,38.7269308811875,,,
PGC052940,222.377685,-10.1751221,1.1193605692841702,0.6165524166144547,148.33999633789062,28.23579,9.9,,,,,4XMM J144932.7-101108,1.35152e-14,48.503200266100976,,,,222.38630068654,-10.185591750844,,,
PGC052940,222.377685,-10.1751221,1.1193605692841702,0.6165524166144547,148.33999633789062,28.23579,9.9,,,,,4XMM J144932.8-101038,1.54455e-14,33.65239213047532,,,,222.38693267876,-10.177251150507,,,
PGC052935,222.3872505,-10.1641667,0.8491218262308723,0.4570566207351251,146.5,28.23579,6.9,,,,,4XMM J144934.1-100955,1.77034e-14,18.74701073209819,,,,222.39235222142,-10.165545528714,,,
IC1070,223.4637435,3.4846939,0.39171482138310604,0.1559444792046966,121.48999786376953,120.89268,4.0,,,,,,,,2CXO J145350.8+032909,2.43009964705e-15,8.012013844506946,223.461977312688,3.48605229096426,,,
NGC5775,223.489992,3.5442626,1.8491408989013314,0.422639422580145,148.41000366210938,18.96705,5.1,,,,,4XMM J145354.6+033343,3.29342e-14,78.17848398296127,,,,223.47760539758,3.562116358879,,,
NGC5775,223.489992,3.5442626,1.849140898901334,0.422639422580145,148.41000366210938,18.96705,5.1,,,,,,,,2CXO J145358.8+033216,1.33189902119e-13,30.191857293642126,223.495382576308,3.53782924552088,,,
NGC5775,223.489992,3.5442626,1.849140898901334,0.422639422580145,148.41000366210938,18.96705,5.1,,,,,,,,2CXO J145359.4+033156,3.07880446481e-14,50.83204576173124,223.497683341877,3.53241172061642,,,
PGC053422,224.225709,65.9344324,0.5545874076312004,0.2207852236766562,42.5,135.7063,4.0,,,,,4XMM J145650.0+655546,6.24446e-15,30.656160115191113,,,,224.20873932554,65.929470464648,,,
NGC5796,224.8503045,-16.6238199,1.309091504109492,1.081359261863508,87.9000015258789,42.83512,-4.7,,,,,4XMM J145921.7-163751,3.12722e-14,42.36609996511314,2CXO J145921.7-163752,1.91862072535e-14,43.06700686822641,224.840519225471,-16.6312497990797,,0.7437201814028785,
NGC5793,224.853333,-16.6934722,0.970442938796388,0.3228271145173278,147.55999755859375,51.64164,2.8,,,,,,,,2CXO J145925.3-164159,4.6330234935e-15,24.71817441135595,224.855637867923,-16.6999737569015,,,
NGC5793,224.853333,-16.6934722,0.970442938796388,0.3228271145173278,147.55999755859375,51.64164,2.8,,,,,,,,2CXO J145926.0-164154,6.85448080394e-15,25.105588195784023,224.858416034239,-16.6984650779814,,,
NGC5796,224.8503045,-16.6238199,1.309091504109492,1.081359261863508,87.9000015258789,42.83512,-4.7,,,,,,,,2CXO J145926.7-163729,6.97296958807e-15,39.18488721817724,224.861603111169,-16.6249454526027,,,
PGC894674,224.920791,-16.7096667,0.3435342200071158,0.2642226258875904,177.5,42.2474,,,,,,4XMM J145940.4-164221,1.60215e-14,15.833288472163636,2CXO J145940.4-164219,6.09419307941e-15,17.269223843785582,224.918361239597,-16.7054720041068,,1.4636885804030308,
NGC5806,225.0016545,1.8912683,1.5134567140506532,0.8165259739471674,171.80999755859375,27.03958,3.2,,,,,4XMM J150000.9+015310,2.33843e-14,20.019640782448917,,,,225.00395549809,1.8862050988211,,,
NGC5806,225.0016545,1.8912683,1.5134567140506532,0.8165259739471674,171.80999755859375,27.03958,3.2,,,,,4XMM J150001.5+015412,2.4886e-14,47.233520357527155,,,,225.006362410101,1.90351596762428,,,
NGC5813,225.2970015,1.7020032,2.065237509950808,1.34886971622246,143.1199951171875,31.62278,-4.9,,,,,4XMM J150105.5+014330,3.90755e-14,119.45813140133188,2CXO J150105.5+014330,2.17038578617e-14,119.46169509740783,225.273303013867,1.72524215106883,,0.03463894412211237,
NGC5813,225.2970015,1.7020032,2.065237509950808,1.34886971622246,143.1199951171875,31.62278,-4.9,,,,,,,,2CXO J150110.8+014142,3.25527382512e-14,25.117452647364484,225.295340921132,1.6952264449487,,,
NGC5813,225.2970015,1.7020032,2.0652375099508076,1.3488697162224608,143.12,31.62278,-4.9,2SXPS J150111.1+014233,2.512e-12,2.5117e-12,26.193602587390952,,,,,,,225.29635,1.70925,,,
NGC5813,225.2970015,1.7020032,2.0652375099508076,1.3488697162224608,143.12,31.62278,-4.9,2SXPS J150112.4+014255,5.492e-13,9.534e-13,51.41447578927787,,,,,,,225.30206,1.71536,,,
NGC5813,225.2970015,1.7020032,2.065237509950808,1.34886971622246,143.1199951171875,31.62278,-4.9,,,,,,,,2CXO J150112.9+014107,8.3801888892655e-15,65.2072450915896,225.303966053888,1.68528128003448,,,
NGC5813,225.2970015,1.7020032,2.0652375099508076,1.3488697162224608,143.1199951171875,31.62278,-4.9,,,,,4XMM J150113.3+014124,1.75901e-14,52.350282695094336,,,,225.3054624803,1.6901737080359,,,
NGC5813,225.2970015,1.7020032,2.065237509950808,1.34886971622246,143.1199951171875,31.62278,-4.9,,,,,,,,2CXO J150113.7+014032,9.35003197665e-15,101.23587325961807,225.307207197405,1.67579768290739,,,
NGC5813,225.2970015,1.7020032,2.065237509950808,1.34886971622246,143.1199951171875,31.62278,-4.9,,,,,4XMM J150116.5+014134,1.05039e-13,85.86880440179482,2CXO J150116.5+014134,1.2396535075e-13,85.84668043833892,225.319014193653,1.6928101318351,,0.10082075777410393,
PGC053808,226.153863,10.3989111,0.2618002182928751,0.21133430713280144,71.83,150.03757,5.0,2SXPS J150438.3+102356,1.484e-14,3.4501e-13,20.284720142157468,,,,,,,226.15959,10.39905,,,
PGC1762966,226.1790705,26.1099565,0.2280184579756482,0.15630396835619761,137.9499969482422,239.11124,-0.6,,,,,,,,2CXO J150442.6+260645,4.99706362132e-15,10.958223164478227,226.177672890061,26.1127297086046,,,
IC4523,226.293927,-43.5094507,0.825980899114506,0.746397204789498,,67.63944,5.0,,,,,,,,2CXO J150513.8-433008,9.63524877187e-15,44.02150684528503,226.307706422944,-43.5024048802333,,,
NGC5838,226.359564,2.0994673,1.9318348852703462,0.6470979207249961,39.59000015258789,34.51435,-2.6,,,,,,,,2CXO J150527.5+020654,8.4068609095e-14,59.229631069838454,226.364602782476,2.1151304901237,,,
NGC5846,226.621887,1.6061876,2.1328975940079626,2.0228794584872127,,25.00345,-4.8,,,,,4XMM J150624.8+013745,1.75685e-14,106.76181892841416,,,,226.603463609988,1.62943262504529,,,
NGC5846,226.621887,1.6061876,2.1328975940079626,2.0228794584872127,,25.00345,-4.8,2SXPS J150628.6+013654,5.375e-13,6.6148e-13,33.430525308445866,,,,,,,226.61953,1.61517,,,
NGC5846,226.621887,1.6061876,2.1328975940079626,2.0228794584872127,,25.00345,-4.8,,,,,4XMM J150634.8+013508,2.22907e-14,111.57981492519752,,,,226.645266744586,1.58582921169814,,,
NGC5850,226.7819145,1.5445518,1.674827195789138,1.1856868528308275,118.94000244140625,39.31878,3.1,,,,,4XMM J150706.5+013333,1.07333e-14,55.52244106661644,,,,226.77728246499,1.559263218776,,,
NGC5850,226.7819145,1.5445518,1.674827195789138,1.1856868528308275,118.94000244140625,39.31878,3.1,,,,,4XMM J150706.5+013140,3.01577e-14,61.55973399050585,,,,226.777419670655,1.52805275444131,,,
UGC09732,227.0407635,1.2493587,0.5888029867604037,0.38279830345562815,93.05000305175781,156.89171,3.1,,,,,4XMM J150808.5+011435,7.257e-15,28.46211152111296,,,,227.03567301882,1.2433083823549,,,
NGC5861,227.3170125,-11.321628,1.3898566338796443,0.5533118919888331,148.01,26.06156,5.0,2SXPS J150915.2-111858,9.261e-14,1.2144e-12,22.4482029918421,,,,,,,227.31361,-11.31636,,,
NGC5861,227.3170125,-11.321628,1.3898566338796443,0.5533118919888331,148.01,26.06156,5.0,2SXPS J150915.5-111842,5.422e-14,1.5124e-13,36.44871861595119,,,,,,,227.31484,-11.31173,,,
NGC5861,227.3170125,-11.321628,1.3898566338796443,0.5533118919888331,148.01,26.06156,5.0,2SXPS J150916.2-111950,1.183e-13,2.7072e-13,33.19883283125343,,,,,,,227.31763,-11.33083,,,
PGC2034704,227.542431,33.5670479,0.19813901712771959,0.1503038151314118,113.52999877929688,530.88446,-5.0,,,,,,,,2CXO J151011.0+333358,9.90487397142e-15,11.188728315156515,227.546052713484,33.5663045151631,,,
NGC5905,228.8471985,55.5171897,1.61053439564172,1.300079781582636,130.9600067138672,46.55861,3.2,,,,,,,,2CXO J151515.0+553039,6.19071354724e-15,73.65253392275099,228.812728073513,55.5110538471836,,,
NGC5905,228.8471985,55.5171897,1.61053439564172,1.300079781582636,130.9600067138672,46.55861,3.2,,,,,,,,2CXO J151522.4+553003,1.3866199798449e-14,59.17483362391633,228.843717002989,55.5008709035767,,,
NGC5905,228.8471985,55.5171897,1.61053439564172,1.300079781582636,130.9600067138672,46.55861,3.2,,,,,,,,2CXO J151523.5+553033,1.8397906164387e-14,28.587246293520302,228.848006579159,55.5092619909355,,,
NGC5905,228.8471985,55.5171897,1.6105343956417173,1.300079781582636,130.9600067138672,46.55861,3.2,,,,,4XMM J151525.0+553035,7.11599e-15,30.358606419436345,,,,228.85417779531,55.509739992689,,,
NGC5905,228.8471985,55.5171897,1.61053439564172,1.300079781582636,130.9600067138672,46.55861,3.2,,,,,,,,2CXO J151532.3+553016,5.5512529415073e-15,88.68142697090128,228.884690401214,55.5046949581374,,,
NGC5907,228.9731505,56.3291505,5.648979573363988,0.8769402509208802,155.5800018310547,17.06082,5.2,,,,,4XMM J151544.4+562226,5.4e-14,177.88170719489008,,,,228.935405702803,56.373917671086,,,
NGC5907,228.9731505,56.3291505,5.648979573363988,0.8769402509208802,155.5800018310547,17.06082,5.2,2SXPS J151550.7+562026,9.04e-14,3.4293e-13,47.45859905620457,4XMM J151550.4+562017,3.43601e-14,41.02533207082529,,,,228.960348310345,56.3380667811497,9.539592929643838,,
NGC5907,228.9731505,56.3291505,5.648979573363988,0.8769402509208802,155.5800018310547,17.06082,5.2,,,,,4XMM J151550.7+562058,3.57594e-14,77.57296731957969,,,,228.961472199152,56.3497033390165,,,
NGC5907,228.9731505,56.3291505,5.648979573363988,0.8769402509208802,155.5800018310547,17.06082,5.2,,,,,4XMM J151554.5+561924,3.9703e-14,22.335282957881745,,,,228.97732255924,56.323393632411,,,
NGC5907,228.9731505,56.3291505,5.648979573363988,0.8769402509208802,155.5800018310547,17.06082,5.2,2SXPS J151554.9+561935,9.315e-14,4.2328e-13,14.752710747951454,4XMM J151555.3+561939,3.22113e-14,16.05259865486134,,,,228.98070519489,56.327621092318,5.052026925367406,,
NGC5907,228.9731505,56.3291505,5.648979573363988,0.8769402509208802,155.58,17.06082,5.2,2SXPS J151557.1+561855,3.49e-14,1.7747e-13,58.19286017695431,,,,,,,228.98824,56.31532,,,
NGC5907,228.9731505,56.3291505,5.64897957336399,0.876940250920878,155.5800018310547,17.06082,5.2,2SXPS J151558.7+561810,8.395e-13,3.3319e-12,104.09737706101762,4XMM J151558.6+561810,2.27281e-12,103.46642492928564,2CXO J151558.6+561810,3.25303746313e-13,103.4320299375022,228.994256978719,56.3029121848044,0.7547514586285177,0.08869189742527543,
NGC5907,228.9731505,56.3291505,5.648979573363988,0.8769402509208802,155.5800018310547,17.06082,5.2,2SXPS J151601.6+561747,0.0,3.6849e-13,135.1300926732242,4XMM J151600.9+561752,2.06984e-13,128.40277487622166,,,,229.003948731967,56.2978397210742,7.49455946943444,,
NGC5907,228.9731505,56.3291505,5.648979573363988,0.8769402509208802,155.58,17.06082,5.2,2SXPS J151604.0+561614,2.083e-14,1.9324e-13,228.0406342266403,,,,,,,229.01685,56.27063,,,
NGC5907,228.9731505,56.3291505,5.648979573363988,0.8769402509208802,155.5800018310547,17.06082,5.2,2SXPS J151607.2+561552,4.39e-14,2.5873e-13,259.03330243535623,4XMM J151607.2+561552,4.93757e-14,258.53867812739645,,,,229.030213925614,56.2646913596709,0.5450301344434643,,
NGC5908,229.1799795,55.4095087,1.6864365432943444,0.8071792784132431,153.4499969482422,52.82019,3.0,,,,,4XMM J151641.6+552506,3.49081e-14,34.571386859791765,,,,229.17363221097,55.418410338321,,,
NGC5908,229.1799795,55.4095087,1.6864365432943444,0.8071792784132431,153.4499969482422,52.82019,3.0,,,,,4XMM J151644.8+552345,4.60859e-15,51.082427543343016,,,,229.18698270608,55.395887704888,,,
PGC054617,229.5255495,42.7458113,0.3243172167741192,0.147221081689938,138.42999267578125,181.55157,-1.5,,,,,,,,2CXO J151805.2+424458,4.07546024231e-15,16.45316491222951,229.521817495696,42.7494687546106,,,
NGC5903,229.652133,-24.0685581,1.4995812594938258,1.1142175746351521,164.38999938964844,34.51435,-4.8,,,,,4XMM J151834.3-240442,1.62072e-14,46.2221392633222,,,,229.64326639796,-24.0785238759,,,
ESO514-003,229.6498065,-24.1199375,0.6123080996325245,0.30829750093074115,118.12999725341797,43.85305,-3.7,,,,,4XMM J151837.1-240718,1.08623e-13,18.22961294276384,,,,229.65499616315,-24.121728353216,,,
PGC054660,229.71375,6.4359444,0.5235642740254498,0.23931504616131918,134.5,151.28644,-5.0,,,,,4XMM J151851.9+062552,3.13113e-14,19.392397443731184,,,,229.71663804222,6.4313857483502,,,
PGC054773,230.28492,30.5735904,0.3459154854594682,0.24488940968422307,44.560001373291016,358.75668,-5.0,,,,,4XMM J152109.8+303429,8.86345e-15,18.984096492264587,,,,230.29083507621,30.574958855968,,,
PGC054817,230.389041,-7.4476667,0.8994354575643938,0.23657562948074026,3.12,27.6694,-1.9,2SXPS J152133.6-072738,4.715e-14,3.369e-13,46.70736075652032,,,,,,,230.39008,-7.4606,,,
PGC054913,230.77209,8.6092103,0.6949763156066759,0.6949763156066759,,119.12426,-1.8,,,,,,,,2CXO J152305.4+083611,9.8752559847067e-15,21.489632342399,230.772759258559,8.60327774821429,,,
SDSSJ153238.30+324242.1,233.1595215,32.7116768,0.564897957336399,0.1931834885270346,108.66999816894531,611.7867,,,,,,,,,2CXO J153239.6+324236,5.80831534054e-16,18.1347497962261,233.165211866371,32.7101110645417,,,
SDSSJ153238.30+324242.1,233.1595215,32.7116768,0.564897957336399,0.1931834885270346,108.66999816894531,611.7867,,,,,,,,,2CXO J153240.3+324228,5.20955208503e-15,29.56694451198657,233.168204129104,32.7079244098297,,,
NGC5963,233.366088,56.5597225,1.5702543469381092,1.2358620725080658,58.41,28.8403,4.1,2SXPS J153325.9+563244,3.889e-13,4.0442e-13,52.77212950851629,,,,,,,233.35816,56.54573,,,
ESO450-002,233.9462535,-28.9148595,0.4570566207351252,0.160313466225273,135.47999572753906,97.67873,1.9,,,,,,,,2CXO J153547.4-285444,3.0966556212e-14,9.636954800428914,233.947562353398,-28.9124401350635,,,
NGC5964,234.4009095,5.9740148,1.7098972125685439,1.2822420182588579,147.0,27.79715,6.9,,,,,,,,2CXO J153733.1+055755,1.74747257555e-14,55.07498536939667,234.388121452935,5.96551290970349,,,
NGC5964,234.4009095,5.9740148,1.7098972125685439,1.2822420182588579,147.0,27.79715,6.9,,,,,,,,2CXO J153738.9+055845,2.77086857191e-14,44.419333591747765,234.412098587706,5.97934445909506,,,
PGC055696,234.7613955,5.8408692,0.2917225521368724,0.18835189949195444,155.07000732421875,185.35316,0.6,,,,,4XMM J153903.6+055016,1.72438e-14,16.893820757390007,,,,234.76508789556,5.8379487486198,,,
NGC5985,234.9044805,59.3319842,1.9905358527674868,1.0045464063043643,14.75,52.723,3.1,,,,,4XMM J153939.2+592122,5.50542e-15,88.63999953337348,,,,234.91357902449,59.35616543129,,,
NGC5985,234.9044805,59.3319842,1.9905358527674868,1.0045464063043643,14.75,52.723,3.1,,,,,4XMM J153939.8+591952,2.60779e-13,21.386572594527248,,,,234.916011734145,59.3311491040635,,,
UGC10018,235.914708,67.7608056,0.5382326068149176,0.47530239682814085,,132.61723,3.6,2SXPS J154334.8+674526,2.525e-14,2.1506e-13,29.259917597546405,,,,,,,235.89515,67.75745,,,
PGC055976,236.4412605,2.4098357,0.314029179406659,0.12217152763469862,79.22000122070312,61.12234,4.8,,,,,4XMM J154546.8+022438,1.57386e-14,15.211902098752649,,,,236.44539304462,2.4107342373148,,,
NGC5990,236.5681755,2.4155398,0.796104363525585,0.4753023968281407,107.0199966430664,46.55861,1.5,,,,,4XMM J154618.6+022458,1.81946e-14,33.97995789538089,,,,236.57759420773,2.4162732697397,,,
UGC10050,237.437073,18.5269043,0.666760716081662,0.4017630610928086,153.14999389648438,62.89267,-2.0,,,,,4XMM J154943.5+183119,2.87412e-14,26.02986437018077,,,,237.43136926457,18.522105172551,,,
PGC056249,238.0236315,20.1451866,0.44255780491541763,0.37667778186685863,53.83000183105469,162.55489,-0.3,,,,,,,,2CXO J155207.2+200853,4.34756001011e-15,24.780621038877904,238.030245322195,20.1481579840197,,,
UGC10094,238.938816,24.4939095,0.5296268625886447,0.1361350654038954,74.7300033569336,161.43591,4.1,,,,,,,,2CXO J155543.3+242932,1.42024584842e-14,27.66456269892561,238.930544826295,24.4923604720807,,,
NGC6027,239.795241,20.7621839,0.818408260713906,0.508124346435348,17.6299991607666,67.63944,-1.5,,,,,,,,2CXO J155910.3+204619,4.56021712527e-15,36.08278512249446,239.793078150428,20.7720007546496,,,
IC4587,239.9650875,25.9406696,0.41588188555133554,0.2811706625951746,97.91,200.81677,-5.0,2SXPS J155949.5+255632,1.894e-14,1.3051e-13,28.67614077609834,,,,,,,239.95641,25.94227,,,
PGC2790838,240.5533275,15.9075657,0.5874487774697646,0.5874487774697646,,140.60486,-3.2,,,,,4XMM J160211.8+155437,4.95326e-14,17.11100715350244,2CXO J160211.7+155437,3.94069498297e-14,17.689318821536112,240.549090723507,15.9103121302746,,0.806811447551503,
UGC10143,240.5709015,15.9745922,0.874923344312328,0.4677028370737758,11.579999923706055,140.60486,-4.0,,,,,,,,2CXO J160218.2+155912,6.48874955413e-15,47.122066859848005,240.576002055443,15.9867285211246,,,
PGC056821,240.6977595,19.7872548,0.3580717051064508,0.31620592568811,116.7699966430664,173.30057,-5.0,,,,,,,,2CXO J160246.9+194731,5.63174730307e-15,18.9751682473554,240.695553303171,19.7920996740294,,,
PGC2474646,242.6620215,54.6077874,0.2685158981851266,0.20369013890205662,138.69000244140625,284.4461,3.1,,,,,,,,2CXO J161040.3+543622,3.52377409593e-15,13.371594470884743,242.667925480016,54.6063370631245,,,
PGC057421,242.848314,52.4548401,0.3147530914285986,0.2354886631984764,167.11000061035156,133.22939,-5.0,,,,,,,,2CXO J161123.6+522704,1.10215616583e-14,12.461366976783694,242.848696499069,52.451386466604,,,
PGC1156047,243.0386625,0.0591659,0.2089151833233108,0.1614247060856316,52.529998779296875,259.65698,-5.0,,,,,,,,2CXO J161209.0+000325,6.40022708498e-15,8.032624432054757,243.037690796967,0.0571573121885291,,,
ESO137-001,243.3635535,-60.7640783,0.6294627058970821,0.2792350973684154,8.90999984741211,65.28298,5.0,,,,,,,,2CXO J161327.6-604622,4.9350152902426e-15,32.081932122833216,243.365257432181,-60.7729510155543,,,
PGC2388061,243.4360035,51.0829236,0.2333296901571444,0.1405950415199472,169.1199951171875,214.28906,3.6,,,,,,,,2CXO J161345.1+510446,5.82856829809e-15,13.133581633589737,243.438062901853,51.0795124873087,,,
ESO137-006,243.7657005,-60.9071615,0.792446596230558,0.5635987280877552,123.66999816894531,81.73348,-4.9,,,,,,,,2CXO J161507.8-605433,2.96025407891e-15,30.836147656425837,243.782751620873,-60.909315186201,,,
PGC1035926,243.979986,-6.1741154,0.2564306919956826,0.0659128369278204,13.0,125.83458,,,,,,,,,2CXO J161555.3-061017,2.53194438867e-15,9.895225164512466,243.98046859574,-6.17140892609523,,,
PGC057841,244.950708,5.1621928,0.3698026375291188,0.2666674477438104,14.260000228881836,111.68632,-5.0,,,,,,,,2CXO J161948.0+050953,7.51244733966e-15,9.459314132881664,244.950236776687,5.16477813594058,,,
ESO137-018,245.246667,-60.4869444,1.9452257249714036,0.6933779144359444,30.31,5.86138,5.5,2SXPS J162056.5-602940,1.455e-12,1.4554e-12,33.9662356034225,,,,,,,245.2357,-60.49468,,,
NGC6118,245.4526275,-2.2834505,2.223156337345543,0.8891397050194613,58.09,20.79697,6.0,2SXPS J162150.2-021629,6.253e-14,2.4683e-13,39.379745349994316,,,,,,,245.45953,-2.27496,,,
PGC3087775,246.760659,43.4761082,0.362217980037495,0.2923950420722406,31.530000686645508,208.5451,1.0,,,,,,,,2CXO J162703.4+432831,7.44391986702e-15,10.190683040733294,246.764468668619,43.4754995786774,,,
PGC058314,247.2799545,39.4956944,0.2666674477438104,0.2365756294807404,9.319999694824219,90.78209,-3.0,,,,,,,,2CXO J162906.0+392945,1.65161987521e-14,12.781337530520242,247.275368938242,39.4959839591347,,,
NGC6251,248.132292,82.5379167,0.8355453071553539,0.717744716676828,20.0,112.30523,-4.9,2SXPS J163231.2+823302,6.298e-14,1.1248e-12,46.42465309575918,,,,,,,248.13036,82.55081,,,
ESO137-034,248.8084515,-58.0795247,2.642226258875903,2.0843469173516778,15.34000015258789,37.56644,0.6,2SXPS J163515.3-580606,4.408e-14,2.8095e-13,80.5005703452218,4XMM J163515.2-580558,2.9237e-14,72.5361776933216,,,,248.81366363675,-58.099484387336,7.972420128074206,,
ESO137-034,248.8084515,-58.0795247,2.642226258875903,2.0843469173516778,15.34000015258789,37.56644,0.6,,,,,4XMM J163516.2-580622,8.77071e-15,97.36970579770846,,,,248.81769675797,-58.106126760502,,,
ESO137-034,248.8084515,-58.0795247,2.642226258875903,2.0843469173516778,15.34000015258789,37.56644,0.6,,,,,4XMM J163516.6-580520,3.60248e-14,40.183210587204,,,,248.81937791343,-58.089075753365,,,
ESO137-034,248.8084515,-58.0795247,2.642226258875903,2.0843469173516778,15.34000015258789,37.56644,0.6,,,,,4XMM J163529.8-580431,6.59885e-15,126.11012196877654,,,,248.87425611222,-58.075474096624,,,
PGC058586,249.064458,66.2399722,0.465553937733915,0.2570218257912132,29.610000610351562,109.84998,1.1,,,,,4XMM J163614.0+661410,4.43299e-14,16.062838244218597,2CXO J163614.1+661410,2.21088651012e-14,15.754283165902553,249.058976000173,66.2361943972076,,0.8664545336249196,
ESO101-004,249.5755125,-64.3601672,0.6123080996325245,0.4874948188586936,177.6699981689453,215.6751,4.2,,,,,4XMM J163818.7-642201,5.932e-14,24.800319348010945,,,,249.578277046415,-64.3669515453261,,,
UGC10512,250.4461515,39.9844097,0.5942511137185092,0.5780561210960495,,145.01068,-4.9,,,,,,,,2CXO J164147.8+395904,4.49013214749e-15,8.557846862289058,250.449228155107,39.984715818239,,,
ESO179-013,251.8333335,-57.4411111,2.004333588136514,1.148074324056181,52.56,10.9,8.9,2SXPS J164724.3-572522,1.376e-13,5.502e-13,74.20553011452388,,,,,,,251.85148,-57.42296,,,
ESO069-009,252.064416,-69.1396389,1.213305047541208,0.8530411945015619,,65.25293,5.0,,,,,4XMM J164810.6-690732,2.39761e-14,56.26659817728668,,,,252.044191908571,-69.1257684883585,,,
ESO069-009,252.064416,-69.1396389,1.213305047541208,0.8530411945015619,,65.25293,5.0,,,,,4XMM J164811.9-690909,5.45629e-15,50.01948963142906,,,,252.04991439857,-69.152538572636,,,
NGC6215,252.7792935,-58.9931413,1.3060806771996034,1.1667290311405016,87.45999908447266,20.69188,4.9,,,,,4XMM J165103.5-585948,6.0117e-14,30.294062869187997,,,,252.764714808438,-58.9969383357347,,,
NGC6215,252.7792935,-58.9931413,1.3060806771996034,1.1667290311405016,87.45999908447266,20.69188,4.9,,,,,4XMM J165110.7-585956,3.48484e-13,35.47740433716473,,,,252.79474827801,-58.998950328117,,,
NGC6221,253.192002,-59.218049,2.398667243183446,1.5630396835619775,4.320000171661377,11.85769,4.8,2SXPS J165244.9-591110,9.903e-14,9.3619e-14,114.98768190712137,4XMM J165245.1-591106,9.66721e-14,119.07548831438376,,,,253.188084090101,-59.1850333635463,4.460151706348865,,
NGC6221,253.192002,-59.218049,2.398667243183446,1.5630396835619775,4.320000171661377,11.85769,4.8,,,,,4XMM J165251.5-591503,1.86397e-12,126.26953755884014,,,,253.21496342123,-59.2510988700873,,,
NGC6240,253.2452505,2.4009722,1.09892993639241,0.516380702880699,12.210000038146973,108.64256,0.0,,,,,,,,2CXO J165257.8+022348,8.20568608247e-16,21.39737600640169,253.24103062778,2.3967827334127,,,
NGC6240,253.2452505,2.4009722,1.0989299363924128,0.5163807028806989,12.210000038146973,108.64256,0.0,,,,,4XMM J165258.9+022454,1.13236e-14,51.32755106072269,,,,253.2455563242,2.4152265785487,,,
NGC6240,253.2452505,2.4009722,1.09892993639241,0.516380702880699,12.210000038146973,108.64256,0.0,,,,,,,,2CXO J165259.3+022431,7.84112831797e-16,29.508016975935707,253.247470511222,2.40886305861904,,,
NGC6240,253.2452505,2.4009722,1.09892993639241,0.516380702880699,12.210000038146973,108.64256,0.0,,,,,,,,2CXO J165259.6+022423,1.46012070027e-15,22.7712442896618,253.248517612477,2.40639020226723,,,
NGC6240,253.2452505,2.4009722,1.09892993639241,0.516380702880699,12.210000038146973,108.64256,0.0,,,,,,,,2CXO J165300.3+022358,3.58353527031e-15,23.004464855410237,253.251520847876,2.39971305226004,,,
NGC6269,254.491506,27.8544351,0.9203860007344801,0.660647817093288,80.36000061035156,118.57682,-4.8,,,,,,,,2CXO J165757.7+275147,3.77431538504e-15,31.902815302877897,254.490688698677,27.8632674854126,,,
ESO138-010,254.761884,-60.2160645,2.760387196403787,2.0043335881365145,55.59,14.7,7.9,2SXPS J165911.2-601152,4.24e-14,1.6303e-13,90.69167373996319,,,,,,,254.79691,-60.19785,,,
NGC6292,255.7644465,61.0439147,0.6606478170932877,0.3169348556284635,102.44999694824219,55.71856,4.0,,,,,4XMM J170307.3+610229,8.86905e-14,29.09798242825533,,,,255.78045207763,61.041616655831,,,
NGC6300,259.247382,-62.8201795,2.6666744774381037,1.702040948505006,120.22000122070312,13.18257,3.1,2SXPS J171648.2-624921,1.552e-13,5.0526e-13,76.93218545431895,,,,2CXO J171648.2-624923,1.42989034562e-13,77.12667971631458,259.200967317682,-62.8232672326384,,,2.368625209404476
NGC6300,259.247382,-62.8201795,2.6666744774381037,1.702040948505006,120.22000122070312,13.18257,3.1,,,,,,,,2CXO J171705.4-624910,8.56734543715e-14,41.56279900284969,259.27262083259,-62.8195645282386,,,
IC1262,263.2584165,43.7595833,0.818408260713906,0.410175772164909,84.0,130.01694,-4.8,,,,,,,,2CXO J173303.0+434527,1.68684637963e-14,13.676562590518854,263.262882127881,43.7575758423975,,,
IC1262,263.2584165,43.7595833,0.8184082607139044,0.4101757721649092,84.0,130.01694,-4.8,,,,,4XMM J173303.3+434535,7.43661e-14,14.264858581606807,,,,263.26387578439,43.759976075773,,,
IC1263,263.2801515,43.8219899,0.81277437787524,0.34195582364071503,178.05999755859375,131.3409,3.4,,,,,,,,2CXO J173307.5+434958,2.65413282062e-15,39.74916142837574,263.281418422388,43.8329934392037,,,
PGC2231366,263.2943775,43.8796467,0.2338675706435994,0.1900946981602806,44.0,138.80338,,,,,,,,,2CXO J173311.1+435255,1.3010093931943e-14,9.91744141097635,263.296472155384,43.8819509776291,,,
PGC060511,263.575608,68.0191106,0.4064152580820497,0.16179682846481416,14.5,119.67405,-5.0,,,,,4XMM J173416.6+680052,3.62941e-14,18.185984625481133,,,,263.5692489084,68.014654941502,,,
ESO139-012,264.412833,-59.9407222,0.685440883082424,0.5662001816177784,27.110000610351562,71.81249,3.7,,,,,,,,2CXO J173735.7-595645,1.23382818151e-14,31.707849727144545,264.398751170885,-59.945997792339,,,
NGC6407,266.24025,-60.7397778,1.235862072508068,0.96598415850846,56.16999816894531,64.68447,-2.3,,,,,,,,2CXO J174454.7-604423,2.81253500545e-14,21.2269265471262,266.228186717075,-60.7398150916713,,,
NGC6407,266.24025,-60.7397778,1.2358620725080653,0.9659841585084622,56.16999816894531,64.68447,-2.3,,,,,4XMM J174503.7-604345,2.28513e-14,58.7586622247603,,,,266.2656638677,-60.729192290289,,,
NGC6509,269.8555425,6.2869924,0.7227198853729636,0.6208261537962054,104.0,29.39003,6.5,2SXPS J175924.4+061739,5.573e-14,2.243e-13,29.80932868937188,,,,,,,269.85176,6.29437,,,
NGC6509,269.8555425,6.2869924,0.7227198853729636,0.6208261537962054,104.0,29.39003,6.5,2SXPS J175927.2+061719,7.174e-14,2.6334e-13,28.82058616030202,,,,,,,269.86342,6.28866,,,
IC4687,273.4157955,-57.7252348,0.5740768107484416,0.3672569340785574,51.20000076293945,73.62071,2.9,,,,,,,,2CXO J181340.7-574318,3.59095973049e-15,14.054490129320506,273.419695218155,-57.7219325667559,,,
IC4687,273.4157955,-57.7252348,0.5740768107484416,0.3672569340785574,51.20000076293945,73.62071,2.9,,,,,,,,2CXO J181342.3-574318,5.39896862612e-15,24.155826124106397,273.426540168518,-57.7217559943051,,,
ESO182-007,274.205868,-57.2268179,0.737853266637948,0.374947104666228,10.949999809265137,70.04869,-2.8,,,,,4XMM J181649.2-571357,4.42182e-14,21.295919829515743,2CXO J181649.0-571358,1.17531923606e-14,21.727195276840916,274.204574862585,-57.2328125075939,,1.346880909532657,
NGC6643,274.943166,74.5683889,1.6594722877630517,0.8146480163198611,37.16999816894531,20.89296,5.2,,,,,4XMM J181943.3+743336,2.70709e-14,32.30941871174893,,,,274.93068547232,74.560051429548,,,
NGC6643,274.943166,74.5683889,1.6594722877630517,0.8146480163198611,37.16999816894531,20.89296,5.2,,,,,4XMM J181943.5+743337,1.98187e-14,30.71160361321769,,,,274.931317368075,74.5604621740992,,,
NGC6643,274.943166,74.5683889,1.6594722877630501,0.8146480163198639,37.16999816894531,20.89296,5.2,,,,,4XMM J181951.2+743512,4.18005e-14,68.98341129048632,2CXO J181950.9+743512,3.31096752513e-14,68.63670345343918,274.962416610646,74.5867544872788,,0.9402754193112227,
NGC6643,274.943166,74.5683889,1.6594722877630501,0.8146480163198639,37.16999816894531,20.89296,5.2,,,,,4XMM J181955.6+743446,9.42485e-14,55.090942353957146,2CXO J181955.7+743448,6.2175820108e-14,56.11052719015106,274.982194630672,74.5800147956505,,1.1610185754503002,
NGC6643,274.943166,74.5683889,1.6594722877630517,0.8146480163198611,37.16999816894531,20.89296,5.2,,,,,4XMM J181959.2+743513,2.49863e-13,84.97357145091499,,,,274.99699939553,74.587155690964,,,
IC1291,278.469042,49.2785556,0.66676071608166,0.572756470722768,,32.88516,7.9,,,,,,,,2CXO J183351.4+491642,2.03692020386e-14,10.650965855079958,278.46451469594,49.2783825662083,,,
3C386,279.6092475,17.1968066,0.5271934481956296,0.3819178917888456,115.0,76.59493,-3.0,,,,,,,,2CXO J183826.3+171139,7.82677278525e-15,9.507812840708922,279.609773457386,17.1942137754013,,,
ESO336-009,280.283091,-41.7949613,0.5942511137185092,0.3176654659258716,97.5,83.79151,5.5,,,,,,,,2CXO J184109.3-414733,2.82767179568e-15,18.246159618273943,280.289073274082,-41.7925537757693,,,
NGC6702,281.739939,45.7057799,0.8221858616074658,0.7111643935614098,57.52000045776367,51.99964,-4.9,,,,,4XMM J184700.0+454226,8.1309e-15,26.419101072010683,,,,281.750222589662,45.7072910103656,,,
NGC6703,281.8285245,45.5506042,1.213305047541208,1.1884201433124386,,27.16437,-2.8,,,,,4XMM J184721.9+453358,1.37123e-14,65.46969776178278,,,,281.841573073218,45.5663286535111,,,
ESO104-007,281.824959,-63.359391,1.1454338263838868,0.6066944252324887,65.37000274658203,57.0164,-3.8,,,,,4XMM J184725.9-632113,2.53982e-14,57.01048490678956,,,,281.857988808631,-63.3537875921406,,,
ESO104-007,281.824959,-63.359391,1.1454338263838868,0.6066944252324887,65.37000274658203,57.0164,-3.8,,,,,4XMM J184726.3-632131,7.13643e-15,56.368904499576196,,,,281.85983758408,-63.358629685365,,,
IC4766,281.89875,-63.2919444,0.613719615579204,0.21876105257912581,110.06999969482422,69.43845,-1.1,,,,,4XMM J184739.8-631740,1.22643e-14,29.661310734802903,2CXO J184739.8-631741,7.56861397748e-15,30.121263781805997,281.916124500243,-63.2949501961902,,1.2384490860484492,
PGC062437,282.0332505,-63.2098056,0.2618002182928751,0.22078522367665623,79.5,58.15673,-2.5,,,,,4XMM J184810.0-631230,7.08731e-15,14.377094098680985,,,,282.04168133674,-63.208577339373,,,
ESO104-014,282.092742,-63.2175668,0.5662001816177786,0.10138413597606412,43.7599983215332,139.31577,5.3,,,,,4XMM J184824.3-631246,1.99108e-14,22.155768548443184,,,,282.101367353312,-63.2127952061763,,,
IC1296,283.3284585,33.0665556,0.495415972446384,0.266054129633397,68.80000305175781,78.41515,3.6,,,,,,,,2CXO J185317.1+330358,1.43084170202e-14,20.989872653574846,283.321506304804,33.0663313630541,,,
PGC062535,283.3680915,68.4752768,0.48302543949490667,0.41301897478858934,160.0,115.34533,,,,,,4XMM J185331.4+682810,6.19963e-14,26.79210906763633,,,,283.38121138034,68.469601466393,,,
PGC140831,284.2819995,-78.4725556,0.33034672400379783,0.185767614548586,141.0,181.55157,0.0,,,,,,,,2CXO J185712.5-782830,2.87531061819e-14,17.36048929110028,284.302433628963,-78.4751214954531,,,
NGC6744,287.4418785,-63.8574729,7.833755350540743,4.8749481885869335,13.68,8.95365,4.0,2SXPS J190952.0-634952,7.578e-14,1.8767e-13,102.06248841254971,,,,,,,287.46703,-63.83138,,,
NGC6744,287.4418785,-63.8574729,7.833755350540743,4.8749481885869335,13.68,8.95365,4.0,2SXPS J191002.3-635004,5.637e-13,1.4129e-12,136.03908349387115,,,,,,,287.50993,-63.83449,,,
NGC6754,287.8572915,-50.6421944,1.011509589339136,0.5382326068149175,78.23,38.01894,3.2,2SXPS J191124.9-503909,2.892e-14,1.8258e-13,38.123040730187796,,,,,,,287.85395,-50.65257,,,
NGC6753,287.848083,-57.0493889,1.4824156947621712,1.2941064575765457,27.020000457763672,23.98832,3.0,,,,,4XMM J191125.8-570322,3.25848e-14,30.66898457651472,,,,287.85751483066,-57.056190575486,,,
NGC6753,287.848083,-57.0493889,1.4824156947621712,1.2941064575765457,27.020000457763672,23.98832,3.0,,,,,4XMM J191127.7-570331,3.25624e-14,47.9192311633917,,,,287.865621802173,-57.0586731953764,,,
PGC084913,292.839294,-72.6555478,0.3154786722400968,0.1815390273850506,175.0,270.39584,,,,,,,,,2CXO J193121.0-723929,6.77864634386e-15,9.166967449664705,292.837827967139,-72.6580563985906,,,
NGC6799,293.0687955,-55.9079877,0.9140501080713714,0.6791567232935771,106.69999694824219,48.52886,-3.5,,,,,4XMM J193219.0-555448,4.08332e-14,28.99743700386966,,,,293.079284483268,-55.9134939678096,,,
ESO142-019,293.328918,-58.1142771,1.2415665526477853,0.5296268625886446,160.6999969482422,61.6879,2.4,,,,,4XMM J193317.8-580718,4.2545e-15,28.299303916962792,,,,293.32452296251,-58.121787455943,,,
IC4901,298.5963705,-58.7138152,1.8406448682126575,1.2501726808482159,129.27,20.04472,5.1,2SXPS J195420.0-584301,7.367e-14,1.0092e-13,26.542930218966394,,,,,,,298.58364,-58.71708,,,
PGC3082851,300.6565005,-55.9013472,0.2259279721874612,0.1737680807216029,151.0,237.7935,-5.0,,,,,4XMM J200238.9-555409,1.70999e-14,12.792123322795952,,,,300.66230981378,-55.902768455677,,,
NGC6862,302.2285485,-56.392087,0.7160939496367716,0.6621707675973322,,58.74894,4.2,,,,,4XMM J200855.4-562256,4.22251e-15,35.31713764867119,,,,302.23104755095,-56.382374716219,,,
NGC6868,302.475177,-48.3795056,1.79048218551318,1.5666428621577961,79.7300033569336,28.18383,-4.9,,,,,,,,2CXO J200954.9-482400,3.65875559477e-14,75.11717277186825,302.478874199055,-48.4002265365424,,,
NGC6870,302.5451505,-48.2869373,1.27929294345282,0.5419634570106018,86.12999725341797,51.28612,2.2,,,,,,,,2CXO J201003.5-481707,4.73551615248e-15,72.66156438568896,302.514892628435,-48.2855191335037,,,
NGC6870,302.5451505,-48.2869373,1.27929294345282,0.5419634570106018,86.12999725341797,51.28612,2.2,,,,,,,,2CXO J201009.2-481740,4.82322662164e-15,31.248298830033043,302.538671707569,-48.2944713513445,,,
NGC6870,302.5451505,-48.2869373,1.27929294345282,0.5419634570106018,86.12999725341797,51.28612,2.2,,,,,,,,2CXO J201011.3-481645,6.99106645804e-15,28.059450643806855,302.547330775028,-48.2792792339149,,,
NGC6870,302.5451505,-48.2869373,1.27929294345282,0.5419634570106018,86.12999725341797,51.28612,2.2,,,,,,,,2CXO J201012.7-481703,1.66355195757e-14,21.48340547873016,302.553257442203,-48.2843854800917,,,
NGC6870,302.5451505,-48.2869373,1.27929294345282,0.5419634570106018,86.12999725341797,51.28612,2.2,,,,,,,,2CXO J201012.8-481658,1.66355195757e-14,24.555529432259284,302.553508254393,-48.2829881442701,,,
NGC6870,302.5451505,-48.2869373,1.27929294345282,0.5419634570106018,86.12999725341797,51.28612,2.2,,,,,,,,2CXO J201015.0-481700,6.81353889188e-15,43.79861940853743,302.562663390812,-48.2834423452261,,,
NGC6872,304.2347445,-70.7679087,2.349470543026077,0.9035870630054637,48.040000915527344,65.25293,3.3,,,,,4XMM J201647.1-704700,4.26114e-15,72.1086070068063,,,,304.19633462715,-70.783441179423,,,
NGC6872,304.2347445,-70.7679087,2.3494705430260803,0.903587063005464,48.040000915527344,65.25293,3.3,,,,,,,,2CXO J201649.1-704648,6.89907597439e-15,56.70027688765429,304.20459629319,-70.7801359953473,,,
NGC6872,304.2347445,-70.7679087,2.3494705430260803,0.903587063005464,48.040000915527344,65.25293,3.3,,,,,,,,2CXO J201653.3-704605,5.04986046564e-15,14.841149843622315,304.222258308811,-70.7681909720394,,,
NGC6872,304.2347445,-70.7679087,2.3494705430260803,0.903587063005464,48.040000915527344,65.25293,3.3,,,,,,,,2CXO J201655.6-704626,4.24654189699e-15,22.058600017859064,304.231856219499,-70.7739618010304,,,
NGC6872,304.2347445,-70.7679087,2.3494705430260803,0.903587063005464,48.040000915527344,65.25293,3.3,,,,,,,,2CXO J201656.7-704636,1.19004644202e-14,32.395363042575596,304.236633962552,-70.776885872902,,,
NGC6872,304.2347445,-70.7679087,2.3494705430260803,0.903587063005464,48.040000915527344,65.25293,3.3,,,,,4XMM J201657.3-704704,2.56411e-14,59.844501653184004,2CXO J201657.8-704703,1.08337443163e-14,59.51119117844319,304.240843773771,-70.7843171473176,,2.540063810736228,
NGC6872,304.2347445,-70.7679087,2.3494705430260803,0.903587063005464,48.040000915527344,65.25293,3.3,,,,,,,,2CXO J201700.9-704609,7.27533195272e-15,23.01841890503295,304.253757783145,-70.7691978989584,,,
NGC6911,304.9097505,66.7283611,0.9182691716741733,0.5069556928683397,121.75,32.2107,3.0,,,,,4XMM J201938.2+664324,6.07808e-14,18.077355262241564,,,,304.9093443854,66.723342177077,,,
ESO186-055,307.77348,-52.6132897,0.8452204658216321,0.27923509736841545,104.22,66.46607,1.9,2SXPS J203102.3-523634,5.29e-14,2.5563e-13,32.52715381101586,,,,,,,307.75989,-52.60961,,,
NGC6926,308.2755045,-2.0274612,0.6652272089890457,0.1832187873239167,177.8800048828125,88.02378,5.6,,,,,4XMM J203305.9-020209,2.83059e-14,30.898609345288058,,,,308.27472746068,-2.0360089452412,,,
NGC6926,308.2755045,-2.0274612,0.6652272089890457,0.1832187873239167,177.8800048828125,88.02378,5.6,,,,,4XMM J203305.9-020108,9.44832e-15,30.724559330186846,,,,308.27498730228,-2.0189422661522,,,
ESO186-062,308.508666,-52.9811806,1.153373594360034,1.018521038852862,138.22000122070312,34.64176,6.9,,,,,,,,2CXO J203402.3-525828,3.31000075211e-14,23.87855027481365,308.509668016063,-52.9745751664087,,,
NGC6925,308.585718,-31.9808826,2.338675706435988,0.5820630147052458,4.809999942779541,29.78515,4.0,,,,,,,,2CXO J203418.5-315928,1.01169161511e-14,45.011818054397395,308.577432113476,-31.9912238145351,,,
NGC6925,308.585718,-31.9808826,2.338675706435988,0.5820630147052458,4.809999942779541,29.78515,4.0,,,,,,,,2CXO J203419.6-320007,1.15250774679e-14,77.17537049770637,308.581965622527,-32.0020826604447,,,
NGC6925,308.585718,-31.9808826,2.338675706435988,0.5820630147052458,4.809999942779541,29.78515,4.0,,,,,,,,2CXO J203420.7-320002,1.42751702319e-14,71.56582143311681,308.586346790949,-32.0007548402405,,,
NGC6925,308.585718,-31.9808826,2.338675706435988,0.5820630147052458,4.809999942779541,29.78515,4.0,2SXPS J203420.7-315742,1.33e-13,4.8344e-13,69.22643752778195,,,,2CXO J203420.7-315742,4.40592248518e-14,69.22614875150043,308.586594373306,-31.9616674908263,,,0.23115929384360037
NGC6925,308.585718,-31.9808826,2.338675706435988,0.5820630147052458,4.809999942779541,29.78515,4.0,,,,,,,,2CXO J203420.8-315913,2.36688889154e-14,22.869468147458612,308.586965245255,-31.9871465235642,,,
NGC6925,308.585718,-31.9808826,2.338675706435988,0.5820630147052458,4.809999942779541,29.78515,4.0,,,,,,,,2CXO J203421.6-315832,1.5690176978e-14,23.490860675329955,308.590335581105,-31.9756636954504,,,
NGC6946,308.718,60.15391666667,5.701248937805843,5.419634570106019,,7.73,5.9,2SXPS J203426.1+600910,7.012e-14,2.5171e-13,195.43930952860137,4XMM J203425.9+600908,1.83776e-13,196.89148861836404,,,,308.608145899289,60.1524530650575,1.8696504920722758,,
NGC6946,308.718,60.15391666667,5.701248937805844,5.419634570106018,,7.73,5.9,2SXPS J203436.5+600929,5.837e-14,2.0217e-13,118.84213189326783,,,,2CXO J203436.5+600930,1.63500760715e-13,119.1016857174997,308.652150690152,60.1584692415987,,,0.7700722868680252
NGC6946,308.718,60.15391666667,5.701248937805843,5.419634570106019,,7.73,5.9,2SXPS J203451.0+601043,1.693e-13,5.1367e-13,90.30242532921999,4XMM J203451.1+601043,1.56703e-13,89.83605997829433,,,,308.71305745888,60.1787496943794,0.5590529534887744,,
NGC6946,308.718,60.15391666667,5.701248937805843,5.419634570106019,,7.73,5.9,2SXPS J203456.6+600834,9.695e-14,2.7686e-13,51.11368619688624,,,,,,,308.73587,60.14285,,,
NGC6946,308.718,60.15391666667,5.701248937805843,5.419634570106019,,7.73,5.9,,,,,4XMM J203456.8+600811,3.52897e-13,71.40543550779918,,,,308.73696518938,60.13647276778,,,
NGC6946,308.718,60.15391666667,5.701248937805843,5.419634570106019,,7.73,5.9,2SXPS J203457.7+600949,1.648e-13,4.7298e-13,53.458367917762004,,,,,,,308.74059,60.16362,,,
NGC6946,308.718,60.15391666667,5.701248937805844,5.419634570106018,,7.73,5.9,2SXPS J203500.2+600907,1.354e-13,4.9193e-13,59.20276234753788,4XMM J203500.1+600908,2.71039e-13,58.83101055397173,2CXO J203500.1+600908,2.31426181571e-13,58.67388156490931,308.750577521592,60.1522545018723,0.6074158902630278,0.1982095379487866,
NGC6946,308.718,60.15391666667,5.701248937805844,5.419634570106018,,7.73,5.9,2SXPS J203500.7+601130,1.254e-12,2.9836e-12,150.46627401822863,4XMM J203500.7+601130,1.1896e-12,150.2482188481527,2CXO J203500.7+601130,1.04001130196e-12,150.42053144065613,308.753084708653,60.1918816040956,0.23995916610129317,0.2525090002947979,
NGC6946,308.718,60.15391666667,5.701248937805843,5.419634570106019,,7.73,5.9,2SXPS J203501.1+601009,1.432e-13,5.1547e-13,85.87198025319454,,,,,,,308.75469,60.16927,,,
NGC6946,308.718,60.15391666667,5.701248937805843,5.419634570106019,,7.73,5.9,2SXPS J203505.5+600621,2.522e-14,5.9211e-13,199.16503846159114,,,,,,,308.77314,60.10589,,,
NGC6946,308.718,60.15391666667,5.701248937805843,5.419634570106019,,7.73,5.9,2SXPS J203518.7+601054,5.811e-14,2.3886e-13,221.45043597137993,,,,,,,308.8281,60.18192,,,
PGC090367,309.3237915,25.5271389,0.34274411322633064,0.2877199686685782,95.0,153.17928,5.0,,,,,,,,2CXO J203717.2+253142,5.32619914545e-15,8.086363159374303,309.321825838353,25.5285170227342,,,
PGC090367,309.3237915,25.5271389,0.34274411322633064,0.2877199686685782,95.0,153.17928,5.0,,,,,,,,2CXO J203717.9+253149,3.14260752652e-15,11.724451731071444,309.324736265708,25.5302821294858,,,
PGC090367,309.3237915,25.5271389,0.34274411322633064,0.2877199686685782,95.0,153.17928,5.0,,,,,,,,2CXO J203719.0+253132,2.61936320435e-15,19.481594936864884,309.329553168476,25.5256380089503,,,
NGC6944,309.5994585,6.9965556,0.5610092271509818,0.3971641173621408,48.0,66.46607,-3.0,2SXPS J203824.9+065933,5.328e-14,3.7709e-13,21.267049597695856,,,,,,,309.60387,6.99259,,,
ESO463-012,309.855,-30.6175556,0.4354817949780403,0.2971460793077863,14.550000190734863,175.2266,5.2,,,,,4XMM J203926.3-303700,1.47142e-14,15.794112662375413,,,,309.85999460943,-30.616676668849,,,
NGC6942,310.1576355,-54.3030506,1.1167861114152657,0.8530411945015617,135.65,41.87937,-0.3,2SXPS J204036.3-541851,1.718e-14,6.2568e-14,43.064564733312096,,,,,,,310.15126,-54.31442,,,
NGC6943,311.1402405,-68.7478986,1.8705529413602666,1.1167861114152657,125.62,35.97491,5.9,2SXPS J204443.5-684540,3.427e-13,7.3488e-13,72.08998718838649,,,,,,,311.18155,-68.7612,,,
PGC3092873,311.51265,-5.7409355,0.37236598695299455,0.2611980944995599,73.11,119.06935,0.0,2SXPS J204601.2-054433,5.623e-14,1.8464e-13,26.90160369772537,,,,,,,311.50534,-5.74265,,,
ESO187-026,312.9870555,-52.629689,0.742967821143504,0.3899150552616294,56.33000183105469,205.96812,-3.0,,,,,,,,2CXO J205155.5-523752,6.40380728656e-15,13.426475331056464,312.981530954181,-52.6313218511562,,,
IC5063,313.009716,-57.0688296,1.342672222829256,0.9549266292831181,119.9800033569336,46.34469,-1.2,,,,,,,,2CXO J205200.6-570417,4.01597582755e-15,17.07450699690955,313.002550976509,-57.0715359529532,,,
PGC065597,313.0015395,-52.7549867,0.659128369278204,0.5357596526188032,150.0,168.26749,-3.8,,,,,,,,2CXO J205200.9-524546,9.18008511772e-15,29.037233301524658,313.003842353058,-52.762931292246,,,
IC5052,313.02320833333,-69.20163888889,3.5807170510645103,0.6667607160816622,140.19,5.70164,7.0,2SXPS J205203.8-691124,2.894e-13,7.7258e-13,42.742573489494816,,,,,,,313.01594,-69.19005,,,
IC5052,313.02320833333,-69.20163888889,3.5807170510645103,0.6667607160816622,140.19000244140625,5.70164,7.0,2SXPS J205216.9-691316,2.007e-12,2.9301e-12,92.73416165707056,4XMM J205216.9-691316,1.01546e-12,93.29916419029044,,,,313.07068367062,-69.221330044888,0.6086703112533238,,
PGC065678,313.541661,-69.0402819,0.1651847705184072,0.0699793661286312,6.099999904632568,159.441,,,,,,,,,2CXO J205409.7-690234,5.25199810249e-15,9.497279535005129,313.540726920613,-69.042898790641,,,
NGC6984,314.474916,-51.8708472,0.8994354575643938,0.5793886780775629,101.4,50.35002,4.9,2SXPS J205755.9-515241,8.155e-14,2.4843e-13,31.973607008842507,,,,,,,314.48308,-51.87816,,,
ESO286-019,314.6112705,-42.6500803,0.3419558236407144,0.1327302780987768,150.2100067138672,186.0373,10.0,,,,,,,,2CXO J205826.5-423908,1.09908331211e-14,8.232534853671579,314.610553369925,-42.6523054578241,,,
NGC7013,315.8898795,29.8973421,2.07955305247011,0.6652272089890441,158.0,15.22,0.5,,,,,,,,2CXO J210333.9+295317,1.67181756125e-13,33.03061671917317,315.891422457204,29.8882649651187,,,
NGC7013,315.8898795,29.8973421,2.07955305247011,0.6652272089890441,158.0,15.22,0.5,,,,,,,,2CXO J210335.4+295226,3.79316418013e-14,87.92206841194475,315.897902797429,29.8739309513658,,,
PGC128847,316.400637,-52.3781087,0.4560054196779548,0.3801631384700909,70.58999633789062,155.02438,5.0,,,,,4XMM J210536.0-522300,7.91556e-14,19.513247780269626,,,,316.40035154496,-52.38352624521,,,
PGC066146,316.9225515,3.872119,0.8749233443123288,0.3507276492099857,,114.7625,5.8,,,,,4XMM J210740.2+035159,3.46741e-14,26.644137491103187,,,,316.91783727339,3.8664046079577,,,
NGC7049,319.750866,-48.5608096,1.9722865103763898,1.34886971622246,63.56999969482422,29.92266,-1.9,,,,,,,,2CXO J211900.8-483348,2.698298733e-14,11.404105770690387,319.753415093522,-48.5634908318615,,,
NGC7059,321.839589,-60.014452,1.8534036089128798,0.6621707675973322,100.48,31.91539,5.6,2SXPS J212729.2-600102,2.592e-12,2.592e-12,59.30671548550665,,,,,,,321.87201,-60.01743,,,
NGC7064,322.2626055,-52.7675742,1.8705529413602666,0.3483132570553844,91.51,11.16863,5.1,2SXPS J212900.3-524612,1.29e-12,1.3848e-12,25.5620998038277,,,,,,,322.2516,-52.77004,,,
ESO531-006,323.738115,-24.694799,0.5780561210960493,0.5780561210960493,,221.5134,4.2,2SXPS J213458.4-244146,5.182e-14,7.1214e-14,18.786468435718195,,,,,,,323.74366,-24.69616,,,
PGC134307,323.758389,-24.6943507,0.3364883281421589,0.23494705430260773,28.19,222.12631,0.0,2SXPS J213501.6-244120,1.451e-14,5.2333e-14,19.543343001652968,,,,,,,323.75679,-24.68912,,,
NGC7090,324.12048,-54.557572,4.026892205995333,0.809040018821533,128.16,8.31764,5.0,2SXPS J213619.8-543147,1.009e-13,3.2464e-13,127.49020330724885,,,,,,,324.08273,-54.52974,,,
NGC7090,324.12048,-54.557572,4.026892205995333,0.809040018821533,128.16,8.31764,5.0,2SXPS J213629.5-543350,2.03e-13,1.1334e-12,23.647388641721765,,,,,,,324.12319,-54.56395,,,
NGC7090,324.12048,-54.557572,4.026892205995333,0.809040018821533,128.16000366210938,8.31764,5.0,,,,,4XMM J213631.8-543357,6.79445e-13,39.69332289440219,,,,324.1328788519,-54.565931836293,,,
NGC7090,324.12048,-54.557572,4.026892205995333,0.809040018821533,128.16000366210938,8.31764,5.0,2SXPS J213633.9-543403,2.285e-13,3.906e-13,56.65522330879537,4XMM J213633.8-543400,3.83362e-13,54.299020328184554,,,,324.141095886825,-54.566770525727,2.7848869815417956,,
NGC7096,325.3303545,-63.9087083,1.049469941811762,0.99076351290255,,44.46316,1.1,,,,,,,,2CXO J214115.5-635402,2.13773236968e-14,37.940434705764105,325.314826274929,-63.9006822614594,,,
NGC7096,325.3303545,-63.9087083,1.049469941811762,0.99076351290255,,44.46316,1.1,,,,,,,,2CXO J214118.2-635422,4.52573128088e-15,11.435427059271442,325.326180906058,-63.906115884844,,,
IC5131,326.855469,-34.8836786,0.8109050486794649,0.7637830291190363,,36.96579,-2.9,2SXPS J214727.0-345237,3.243e-13,3.243e-13,31.969977688323777,,,,,,,326.86286,-34.87719,,,
PGC133317,327.8896245,-27.4529722,0.3318715352009544,0.27037716147279045,132.6300048828125,140.0232,0.0,,,,,4XMM J215132.5-272659,6.56608e-15,17.723369533094974,,,,327.88542363577,-27.449756524844,,,
UGC11861,329.1005835,73.2609167,0.8891397050194615,0.4255690191011883,6.82,17.70109,7.6,2SXPS J215628.6+731520,5.606e-14,2.7224e-13,26.833735707894483,,,,,,,329.1194,73.2558,,,
ESO075-041,329.274792,-69.6898889,0.983943144853422,0.47420923165044837,132.24000549316406,120.28182,-3.1,,,,,,,,2CXO J215704.1-694147,8.87189029186e-15,25.347135619399157,329.267170752693,-69.6964140953405,,,
ESO075-041,329.274792,-69.6898889,0.983943144853422,0.47420923165044837,132.24000549316406,120.28182,-3.1,,,,,,,,2CXO J215707.1-694115,8.66151741501e-15,10.358503071631763,329.279777267658,-69.6875900676423,,,
NGC7174,330.5278935,-31.9922415,1.253054626516056,1.10146323152673,85.33000183105469,37.54914,2.5,,,,,,,,2CXO J220207.8-315920,1.08873985315e-14,19.02666264805181,330.532913512801,-31.9891101060029,,,
IC5157,330.86247,-34.9417636,1.006862124931194,0.899435457564396,56.0099983215332,62.89267,-4.7,,,,,,,,2CXO J220324.4-345606,5.25031170232e-15,38.89349964158535,330.851959079325,-34.9352461768786,,,
IC5157,330.86247,-34.9417636,1.006862124931194,0.899435457564396,56.0099983215332,62.89267,-4.7,,,,,,,,2CXO J220325.6-345633,4.92496074321e-15,16.607716834940533,330.856956660185,-34.9426891758242,,,
IC5157,330.86247,-34.9417636,1.0068621249311942,0.899435457564394,56.0099983215332,62.89267,-4.7,,,,,4XMM J220327.7-345541,2.83496e-14,49.374477784218534,,,,330.86573224888,-34.928311742775,,,
NGC7196,331.478439,-50.1190894,1.380288928110174,1.030314956635002,56.959999084472656,45.28973,-4.8,,,,,,,,2CXO J220553.1-500623,4.1896042906687e-15,48.42586612601908,331.471379773567,-50.1064223869666,,,
NGC7196,331.478439,-50.1190894,1.380288928110174,1.030314956635002,56.959999084472656,45.28973,-4.8,,,,,,,,2CXO J220555.4-500603,7.37143427264e-15,65.45880633769106,331.481004967809,-50.1009810159599,,,
PGC068149,332.2782495,2.0149167,0.3147530914285988,0.23876463682884544,179.0,56.36377,,,,,,4XMM J220906.3+020036,3.93001e-14,18.63076180956422,,,,332.27648014206,2.010052951601,,,
IC5179,334.03809,-36.8436333,0.5069556928683396,0.257614322290878,60.630001068115234,42.46194,4.0,,,,,4XMM J221607.8-365056,2.96146e-14,25.02740198285311,2CXO J221607.8-365055,9.05779876493e-15,24.005960582425306,334.032879776312,-36.8488373413478,,1.0228370227778278,
IC5179,334.03809,-36.8436333,0.5069556928683396,0.257614322290878,60.630001068115234,42.46194,4.0,,,,,,,,2CXO J221610.1-365020,2.19720764205e-14,21.148174329771873,334.042475700112,-36.8389226258942,,,
IC5188,334.610043,-59.6413196,0.6470979207249961,0.5259809369116116,,64.09144,5.1,,,,,,,,2CXO J221827.6-593847,1.79586242599e-14,20.75854515438447,334.615135134031,-59.6464797611588,,,
IC5188,334.610043,-59.6413196,0.6470979207249961,0.5259809369116116,,64.09144,5.1,,,,,,,,2CXO J221828.2-593842,1.6773077175e-14,19.67768594247367,334.617722806439,-59.6451684162645,,,
NGC7252,335.1862365,-24.6782126,0.9246343094890379,0.856978653754212,,67.63944,-1.9,,,,,,,,2CXO J222044.3-244103,8.64764233143e-15,22.62729839859868,335.184649755055,-24.6843303616625,,,
NGC7252,335.1862365,-24.6782126,0.9246343094890379,0.856978653754212,,67.63944,-1.9,,,,,,,,2CXO J222044.6-244001,1.94578363366e-15,40.24684942552127,335.185859785066,-24.6670381618399,,,
NGC7252,335.1862365,-24.6782126,0.9246343094890379,0.856978653754212,,67.63944,-1.9,,,,,,,,2CXO J222045.6-244004,4.42849127889e-15,38.97025802549783,335.190303239773,-24.6680378405506,,,
NGC7265,335.614458,36.2098333,1.238711028816642,0.897366813416262,166.0,76.59493,-2.6,,,,,,,,2CXO J222223.9+361249,9.40615931139e-15,44.70848282374235,335.599888483959,36.2138390940775,,,
ESO467-051,335.8217385,-28.9808773,1.3613506540389564,0.15884370353248853,100.55999755859375,24.75141,6.0,,,,,4XMM J222314.2-285835,1.1234e-13,41.481209492038246,,,,335.809507853219,-28.9766002740143,,,
ESO467-051,335.8217385,-28.9808773,1.361350654038954,0.15884370353248858,100.55999755859375,24.75141,6.0,,,,,4XMM J222315.5-285846,2.61642e-14,22.799854422691503,2CXO J222315.4-285846,1.84977376984e-14,24.182908202017106,335.814176048566,-28.9797114391905,,1.6617020189516816,
NGC7285,337.1581245,-24.8405833,1.3395841624095157,0.7690773201515173,65.0,62.89267,1.1,,,,,4XMM J222841.0-245004,1.85463e-14,46.903260908702585,,,,337.17090865246,-24.834654683822,,,
PGC166755,337.307985,75.3670049,0.6338259329289229,0.3033681647942527,127.0,42.85485,5.0,2SXPS J222918.7+752141,3.332e-13,4.4819e-13,26.62556622053489,,,,,,,337.32805,75.36162,,,
UGC12064,337.835916,39.3582778,0.5163807028806984,0.34116934707083457,39.5,77.19692,-3.0,,,,,,,,2CXO J223121.6+392130,1.92176853339e-15,11.821125745366649,337.840150526414,39.3585278541193,,,
NGC7314,338.9417115,-26.0505071,2.1133430713280164,0.858954193578792,2.9700000286102295,16.74944,4.0,,,,,4XMM J223545.0-260451,4.19392e-14,110.2212973121132,2CXO J223545.0-260451,3.1136341289113e-14,110.80829010842625,338.937573049778,-26.0810618596861,,1.0377051384447382,
NGC7314,338.9417115,-26.0505071,2.1133430713280164,0.858954193578792,2.9700000286102295,16.74944,4.0,,,,,,,,2CXO J223545.0-260219,3.13986151097e-14,44.30215084636453,338.937583389639,-26.0387731582522,,,
NGC7314,338.9417115,-26.0505071,2.1133430713280164,0.858954193578792,2.9700000286102295,16.74944,4.0,,,,,,,,2CXO J223546.3-260429,4.7172018434e-14,87.94343517592196,338.943033130144,-26.0749069649905,,,
NGC7314,338.9417115,-26.0505071,2.1133430713280164,0.858954193578792,2.9700000286102295,16.74944,4.0,,,,,,,,2CXO J223547.8-260239,4.10675654682e-14,33.47088894391508,338.949422267018,-26.0443061809605,,,
NGC7314,338.9417115,-26.0505071,2.113343071328014,0.8589541935787939,2.9700000286102295,16.74944,4.0,,,,,4XMM J223548.1-260129,3.31691e-13,96.51945903150347,,,,338.950587659294,-26.0249097839891,,,
NGC7318A,338.987985,33.9656045,0.732773920477956,0.66676071608166,,98.90084,-4.8,,,,,,,,2CXO J223555.7+335738,4.11040449305e-14,24.666793290521458,338.982126093901,33.9607738681996,,,
NGC7318B,338.993334,33.9660278,1.18568685283083,0.66217076759733,23.600000381469727,86.81605,4.1,,,,,,,,2CXO J223556.5+335704,1.42365728511e-15,58.330219567138506,338.985450533731,33.9512029851559,,,
NGC7318A,338.987985,33.9656045,0.732773920477956,0.66676071608166,,98.90084,-4.8,,,,,,,,2CXO J223556.9+335822,8.64335830569e-16,26.769083927132307,338.987400816685,33.9730245565055,,,
NGC7318B,338.993334,33.9660278,1.1856868528308275,0.6621707675973323,23.6,86.81605,4.1,2SXPS J223557.0+335849,3.649e-14,1.2712e-13,54.955793831624256,,,,,,,338.98766,33.98055,,,
NGC7318A,338.987985,33.9656045,0.732773920477956,0.66676071608166,,98.90084,-4.8,,,,,,,,2CXO J223557.3+335818,2.20851755456e-15,22.985382127945574,338.989050858282,33.9719278413357,,,
NGC7318B,338.993334,33.9660278,1.18568685283083,0.66217076759733,23.600000381469727,86.81605,4.1,,,,,,,,2CXO J223558.9+335849,1.67415043535e-15,52.71916757456435,338.995686887211,33.9805414357616,,,
NGC7318B,338.993334,33.9660278,1.18568685283083,0.66217076759733,23.600000381469727,86.81605,4.1,,,,,,,,2CXO J223559.2+335716,2.57900875046e-15,42.803135725476004,338.99691389988,33.9545147685633,,,
NGC7318B,338.993334,33.9660278,1.1856868528308275,0.6621707675973323,23.600000381469727,86.81605,4.1,,,,,4XMM J223559.5+335805,1.58031e-14,15.967146637785962,,,,338.99808791354,33.968059340352,,,
NGC7318B,338.993334,33.9660278,1.18568685283083,0.66217076759733,23.600000381469727,86.81605,4.1,,,,,,,,2CXO J223600.7+335801,8.61619261223e-15,29.562958092725964,339.003147774952,33.9671184202245,,,
NGC7320,339.014202,33.9481578,1.276350651330624,0.70140685228098,132.3300018310547,18.11341,6.5,,,,,,,,2CXO J223606.5+335626,2.9408003263e-14,47.24143406563346,339.027139148997,33.940606723202,,,
NGC7319,339.01503,33.9759184,0.835545307155354,0.5223601096104,112.0,99.49471,4.0,,,,,,,,2CXO J223607.0+335829,1.23868944729e-14,42.822394715863645,339.029323555668,33.9749222177284,,,
PGC069292,339.1235415,-12.5670278,0.7869914322331099,0.3206047882925808,171.33,108.64256,-1.9,2SXPS J223628.8-123310,9.933e-15,4.3287e-13,51.88610406832382,,,,,,,339.12033,-12.55296,,,
NGC7331,339.267279,34.4156195,4.634149116896747,1.879187021442221,169.6699981689453,14.06047,3.9,2SXPS J223706.8+342618,2.804e-14,2.0974e-13,88.89905532098932,4XMM J223706.6+342619,1.4055e-13,88.89260971676157,,,,339.277564551643,34.4388086392355,2.62169725120522,,
NGC7331,339.267279,34.4156195,4.634149116896747,1.879187021442221,169.67,14.06047,3.9,2SXPS J223709.6+342502,1.859e-14,1.8179e-13,68.50041094274401,,,,,,,339.29025,34.41734,,,
NGC7331,339.267279,34.4156195,4.634149116896747,1.879187021442221,169.6699981689453,14.06047,3.9,2SXPS J223710.7+342348,3.228e-14,2.5982e-13,106.17016050161213,4XMM J223710.3+342348,5.04916e-14,102.69496716598806,,,,339.293263241605,34.3968005947668,4.420204390347416,,
PGC069457,340.1259615,3.3585093,0.4354817949780402,0.16942207806960122,71.5,170.76546,,,,,,,,,2CXO J224031.6+032141,8.4464283430093e-16,23.650066600978885,340.131865941424,3.36141019069421,,,
UGC12160,340.2271245,75.1647222,0.6545909614997035,0.5199600829145297,15.210000038146973,25.46829,5.8,,,,,4XMM J224054.3+750924,2.22885e-14,28.831444938006204,,,,340.22645419538,75.156715305425,,,
3C452,341.45325,39.6875833,0.1990535852767488,0.1442015751563304,99.0,367.79007,,,,,,,,,2CXO J224547.8+394117,3.29057431406e-15,11.124251584168258,341.44934321086,39.6882974769607,,,
NGC7377,341.9478795,-22.3120915,1.9452257249714036,1.5451477162567957,97.9800033569336,35.64509,-1.0,,,,,4XMM J224748.4-221809,8.60393e-15,36.076435628378455,,,,341.95185802245,-22.302770716119,,,
NGC7377,341.9478795,-22.3120915,1.9452257249714036,1.5451477162567957,97.9800033569336,35.64509,-1.0,,,,,4XMM J224755.5-221901,1.34093e-14,112.95351097825373,,,,341.9813617473,-22.317092463494,,,
PGC323655,342.2696985,-64.3432064,0.3154786722400968,0.2685158981851266,,417.0614,,,,,,4XMM J224906.4-642042,2.99223e-14,13.283539874819377,2CXO J224906.5-642043,1.52905871568e-14,14.239958959517951,342.277178715926,-64.3454774129934,,1.507343814792879,
NGC7385,342.476721,11.6076647,0.96598415850846,0.5956210040136876,83.0,80.16782,-4.8,,,,,,,,2CXO J224954.9+113638,2.54324413822e-15,13.994711903532785,342.479124317269,11.6107582417523,,,
NGC7385,342.476721,11.6076647,0.96598415850846,0.5956210040136876,83.0,80.16782,-4.8,,,,,,,,2CXO J224955.0+113640,4.19971965451e-15,15.829405439554499,342.479309041622,11.6112573872104,,,
PGC127685,342.4926945,-64.4297394,0.4666271503984956,0.365569541741709,85.81999969482422,420.72662,0.0,,,,,,,,2CXO J224956.5-642548,2.58976879462e-14,11.044659769292513,342.485681420696,-64.4302394143168,,,
NGC7386,342.508875,11.69875,1.018521038852862,0.650084789016648,144.02000427246094,79.79941,-2.1,,,,,,,,2CXO J225002.3+114116,2.50503478849e-14,39.54869666211035,342.509710085907,11.687794729151,,,
NGC7386,342.508875,11.69875,1.018521038852862,0.650084789016648,144.02000427246094,79.79941,-2.1,,,,,,,,2CXO J225005.1+114154,7.95918580433e-15,43.95764101147617,342.521339086936,11.6983911388872,,,
NGC7418,344.1506235,-37.0300048,1.8321878732391668,1.4189595142207783,137.72000122070312,15.92209,5.8,,,,,4XMM J225634.8-370309,5.11144e-14,82.44772671924373,,,,344.14531495664,-37.052511547499,,,
NGC7418,344.1506235,-37.0300048,1.8321878732391668,1.4189595142207783,137.72000122070312,15.92209,5.8,,,,,4XMM J225637.1-370229,1.03477e-13,43.34376021857131,,,,344.15494139618,-37.04154081107,,,
IC5267,344.306316,-43.3960258,2.7795212863520184,2.0604875954866517,137.4600067138672,20.89296,-1.1,2SXPS J225704.7-432134,2.074e-14,1.4293e-13,162.75431237950906,4XMM J225704.4-432135,2.22033e-14,163.49992242209345,,,,344.26848181326,-43.359880858107,3.4998560079248637,,
IC1459,344.294181,-36.4622102,2.3065878728018943,1.61796828464814,43.41999816894531,28.70782,-4.8,,,,,,,,2CXO J225709.5-362824,1.07767868365e-14,42.29620563166709,344.28967456853,-36.4733862514433,,,
IC5267,344.306316,-43.3960258,2.779521286352016,2.06048759548665,137.4600067138672,20.89296,-1.1,2SXPS J225709.9-432402,2.205e-14,1.3599e-13,42.35305404853408,,,,2CXO J225710.0-432402,2.11433905596e-14,40.89629872607289,344.291998990979,-43.4005904482439,,,1.5442588625091653
NGC7424,344.3264895,-41.0706469,2.505936168136362,1.34576740196346,,9.31,6.0,,,,,,,,2CXO J225724.7-410343,3.23397771283e-13,78.06061542813613,344.352954021874,-41.0621582941183,,,
PGC132593,344.4459855,-36.8538058,0.35724816303775664,0.16291835050100437,116.66999816894531,165.12012,5.0,,,,,4XMM J225746.1-365104,8.3572e-15,14.085069497648158,,,,344.44216247555,-36.851366611986,,,
PGC132593,344.4459855,-36.8538058,0.35724816303775664,0.16291835050100437,116.66999816894531,165.12012,5.0,,,,,4XMM J225747.8-365122,3.7794e-15,13.017078019425803,,,,344.44917518365,-36.85636714153,,,
NGC7456,345.5431815,-39.5694186,2.055748605522612,0.7030237620649571,22.65999984741211,15.70362,6.0,,,,,4XMM J230209.8-393325,3.58414e-13,44.847371139151385,,,,345.541009095378,-39.557074084117,,,
PGC1351875,345.716958,8.6932222,0.48861861047790534,0.3228271145173278,10.5,182.81001,-3.0,,,,,,,,2CXO J230250.9+084122,8.35629100929e-16,21.206808877244907,345.712209385112,8.68966314574815,,,
NGC7479,346.236102,12.3228077,1.823769734628042,1.361350654038954,28.3700008392334,36.81293,4.3,,,,,,,,2CXO J230451.1+121842,2.89147176377e-14,90.32330090989554,346.213005378277,12.3118386168437,,,
NGC7479,346.236102,12.3228077,1.823769734628042,1.361350654038954,28.3700008392334,36.81293,4.3,2SXPS J230451.5+121825,1.623e-13,6.1696e-13,94.16329141219086,4XMM J230451.5+121826,1.56415e-13,93.08044879918816,2CXO J230451.5+121826,8.12672118265e-14,93.45539667736078,346.214841647241,12.307236174051,1.08707262817887,0.45965428235036565,
NGC7479,346.236102,12.3228077,1.823769734628042,1.361350654038954,28.3700008392334,36.81293,4.3,,,,,4XMM J230452.3+121945,7.09792e-14,67.58495260739195,2CXO J230452.2+121944,4.71238653072e-14,68.70626733310202,346.217669123189,12.3291285185611,,1.4126346675534518,
NGC7479,346.236102,12.3228077,1.823769734628042,1.361350654038954,28.3700008392334,36.81293,4.3,2SXPS J230452.6+121954,7.809e-14,3.0072e-13,67.10532643067097,4XMM J230453.0+121957,2.53728e-14,63.48038775252743,2CXO J230453.0+121959,5.0975552352e-14,65.09884808760847,346.2208760832,12.3330904421773,7.144187115120555,1.6617650614307635,
NGC7479,346.236102,12.3228077,1.823769734628042,1.361350654038954,28.3700008392334,36.81293,4.3,,,,,4XMM J230454.4+122009,1.17992e-14,56.976726639286404,2CXO J230454.4+122010,8.34063261335e-15,58.268739183037724,346.226701995387,12.3361361531483,,1.3540907850542538,
NGC7479,346.236102,12.3228077,1.8237697346280393,1.3613506540389562,28.3700008392334,36.81293,4.3,,,,,4XMM J230456.2+122005,6.34226e-15,44.152957062168674,,,,346.23438501803,12.334957164929,,,
NGC7479,346.236102,12.3228077,1.823769734628042,1.361350654038954,28.3700008392334,36.81293,4.3,2SXPS J230457.7+122026,1.035e-13,4.7138e-13,66.14878912066042,4XMM J230457.6+122028,5.67198e-13,67.84156137115711,2CXO J230457.6+122028,4.71685186237e-14,68.3965501394567,346.240282542035,12.3413625880471,1.8207248337898692,0.7641422857880409,
NGC7479,346.236102,12.3228077,1.823769734628042,1.361350654038954,28.3700008392334,36.81293,4.3,,,,,,,,2CXO J230457.8+122021,6.84792256976e-15,61.27707844527641,346.240870152819,12.3391793229283,,,
NGC7479,346.236102,12.3228077,1.823769734628042,1.361350654038954,28.3700008392334,36.81293,4.3,,,,,,,,2CXO J230458.4+121915,1.34044168231e-14,26.79098936254552,346.24351053632,12.3210768931959,,,
NGC7507,348.031554,-28.539653,1.667132063816172,1.5994475548456981,,24.5471,-4.5,,,,,4XMM J231206.5-283207,8.62998e-14,19.76675829546176,2CXO J231206.5-283208,4.612901391e-14,19.262243656894086,348.027414037053,-28.5357285104551,,0.723060011365581,
NGC7507,348.031554,-28.539653,1.667132063816172,1.5994475548456981,,24.5471,-4.5,,,,,,,,2CXO J231206.9-283223,1.43281919651e-14,7.757943044349537,348.029111538639,-28.5398531671009,,,
NGC7541,348.6827625,4.533989,1.5134567140506539,0.5011526190389503,101.5999984741211,31.76872,4.7,2SXPS J231438.7+043205,7.461e-14,1.013e-13,77.19307967278826,,,,2CXO J231438.8+043204,1.01762829423e-14,74.94148281942947,348.661885231785,4.53445202332474,,,2.6320151065083373
NGC7541,348.6827625,4.533989,1.5134567140506539,0.5011526190389503,101.5999984741211,31.76872,4.7,,,,,,,,2CXO J231439.1+043204,9.405678729e-15,70.24785258365219,348.663194622549,4.53449867147761,,,
NGC7541,348.6827625,4.533989,1.5134567140506539,0.5011526190389503,101.5999984741211,31.76872,4.7,,,,,,,,2CXO J231442.2+043139,3.67800452717e-14,33.37238998161357,348.675873653326,4.52776205480654,,,
NGC7541,348.6827625,4.533989,1.5134567140506539,0.5011526190389503,101.5999984741211,31.76872,4.7,,,,,,,,2CXO J231442.3+043230,2.11677574589e-14,36.11174731802686,348.676612089923,4.54192820868952,,,
ESO148-002,348.944889,-59.0543534,0.4687810034629404,0.3380414876959908,171.91000366210938,193.10788,9.5,,,,,,,,2CXO J231546.1-590306,2.50589437085e-15,9.866332316748231,348.942452368069,-59.0519159649353,,,
NGC7552,349.045038,-42.5842393,1.922958910226766,1.774066946167878,,21.27159,2.4,,,,,,,,2CXO J231613.6-423502,7.00587661137e-14,31.04811075856195,349.056742471316,-42.5839007947015,,,
NGC7552,349.045038,-42.5842393,1.922958910226768,1.7740669461678773,,21.27159,2.4,2SXPS J231616.0-423513,6.495e-14,1.7726e-13,58.87905933732159,4XMM J231616.2-423517,8.48488e-14,61.299584023934976,,,,349.067520118888,-42.5882330644506,4.799967522432746,,
PGC3083305,349.1971485,-44.4119286,0.2360315206317953,0.2142742601987198,,187.32684,,,,,,4XMM J231648.5-442446,7.99942e-15,13.138291307163867,,,,349.20209776495,-44.412834260632,,,
NGC7582,349.5962445,-42.3696669,3.4751215879439847,1.595768927550381,155.8000030517578,22.49055,2.1,,,,,4XMM J231821.1-422113,4.72956e-14,61.39912377406944,,,,349.588048172528,-42.3537231012757,,,
NGC7582,349.5962445,-42.3696669,3.4751215879439847,1.595768927550381,155.8000030517578,22.49055,2.1,,,,,4XMM J231821.8-422134,1.795e-13,38.62909353175757,,,,349.590840393078,-42.3597071874063,,,
NGC7582,349.5962445,-42.3696669,3.4751215879439847,1.595768927550381,155.8000030517578,22.49055,2.1,,,,,4XMM J231822.2-422130,2.56633e-14,41.70724036274845,,,,349.59266876775,-42.358386834581,,,
NGC7582,349.5962445,-42.3696669,3.475121587943982,1.595768927550378,155.8000030517578,22.49055,2.1,,,,,4XMM J231823.9-422354,1.81229e-14,104.367300833428,2CXO J231823.9-422355,2.29990580749e-14,104.69138243439507,349.599757198598,-42.398631860924,,0.4049134819920954,
NGC7582,349.5962445,-42.3696669,3.4751215879439847,1.595768927550381,155.8000030517578,22.49055,2.1,,,,,4XMM J231825.6-422153,1.74606e-14,33.2557333560022,,,,349.6069478843,-42.364892252768,,,
NGC7590,349.7281815,-42.2391053,1.50997586020101,0.622257305885694,34.16999816894531,31.04558,4.5,,,,,,,,2CXO J231853.6-421417,1.83014833611e-14,13.196356783776851,349.723426710344,-42.2380830033521,,,
NGC7590,349.7281815,-42.2391053,1.50997586020101,0.622257305885694,34.16999816894531,31.04558,4.5,,,,,4XMM J231856.1-421401,3.1053e-13,24.662721825028356,2CXO J231855.9-421400,2.39863022653e-14,24.444712064528588,349.733018789407,-42.2333364062261,,2.7333939583722677,
NGC7590,349.7281815,-42.2391053,1.50997586020101,0.622257305885694,34.16999816894531,31.04558,4.5,,,,,4XMM J231856.1-421401,3.1053e-13,24.662721825028356,2CXO J231856.3-421401,1.11358744097e-14,26.259637445889247,349.734799106714,-42.2337014056592,,2.3899208347522967,
NGC7599,349.837695,-42.2565407,2.4041967422486423,0.7869914322331096,55.88999938964844,16.82673,5.3,,,,,4XMM J231916.9-421539,3.10903e-14,48.58371367565596,,,,349.82044413078,-42.260912800168,,,
NGC7599,349.837695,-42.2565407,2.40419674224864,0.7869914322331081,55.88999938964844,16.82673,5.3,,,,,,,,2CXO J231924.2-421432,3.82586234201e-14,62.28403257364699,349.85122239182,-42.2424317475313,,,
NGC7599,349.837695,-42.2565407,2.40419674224864,0.7869914322331081,55.88999938964844,16.82673,5.3,,,,,4XMM J231924.8-421432,2.98672e-13,65.98413777001817,2CXO J231925.1-421432,1.00995457375e-13,68.53810826285184,349.854711267326,-42.2422647281033,,3.1517633943099166,
NGC7599,349.837695,-42.2565407,2.4041967422486423,0.7869914322331096,55.88999938964844,16.82673,5.3,,,,,4XMM J231925.6-421501,1.17883e-13,55.22308884954201,,,,349.85673219433,-42.250478143556,,,
NGC7619,350.0605005,8.2062778,1.264648998223074,0.983943144853422,30.0,54.95411,-4.8,,,,,,,,2CXO J232010.4+081156,2.94560291647e-15,65.82817077906904,350.043592374829,8.19890908296848,,,
NGC7619,350.0605005,8.2062778,1.264648998223074,0.983943144853422,30.0,54.95411,-4.8,,,,,4XMM J232011.9+081123,1.12054e-14,70.14768192031366,2CXO J232011.9+081124,1.49293996631e-14,69.44378552150931,350.049622434292,8.1902723097298,,1.1897149855566156,
NGC7619,350.0605005,8.2062778,1.264648998223074,0.983943144853422,30.0,54.95411,-4.8,,,,,,,,2CXO J232013.6+081250,3.80297466754e-15,31.304082077631428,350.056720810984,8.21412753718402,,,
NGC7619,350.0605005,8.2062778,1.264648998223074,0.983943144853422,30.0,54.95411,-4.8,,,,,,,,2CXO J232014.2+081156,3.64054329962e-15,26.535797208012376,350.059504804572,8.19897292352824,,,
NGC7619,350.0605005,8.2062778,1.264648998223074,0.983943144853422,30.0,54.95411,-4.8,,,,,,,,2CXO J232015.6+081203,5.54637971195e-15,25.19042013133547,350.065266697059,8.20110975820325,,,
NGC7619,350.0605005,8.2062778,1.264648998223074,0.983943144853422,30.0,54.95411,-4.8,,,,,,,,2CXO J232017.8+081308,9.8067693395347e-15,67.12855303640895,350.074362957262,8.21890544385881,,,
NGC7626,350.1772215,8.2169963,1.2501726808482179,1.049469941811762,20.520000457763672,46.55861,-4.8,,,,,,,,2CXO J232041.3+081258,8.33970368161e-15,17.714688425400887,350.172309769571,8.21623379921696,,,
ESO347-008,350.2046595,-41.7309355,0.6309137672953353,0.32958694762216073,,21.27159,9.0,,,,,4XMM J232047.6-414402,5.84281e-14,20.065088347977962,,,,350.19838095639,-41.733954128467,,,
PGC071158,350.2656015,-69.2170107,0.2482961607251682,0.1559444792046966,62.79999923706055,179.0606,10.0,,,,,,,,2CXO J232104.3-691310,3.4341407041e-15,9.409846607645916,350.267947957141,-69.2194884130469,,,
NGC7640,350.527416,40.8454167,4.045479495891911,0.8374714380132183,167.33,8.8308,5.3,2SXPS J232210.3+404917,4.146e-13,4.5435e-13,96.21374859917997,,,,,,,350.54326,40.82153,,,
ESO291-022,350.54835,-42.5955519,0.41684059230981724,0.25761432229087833,105.6500015258789,151.35623,2.1,,,,,4XMM J232213.1-423552,5.11711e-15,18.939919989552013,,,,350.55477092307,-42.597862229615,,,
NGC7648,350.9751255,9.6674444,0.7815738213204779,0.49200555288056697,83.75,52.23962,-1.9,,,,,,,,2CXO J232353.2+093959,1.46561525988e-14,11.672348559861407,350.971960028822,9.66656407517686,,,
PGC071454,351.6949905,26.602864,0.3507276492099858,0.2798788007475552,151.08999633789062,140.60486,5.0,,,,,,,,2CXO J232646.5+263620,3.99504395284e-15,10.286766529069316,351.694090239183,26.6056057154538,,,
PGC071454,351.6949905,26.602864,0.3507276492099858,0.2798788007475552,151.08999633789062,140.60486,5.0,,,,,,,,2CXO J232647.0+263602,4.79738309424e-15,8.617742249273723,351.6961220535,26.6006945098515,,,
NGC7673,351.9212475,23.5889331,0.5175710833396716,0.2157595384138824,122.62999725341797,51.0505,4.9,,,,,,,,2CXO J232741.8+233507,6.92296305078e-15,16.068794214722946,351.924370363832,23.5855078221273,,,
NGC7673,351.9212475,23.5889331,0.5175710833396716,0.2157595384138824,122.62999725341797,51.0505,4.9,,,,,,,,2CXO J232741.9+233513,2.0313257232e-14,13.589766241052574,351.924760943044,23.5869626986766,,,
NGC7673,351.9212475,23.5889331,0.5175710833396716,0.2157595384138824,122.62999725341797,51.0505,4.9,,,,,,,,2CXO J232742.0+233522,6.79097287326e-15,13.100682697668626,351.925167583943,23.5895133896407,,,
NGC7678,352.1161065,22.4212641,1.011509589339136,0.7533035330933712,16.079999923706055,44.46316,4.9,,,,,4XMM J232828.7+222606,2.24969e-14,50.98289068875124,,,,352.11971546952,22.43502749462,,,
NGC7689,353.3196915,-54.0944859,1.5415939751246777,0.9839431448534228,141.92999267578125,23.65921,5.9,,,,,4XMM J233317.1-540500,1.5971e-13,39.87872736098501,,,,353.321562094241,-54.0834629432085,,,
NGC7689,353.3196915,-54.0944859,1.5415939751246777,0.9839431448534228,141.92999267578125,23.65921,5.9,,,,,4XMM J233318.2-540623,8.64166e-14,45.72267154230815,,,,353.326060077099,-54.1066252491311,,,
NGC7714,354.0588285,2.1550235,1.0888548861765794,0.7924465962305567,8.40999984741211,40.47622,3.1,,,,,4XMM J233615.6+020923,2.30837e-13,23.647651969282677,,,,354.065223185934,2.1565449748338,,,
NGC7715,354.091722,2.1567864,1.0279452979920707,0.19722865103763915,78.87999725341797,40.47622,9.6,,,,,4XMM J233623.3+020927,9.91857e-15,19.66486003340396,,,,354.097124010491,2.15762193039374,,,
IC5337,354.10425,21.1506432,0.47859703564742223,0.15558581685530098,1.75,245.132,3.9,,,,,,,,2CXO J233624.5+210847,8.06784829532e-15,15.868673424602964,354.102468004315,21.1465605543976,,,
UGC12709,354.350103,0.3914687,1.3739470765512,0.86490817960755,149.30999755859375,24.88857,8.5,,,,,,,,2CXO J233726.0+002255,3.31969991932e-14,46.051153947016836,354.358681398736,0.381979265640384,,,
ESO240-010,354.435048,-47.5063808,1.6864365432943444,0.8850544791587105,130.66000366210938,43.41102,-1.6,,,,,4XMM J233740.0-472913,4.83003e-15,82.44707898339443,,,,354.41700488352,-47.486992885102,,,
ESO240-011,354.4560705,-47.7274261,2.7859287446596497,0.2354886631984765,127.66000366210938,45.91983,5.0,2SXPS J233740.6-474231,1.987e-13,1.9869e-13,111.67276590515038,4XMM J233741.4-474231,4.71196e-14,105.17200920181077,,,,354.4227986269,-47.708653461929,8.733403206241121,,
ESO240-010,354.435048,-47.5063808,1.6864365432943444,0.8850544791587105,130.66000366210938,43.41102,-1.6,2SXPS J233741.3-473057,4.416e-14,4.2523e-14,46.55147432462723,4XMM J233741.5-473100,3.21975e-14,47.66827857976713,,,,354.42296553617,-47.516808038018,3.1793569467545377,,
ESO240-010,354.435048,-47.5063808,1.6864365432943444,0.8850544791587105,130.66000366210938,43.41102,-1.6,,,,,4XMM J233751.6-473037,9.42374e-15,74.66845246661967,,,,354.46512620534,-47.510553054273,,,
NGC7727,354.9742875,-12.2927807,1.8112149920834928,1.377114351669083,90.48999786376953,21.08629,1.1,,,,,4XMM J233954.3-121700,2.32759e-14,34.74230037054842,,,,354.9766489307,-12.283409944334,,,
NGC7743,356.088042,9.9340278,1.3060806771996059,1.0913649559215,86.23999786376953,20.32358,-0.9,,,,,4XMM J234420.0+095548,6.11771e-14,20.926718909690695,2CXO J234420.0+095548,3.90000214501e-14,20.900181140424802,356.083679394619,9.9301240919041,,0.06934530746799265,
NGC7744,356.2467705,-42.910327,1.2415665526477853,1.0543140749666449,108.55000305175781,42.2474,-2.5,,,,,4XMM J234456.4-425457,3.04373e-14,36.03636711566509,,,,356.23538440768,-42.9158643939597,,,
NGC7744,356.2467705,-42.910327,1.2415665526477853,1.0543140749666449,108.55000305175781,42.2474,-2.5,,,,,4XMM J234456.8-425454,7.78375e-14,31.508822829374104,,,,356.236912984291,-42.9152750742246,,,
NGC7753,356.770119,29.4834161,1.004546406304362,0.27037716147279056,61.130001068115234,76.59493,3.8,,,,,,,,2CXO J234702.0+292848,5.58023415085e-15,38.13717206886591,356.758519758142,29.4802113266075,,,
NGC7753,356.770119,29.4834161,1.004546406304362,0.27037716147279056,61.130001068115234,76.59493,3.8,,,,,,,,2CXO J234705.7+292916,4.68882372006e-15,20.22943411997826,356.773823981761,29.488017738421,,,
IC5357,356.84568,-2.3006949,0.792446596230558,0.4304968760923002,154.0,100.73955,-3.2,,,,,,,,2CXO J234723.7-021747,2.74023670194e-15,19.42783049627044,356.849056919792,-2.29648321870919,,,
IC5359,356.9077455,-2.3168373,0.616552416614454,0.1361350654038954,138.52000427246094,100.73955,5.1,,,,,,,,2CXO J234737.3-021851,4.40516075811e-15,11.735022426932701,356.905690177409,-2.31430582323987,,,
UGC12812,357.8277555,20.5778346,0.4709447982614207,0.13303625298994046,155.60000610351562,78.99507,5.5,,,,,4XMM J235118.2+203455,1.31056e-14,16.7402642469647,,,,357.82584493854,20.582126915334,,,
NGC7771,357.8538765,20.1119531,1.253054626516056,0.622257305885694,68.0,63.4746,1.1,,,,,4XMM J235122.5+200638,2.7291e-14,33.741740226097036,2CXO J235122.4+200639,1.24494420278e-14,34.4697577373385,357.843742300978,20.1108948581447,,1.0999346086302246,
NGC7770,357.844167,20.0968056,0.48637361188848244,0.424590237518157,105.0,63.4746,-0.2,,,,,,,,2CXO J235123.0+200558,1.71106642882e-14,12.194148546947334,357.846202596863,20.0996018813378,,,
NGC7771,357.8538765,20.1119531,1.253054626516056,0.622257305885694,68.0,63.4746,1.1,,,,,,,,2CXO J235123.6+200637,4.42260098172e-15,18.560675305973028,357.848595014844,20.110544027859,,,
NGC7771,357.8538765,20.1119531,1.253054626516056,0.622257305885694,68.0,63.4746,1.1,,,,,4XMM J235127.4+200651,2.12935e-14,36.18297671173778,2CXO J235127.5+200651,1.55536459811e-14,37.570903486527484,357.86467629817,20.1144176980045,,1.40527982051363,
ESO349-009,359.252952,-34.6805324,0.5635987280877552,0.3605537395914498,30.139999389648438,182.81001,3.1,,,,,4XMM J235700.5-344118,3.76594e-14,28.6668113787638,2CXO J235700.6-344117,1.06279899063e-14,27.772051220180245,359.252733696881,-34.6882447698433,,1.7677761722788288,
NGC7793,359.457591,-32.5910738,5.175710833396721,3.0127979303717902,94.41000366210938,3.59749,7.4,2SXPS J235747.8-323458,4.19e-14,1.4241e-12,38.72304627857359,4XMM J235747.9-323457,1.95668e-12,39.053710355603805,,,,359.44958837373,-32.582575627892,1.7978030924066344,,
NGC7793,359.457591,-32.5910738,5.175710833396722,3.012797930371788,94.41000366210938,3.59749,7.4,2SXPS J235751.0-323726,3.871e-12,9.3657e-12,119.66305642017542,4XMM J235751.0-323726,6.52954e-12,119.5267832768826,2CXO J235751.0-323726,1.04634714669e-12,120.05699947759011,359.462573618803,-32.6241577824994,0.1392694941415815,0.5326636659657067,
NGC7793,359.457591,-32.5910738,5.175710833396721,3.0127979303717902,94.41000366210938,3.59749,7.4,2SXPS J235808.7-323403,6.893e-13,2.8411e-12,254.31460440773245,4XMM J235808.8-323403,1.98064e-12,254.6113249518682,,,,359.536758427298,-32.5675827208591,0.51484337031497,,
NGC7796,359.7491625,-55.4583701,1.361350654038954,1.18568685283083,176.35000610351562,48.75282,-4.0,,,,,,,,2CXO J235855.3-552802,4.27751879175e-15,50.08414747391984,359.730498207904,-55.4674023882861,,,
NGC7796,359.7491625,-55.4583701,1.361350654038954,1.18568685283083,176.35000610351562,48.75282,-4.0,,,,,,,,2CXO J235856.7-552620,1.1827393987e-14,74.55674208287962,359.736544074716,-55.438935657407,,,
